idx,candidate,full_name,year,url_name,votes,winner,%_votes_state,1,2,3,4,5,6,7,8,9,10,11,12,13,14,15,16,17,18,19,20,incumbent,social,economic,party,party_full,x_pca,y_pca,8_clusters,state,state_full,pred,error,winner_pred,is_correct,battleground,relative_marginalchange_impact,relative_impact_voters,relative_impact_donation
1,Alex Merced,Alex_Merced,2016,http://www.ontheissues.org/Senate/Alex_Merced.htm,43856,0,0.006,-5,5,-5,-5,5,2.5,5,5,-5,5,5,-5,5,-2.5,-2.5,-5,-5,5,-5,5,0,-37.5,40,L,Libertarian,-1.517772093,13.91093163,6,NY,New York,0.0319,0.0259,0,1,0,,0.326157009,
5,Allen Buckley,Allen_Buckley,2016,http://www.ontheissues.org/Senate/Allen_Buckley.htm,159914,0,0.042,-2.5,5,-2.5,0,5,0,-2.5,0,5,5,2.5,5,-2.5,2.5,-5,0,2.5,-5,-5,5,0,-2.5,15,L,Libertarian,-1.848414167,5.018792628,6,GA,Georgia,0.0332,-0.0088,0,1,0,,0.637326179,
12,Ann Kirkpatrick,Ann_Kirkpatrick,2016,http://www.ontheissues.org/Senate/Ann_Kirkpatrick.htm,839542,0,0.411,-5,-5,-5,2.5,-2.5,-5,-2.5,-2.5,2.5,5,-5,5,2.5,-5,5,-5,-2.5,2.5,-5,-5,0,-10,-20,D,Democrat,8.576816517,1.558586696,1,AZ,Arizona,0.4745,0.0635,0,1,0,1.137987858,0.936330456,1.215369905
30,Brian Schatz,Brian_Schatz,2016,http://www.ontheissues.org/Senate/Brian_Schatz.htm,306543,1,0.739,-5,-5,-5,0,0,-5,-2.5,-5,2.5,-5,5,-2.5,2.5,5,-2.5,-5,-2.5,-5,2.5,-2.5,1,-22.5,-12.5,D,Democrat,10.23778009,-4.623652607,1,HI,Hawaii,0.5978,-0.1412,1,1,1,1.429954492,4.35890645,0.328053494
35,Catherine Cortez Masto,Catherine_Cortez_Masto,2016,http://www.ontheissues.org/Senate/Catherine_Cortez_Masto.htm,520658,1,0.471,-5,-5,2.5,0,-5,-5,-5,-5,2.5,-2.5,-2.5,-5,-5,-2.5,0,-5,2.5,-5,-2.5,-2.5,0,-15,-40,D,Democrat,13.84719116,-1.132624886,7,NV,Nevada,0.4827,0.0117,1,1,1,1.436773473,2.25695648,0.636597775
36,Charles Boustany,Charles_Boustany,2016,http://www.ontheissues.org/Senate/Charles_Boustany.htm,297744,0,0.154,5,2.5,5,2.5,5,5,5,5,-2.5,5,5,5,2.5,5,2.5,-2.5,5,5,5,2.5,0,30,42.5,R,Republican,-16.19797575,1.32182976,3,LA,Louisiana,0.2725,0.1185,0,1,1,,1.311134486,
39,Charles Schumer,Charles_Schumer,2016,http://www.ontheissues.org/Senate/Charles_Schumer.htm,4788374,1,0.704,-5,-5,-5,-2.5,-5,-5,-5,-2.5,2.5,-5,-5,-5,-2.5,-5,2.5,-5,2.5,-5,2.5,-5,1,-15,-47.5,D,Democrat,17.31199846,-4.553611089,7,NY,New York,0.7178,0.0138,1,1,0,0.141839911,0.326157009,0.434882301
45,Chris Van Hollen,Chris_Van_Hollen,2016,http://www.ontheissues.org/Senate/Chris_Van_Hollen.htm,1488845,1,0.604,-5,-5,-5,-5,-5,-5,-5,-5,-2.5,-5,-2.5,-5,2.5,-5,0,-5,2.5,-5,-5,-5,0,-35,-40,D,Democrat,18.71314168,1.89611485,2,MD,Maryland,0.5602,-0.0438,1,1,0,1.177613883,1.061390742,1.109500806
46,Chris Vance,Chris_Vance,2016,http://www.ontheissues.org/Senate/Chris_Vance.htm,1220755,0,0.409,0,0,-2.5,0,2.5,-2.5,5,-2.5,0,0,0,-5,5,5,5,0,2.5,2.5,0,2.5,0,-2.5,20,R,Republican,-2.160809654,-0.676106384,4,WA,Washington,0.4764,0.0674,0,1,1,1.331469883,0.865495925,1.538389545
48,Charles Grassley,Chuck_Grassley,2016,http://www.ontheissues.org/Senate/Chuck_Grassley.htm,923280,1,0.602,5,5,5,5,2.5,2.5,5,-2.5,2.5,5,5,5,5,5,2.5,2.5,5,2.5,5,2.5,1,35,40,R,Republican,-15.11558511,-3.681599688,0,IA,Iowa,0.6593,0.0573,1,1,0,0.955136041,1.935574368,0.493463882
51,Conner Eldridge,Conner_Eldridge,2016,http://www.ontheissues.org/Senate/Conner_Eldridge.htm,397970,0,0.362,-2.5,-5,-2.5,0,-2.5,-5,-2.5,2.5,2.5,5,2.5,-2.5,-5,5,5,-2.5,2.5,0,2.5,2.5,0,5,-5,D,Democrat,1.552333098,-3.594904899,4,AR,Arkansas,0.3746,0.0126,0,1,0,0.897950971,2.068954285,0.434011992
57,Dan Carter,Dan_Carter,2016,http://www.ontheissues.org/Senate/Dan_Carter.htm,546489,0,0.349,0,0,0,0,5,0,0,0,0,5,5,5,-5,5,5,-2.5,5,0,5,5,0,17.5,20,R,Republican,-7.622707189,-2.192249551,5,CT,Connecticut,0.3477,-0.0013,0,1,0,0.726833945,1.730543147,0.420003365
62,Darryl Glenn,Darryl_Glenn,2016,http://www.ontheissues.org/Senate/Darryl_Glenn.htm,1149326,0,0.453,5,0,5,5,2.5,2.5,5,-2.5,5,5,5,5,0,5,5,-2.5,5,5,-2.5,5,0,27.5,35,R,Republican,-13.9888458,0.635753982,0,CO,Colorado,0.5308,0.0778,1,0,1,1.468055567,1.117637295,1.313534877
70,Deborah Ross,Deborah_Ross,2016,http://www.ontheissues.org/Senate/Deborah_Ross.htm,2102666,0,0.453,-5,-5,-5,0,-2.5,-5,-2.5,5,-5,-5,-5,-5,-5,-5,2.5,-5,2.5,-2.5,-2.5,-5,0,-17.5,-42.5,D,Democrat,14.8085617,4.580928386,2,NC,North Carolina,0.4469,-0.0061,0,1,0,1.089718728,0.605713819,1.799065325
77,Eliot Glassheim,Eliot_Glassheim,2016,http://www.ontheissues.org/Senate/Eliot_Glassheim.htm,57976,0,0.17,-2.5,0,-5,0,-2.5,-5,0,0,2.5,2.5,0,-5,0,0,0,-5,5,-5,0,-5,0,-10,-15,D,Democrat,7.895874563,-2.685174255,1,ND,North Dakota,0.316,0.146,0,1,0,0.279543098,7.845377424,0.035631568
82,Evan Bayh,Evan_Bayh,2016,http://www.ontheissues.org/Senate/Evan_Bayh.htm,1157799,0,0.424,-2.5,-5,-5,2.5,-5,0,-5,-5,-2.5,-2.5,-5,-2.5,2.5,-2.5,2.5,-5,2.5,-2.5,-2.5,-5,0,-17.5,-30,D,Democrat,12.67121211,-0.895898166,1,IN,Indiana,0.5107,0.0867,1,0,0,1.279748501,0.91349573,1.400935394
83,Foster Campbell,Foster_Campbell,2016,http://www.ontheissues.org/Senate/Foster_Campbell.htm,337682,0,0.175,0,-5,0,0,-2.5,0,-5,0,2.5,0,5,0,0,0,0,-5,0,0,0,0,0,-2.5,-7.5,D,Democrat,3.236909792,0.24171743,4,LA,Louisiana,0.3568,0.1818,0,1,1,1.353787249,1.311134486,1.032531189
84,Frank Gilbert,Frank_Gilbert,2016,http://www.ontheissues.org/Senate/Frank_Gilbert.htm,43720,0,0.04,2.5,5,-5,2.5,5,2.5,5,-2.5,-2.5,5,5,-2.5,2.5,5,-2.5,-2.5,-5,2.5,-2.5,2.5,0,-20,40,L,Libertarian,-5.181365533,7.20765481,6,AR,Arkansas,0.02,-0.02,0,1,0,,2.068954285,
99,James Lankford,James_Lankford,2016,http://www.ontheissues.org/Senate/James_Lankford.htm,979728,1,0.677,5,5,5,5,5,5,5,5,-5,5,5,5,2.5,5,5,-2.5,5,5,0,2.5,1,27.5,45,R,Republican,-16.88693848,5.413611458,3,OK,Oklahoma,0.6617,-0.0153,1,1,0,0.502390018,1.598027899,0.314381256
100,Jason Kander,Jason_Kander,2016,http://www.ontheissues.org/Senate/Jason_Kander.htm,1283222,0,0.462,-5,-2.5,-5,0,-5,-2.5,5,-5,-2.5,-5,2.5,-2.5,-2.5,-2.5,2.5,-2.5,-2.5,-5,2.5,-2.5,0,-20,-20,D,Democrat,10.91037378,-1.228250512,1,MO,Missouri,0.4214,-0.0406,0,1,0,1.030384326,0.982505798,1.048731038
102,Jay Williams,Jay_Williams,2016,http://www.ontheissues.org/Senate/Jay_Williams.htm,104125,0,0.282,-5,-5,0,0,-5,2.5,-5,0,-5,-2.5,-5,-5,0,-5,0,-2.5,-2.5,-5,-2.5,0,0,-22.5,-30,D,Democrat,12.93571559,4.863289252,2,SD,South Dakota,0.4095,0.1275,0,1,0,0.598483769,7.003093973,0.085459908
108,Jerry Moran,Jerry_Moran,2016,http://www.ontheissues.org/Senate/Jerry_Moran.htm,716661,1,0.624,5,-2.5,5,5,2.5,5,2.5,2.5,2.5,5,5,2.5,5,5,2.5,-2.5,5,5,5,2.5,1,32.5,35,R,Republican,-14.09102104,-3.231538431,0,KS,Kansas,0.5739,-0.0501,1,1,0,0.94269233,2.160536835,0.436323193
109,Jerry Sturgill,Jerry_Sturgill,2016,http://www.ontheissues.org/Senate/Jerry_Sturgill.htm,188104,0,0.278,0,0,0,0,0,0,0,-5,0,2.5,0,0,2.5,0,0,-2.5,0,-2.5,0,2.5,0,-7.5,5,D,Democrat,1.693296617,0.641919889,4,ID,Idaho,0.3472,0.0692,0,1,0,0.635297476,3.7978765,0.167277023
110,Jim Barksdale,Jim_Barksdale,2016,http://www.ontheissues.org/Senate/Jim_Barksdale.htm,1565006,0,0.408,-2.5,-5,0,-2.5,-5,-5,-5,0,0,5,0,-5,-5,-5,5,-5,-5,-5,0,0,0,-15,-30,D,Democrat,10.96563457,1.714864354,1,GA,Georgia,0.3832,-0.0248,0,1,0,0.901826353,0.637326179,1.415015392
112,Jim Gray,Jim_Gray,2016,http://www.ontheissues.org/Senate/Jim_Gray.htm,813222,0,0.427,0,-5,-5,0,-2.5,-5,-2.5,2.5,0,-2.5,0,0,2.5,-2.5,2.5,-5,5,5,-5,-2.5,0,-5,-15,D,Democrat,5.76317265,3.355068314,4,KY,Kentucky,0.4037,-0.0233,0,1,0,1.023649346,1.352869577,0.756650429
117,Joe Heck,Joe_Heck,2016,http://www.ontheissues.org/Senate/Joe_Heck.htm,494427,0,0.447,5,-2.5,2.5,0,5,5,5,2.5,2.5,5,5,2.5,-2.5,2.5,2.5,-5,2.5,5,-2.5,2.5,0,12.5,30,R,Republican,-10.55006759,5.331756742,6,NV,Nevada,0.4331,-0.0139,0,1,1,1.436773473,2.25695648,0.636597775
121,Joe Miller,Joe_Miller,2016,http://www.ontheissues.org/Senate/Joe_Miller.htm,74245,0,0.295,5,5,5,5,5,5,5,5,2.5,5,5,5,2.5,0,2.5,2.5,5,5,2.5,5,0,40,42.5,L,Libertarian,-17.50914733,2.830141464,3,AK,Alaska,0.042,-0.253,0,1,0,,8.527248203,
125,John Boozman,John_Boozman,2016,http://www.ontheissues.org/Senate/John_Boozman.htm,657856,1,0.598,5,2.5,5,5,5,5,5,2.5,5,5,5,5,5,5,2.5,-2.5,5,5,5,2.5,1,37.5,45,R,Republican,-17.19934879,-2.732002303,0,AR,Arkansas,0.5825,-0.0155,1,1,0,0.897950971,2.068954285,0.434011992
127,John Carroll,John_Carroll,2016,http://www.ontheissues.org/Senate/John_Carroll.htm,92620,0,0.223,5,0,-2.5,0,2.5,5,-2.5,-5,-5,0,5,2.5,5,-2.5,5,5,2.5,5,0,-2.5,0,7.5,15,R,Republican,-3.93076981,3.215340795,5,HI,Hawaii,0.5442,0.3212,0,1,1,1.429954492,4.35890645,0.328053494
129,John Fleming,John_Fleming,2016,http://www.ontheissues.org/Senate/John_Fleming.htm,203959,0,0.106,5,2.5,5,5,2.5,5,2.5,2.5,0,5,5,5,0,5,5,-2.5,2.5,5,0,0,0,27.5,32.5,R,Republican,-13.67260559,2.754917064,3,LA,Louisiana,0.3039,0.1979,0,1,1,,1.311134486,
131,John Hoeven,John_Hoeven,2016,http://www.ontheissues.org/Senate/John_Hoeven.htm,267964,1,0.786,5,-2.5,5,5,5,2.5,-2.5,2.5,2.5,5,2.5,2.5,2.5,5,0,-2.5,2.5,2.5,2.5,-2.5,1,25,17.5,R,Republican,-8.786330692,-0.911662283,5,ND,North Dakota,0.696,-0.09,1,1,0,0.279543098,7.845377424,0.035631568
134,John McCain,John_McCain,2016,http://www.ontheissues.org/Senate/John_McCain.htm,1089324,1,0.534,2.5,-2.5,-2.5,2.5,2.5,5,5,-2.5,2.5,5,2.5,-2.5,5,2.5,2.5,-5,5,-2.5,5,2.5,1,7.5,25,R,Republican,-5.431740481,-5.441319369,5,AZ,Arizona,0.6251,0.0911,1,1,0,1.137987858,0.936330456,1.215369905
135,John Kennedy,John_Neely_Kennedy,2016,http://www.ontheissues.org/Senate/John_Neely_Kennedy.htm,482380,1,0.25,2.5,-5,5,0,-5,-2.5,-2.5,-5,5,5,-2.5,5,-5,5,5,-2.5,-2.5,2.5,0,2.5,0,12.5,-7.5,R,Republican,-0.58157638,-2.41683147,4,LA,Louisiana,0.307,0.057,0,0,1,,1.311134486,
137,John Thune,John_Thune,2016,http://www.ontheissues.org/Senate/John_Thune.htm,265494,1,0.718,5,5,5,5,2.5,2.5,2.5,2.5,2.5,5,5,5,5,5,2.5,-2.5,5,5,5,5,1,35,42.5,R,Republican,-16.21953892,-1.913133215,0,SD,South Dakota,0.6895,-0.0285,1,1,0,0.598483769,7.003093973,0.085459908
139,Johnny Isakson,Johnny_Isakson,2016,http://www.ontheissues.org/Senate/Johnny_Isakson.htm,2110737,1,0.55,5,0,5,5,2.5,5,5,2.5,5,5,5,5,5,5,2.5,0,5,5,2.5,2.5,1,37.5,40,R,Republican,-16.10081866,-1.880511147,0,GA,Georgia,0.5902,0.0402,1,1,0,0.901826353,0.637326179,1.415015392
142,Joseph Cao,Joseph_Cao,2016,http://www.ontheissues.org/Senate/Joseph_Cao.htm,21011,0,0.011,2.5,0,-2.5,0,-2.5,0,-2.5,-2.5,2.5,-2.5,0,-5,0,0,0,-2.5,2.5,0,0,-5,0,-5,-12.5,R,Republican,5.669637722,-0.702499854,4,LA,Louisiana,0.4441,0.4331,1,0,1,1.353787249,1.311134486,1.032531189
144,Kamala Harris,Kamala_Harris,2016,http://www.ontheissues.org/Senate/Kamala_Harris.htm,6495907,1,0.624,-5,-2.5,-5,0,-2.5,0,0,-2.5,2.5,-5,0,-5,0,-5,0,0,-2.5,-5,-2.5,-5,0,-20,-25,D,Democrat,12.63923534,1.827391569,7,CA,California,0.5712,-0.0528,1,1,1,1.447213874,0.177191876,8.167495648
145,Kathy Szeliga,Kathy_Szeliga,2016,http://www.ontheissues.org/Senate/Kathy_Szeliga.htm,898902,0,0.364,5,-5,5,0,5,2.5,2.5,5,5,5,5,5,5,5,2.5,-5,0,2.5,5,-2.5,0,27.5,25,R,Republican,-10.72788148,-2.519835542,5,MD,Maryland,0.4198,0.0558,0,1,0,1.177613883,1.061390742,1.109500806
146,Katie McGinty,Katie_McGinty,2016,http://www.ontheissues.org/Senate/Katie_McGinty.htm,2793668,0,0.472,-5,-5,-5,0,-5,-5,-5,-5,-2.5,2.5,-5,-2.5,-2.5,-2.5,5,-5,-5,-2.5,-2.5,-2.5,0,-27.5,-32.5,D,Democrat,14.67712259,1.244730864,7,PA,Pennsylvania,0.4747,0.0027,0,1,0,1.243985431,0.456920647,2.722541517
149,Kelly Ayotte,Kelly_Ayotte,2016,http://www.ontheissues.org/Senate/Kelly_Ayotte.htm,353525,0,0.479,5,-5,5,0,5,5,5,2.5,5,5,5,5,0,5,5,-5,5,5,5,5,1,32.5,35,R,Republican,-14.70478988,-2.839422479,0,NH,New Hampshire,0.7106,0.2316,1,0,0,0.588855114,4.25378845,0.138430747
166,Lisa Murkowski,Lisa_Murkowski,2016,http://www.ontheissues.org/Senate/Lisa_Murkowski.htm,111382,1,0.443,2.5,-2.5,5,5,-2.5,2.5,2.5,-2.5,2.5,5,5,2.5,5,5,5,-2.5,5,5,5,2.5,1,27.5,27.5,R,Republican,-10.82041605,-6.3511463,5,AK,Alaska,0.7038,0.2608,1,1,0,0.541813054,8.527248203,0.063539027
167,Loretta Sanchez,Loretta_Sanchez,2016,http://www.ontheissues.org/Senate/Loretta_Sanchez.htm,3918486,0,0.376,-5,-5,-5,-2.5,-5,-2.5,-5,-5,-2.5,-2.5,-2.5,-5,-2.5,-5,2.5,-2.5,-2.5,-5,-5,-2.5,0,-32.5,-37.5,D,Democrat,17.03176002,3.737171516,2,CA,California,0.5284,0.1524,0,1,1,1.447213874,0.177191876,8.167495648
168,Maggie Hassan,Maggie_Hassan,2016,http://www.ontheissues.org/Senate/Maggie_Hassan.htm,354268,1,0.48,-5,-5,-5,0,-5,0,-5,2.5,2.5,-2.5,0,2.5,2.5,2.5,2.5,-2.5,5,-5,-2.5,-5,0,0,-22.5,D,Democrat,8.132442847,-2.76660117,1,NH,New Hampshire,0.4281,-0.0519,0,0,0,0.588855114,4.25378845,0.138430747
170,Marco Rubio,Marco_Rubio,2016,http://www.ontheissues.org/Senate/Marco_Rubio.htm,4822182,1,0.52,5,2.5,5,5,2.5,-2.5,5,5,2.5,5,5,2.5,2.5,2.5,5,-2.5,5,2.5,5,5,1,37.5,30,R,Republican,-13.83052831,-1.812523781,0,FL,Florida,0.6054,0.0854,1,1,1,1.320490368,0.304201041,4.340847632
171,Margaret Flowers,Margaret_Flowers,2016,http://www.ontheissues.org/Senate/Margaret_Flowers.htm,78752,0,0.032,-5,0,-5,-5,-5,0,-5,-5,-5,-5,0,0,-5,-5,-5,0,-5,-5,0,-5,0,-35,-35,O,Green,16.79422583,4.807969522,2,MD,Maryland,0.1568,0.1248,0,1,0,,1.061390742,
174,Mark Callahan,Mark_Callahan,2016,http://www.ontheissues.org/Senate/Mark_Callahan.htm,616203,0,0.336,5,0,5,5,5,0,5,5,0,5,5,5,0,5,2.5,-2.5,5,5,0,2.5,0,30,32.5,R,Republican,-14.31849674,3.093893835,3,OR,Oregon,0.4621,0.1261,0,1,1,1.380948476,1.47149494,0.938466343
177,Mark Kirk,Mark_Kirk,2016,http://www.ontheissues.org/Senate/Mark_Kirk.htm,2150099,0,0.402,-5,-2.5,-5,2.5,2.5,2.5,2.5,-5,2.5,-5,5,0,2.5,5,2.5,-5,2.5,-2.5,2.5,2.5,1,-7.5,12.5,R,Republican,1.217903012,-4.571675955,4,IL,Illinois,0.5831,0.1811,1,0,0,1.25165856,0.495679207,2.525138321
189,Michael Bennet,Michael_Bennet,2016,http://www.ontheissues.org/Senate/Michael_Bennet.htm,1246357,1,0.492,-5,-5,-5,0,-2.5,-5,-2.5,-2.5,0,-2.5,-5,-5,2.5,-5,5,-5,2.5,-2.5,5,-2.5,1,-10,-30,D,Democrat,12.45812404,-5.711627348,1,CO,Colorado,0.5065,0.0145,0,0,1,1.468055567,1.117637295,1.313534877
192,Mike Crapo,Michael_Crapo,2016,http://www.ontheissues.org/Senate/Michael_Crapo.htm,447342,1,0.661,5,-2.5,5,5,2.5,5,5,-2.5,5,5,5,5,2.5,5,5,5,5,5,2.5,2.5,1,40,35,R,Republican,-15.28528855,-3.596271107,0,ID,Idaho,0.6178,-0.0432,1,1,0,0.635297476,3.7978765,0.167277023
197,Mike Lee,Mike_Lee,2016,http://www.ontheissues.org/Senate/Mike_Lee.htm,659769,1,0.68,5,2.5,5,5,5,2.5,2.5,5,-2.5,5,5,5,5,5,5,-2.5,5,5,0,5,1,30,42.5,R,Republican,-16.27827835,3.677147784,3,UT,Utah,0.6631,-0.0169,1,1,0,0.586937896,2.220896955,0.264279662
201,Mike Workman,Mike_Workman,2016,http://www.ontheissues.org/Senate/Mike_Workman.htm,355389,0,0.246,-5,0,-5,0,-5,0,-5,0,0,5,0,-5,-2.5,0,0,-5,0,-5,0,-2.5,0,-20,-15,D,Democrat,9.386435125,-0.322440171,1,OK,Oklahoma,0.3558,0.1098,0,1,0,0.502390018,1.598027899,0.314381256
202,Misty Snow,Misty_Snow,2016,http://www.ontheissues.org/Senate/Misty_Snow.htm,265674,0,0.274,-5,-5,-5,0,-5,2.5,0,-5,-5,-5,0,-5,0,0,0,-5,0,-5,-5,0,0,-35,-17.5,D,Democrat,12.44868483,3.55754839,7,UT,Utah,0.3801,0.1061,0,1,0,0.586937896,2.220896955,0.264279662
211,Pat Toomey,Pat_Toomey,2016,http://www.ontheissues.org/Senate/Pat_Toomey.htm,2893833,1,0.489,5,-2.5,5,5,2.5,5,5,5,2.5,5,5,5,2.5,5,5,2.5,5,5,5,5,1,45,37.5,R,Republican,-17.17694367,-2.224796336,0,PA,Pennsylvania,0.597,0.108,1,1,0,1.243985431,0.456920647,2.722541517
213,Patrick Leahy,Patrick_Leahy,2016,http://www.ontheissues.org/Senate/Patrick_Leahy.htm,191855,1,0.613,-2.5,-5,-5,-5,-5,-5,-5,-5,-2.5,-2.5,-5,-5,-2.5,-5,-2.5,-2.5,-5,-5,-5,-5,1,-40,-45,D,Democrat,19.99966352,5.243796431,2,VT,Vermont,0.5966,-0.0164,1,1,0,0.903979266,8.957505675,0.100918637
214,Patrick Murphy,Patrick_Murphy,2016,http://www.ontheissues.org/Senate/Patrick_Murphy.htm,4105251,0,0.443,-5,-5,-5,0,-5,-2.5,-5,-5,2.5,-2.5,-5,-5,2.5,-2.5,5,-5,0,-5,-2.5,-2.5,0,-20,-32.5,D,Democrat,14.70809444,-2.678006331,7,FL,Florida,0.5065,0.0635,0,1,1,1.320490368,0.304201041,4.340847632
215,Patrick Wiesner,Patrick_Wiesner,2016,http://www.ontheissues.org/Senate/Patrick_Wiesner.htm,368672,0,0.321,0,0,0,0,0,0,-5,0,0,0,2.5,0,0,0,2.5,-2.5,0,5,0,0,0,0,2.5,D,Democrat,0.276504999,2.683321507,4,KS,Kansas,0.3764,0.0554,0,1,0,0.94269233,2.160536835,0.436323193
216,Patty Judge,Patty_Judge,2016,http://www.ontheissues.org/Senate/Patty_Judge.htm,546974,0,0.357,-5,-5,-5,0,-5,-2.5,-5,-5,-5,-5,-5,-5,-5,-5,-2.5,-2.5,-2.5,-5,-2.5,-5,0,-35,-47.5,D,Democrat,19.65860385,3.548062681,2,IA,Iowa,0.4647,0.1077,0,1,0,0.955136041,1.935574368,0.493463882
218,Patty Murray,Patty_Murray,2016,http://www.ontheissues.org/Senate/Patty_Murray.htm,1765333,1,0.591,-5,-5,-5,-5,-5,-5,-5,-5,-2.5,-5,-5,-5,5,-5,2.5,-2.5,-2.5,-5,-5,-5,1,-35,-40,D,Democrat,19.20445338,2.479823214,2,WA,Washington,0.5716,-0.0194,1,1,1,1.331469883,0.865495925,1.538389545
222,Phil Anderson,Phil_Anderson,2016,http://www.ontheissues.org/Senate/Phil_Anderson.htm,87392,0,0.03,-5,5,-5,-5,5,5,5,5,-5,2.5,5,-5,5,-2.5,-5,-5,-5,-2.5,-5,5,0,-40,32.5,L,Libertarian,1.109248946,13.59020247,6,WI,Wisconsin,0.028,-0.002,0,1,0,,1.033710509,
224,Rand Paul,Rand_Paul,2016,http://www.ontheissues.org/Senate/Rand_Paul.htm,1090151,1,0.573,5,2.5,2.5,-2.5,5,2.5,5,5,-5,5,5,-2.5,5,-2.5,-2.5,-2.5,-5,5,-5,2.5,1,-12.5,35,R,Republican,-6.83491536,14.45008387,6,KY,Kentucky,0.5822,0.0092,1,1,0,1.023649346,1.352869577,0.756650429
227,Ray Metcalfe,Ray_Metcalfe,2016,http://www.ontheissues.org/Senate/Ray_Metcalfe.htm,28026,0,0.111,-5,-5,0,0,-5,0,-2.5,-5,0,5,-5,0,-5,0,0,-2.5,0,-5,-5,0,0,-17.5,-22.5,D,Democrat,9.579660899,1.870021762,1,AK,Alaska,0.4088,0.2978,0,1,0,0.541813054,8.527248203,0.063539027
229,Richard Blumenthal,Richard_Blumenthal,2016,http://www.ontheissues.org/Senate/Richard_Blumenthal.htm,986291,1,0.629,-5,-5,-2.5,-2.5,-5,-5,-2.5,-5,2.5,-5,-5,-2.5,-2.5,-5,5,-5,-2.5,-5,0,-5,1,-17.5,-45,D,Democrat,16.66613934,-2.190056679,7,CT,Connecticut,0.5958,-0.0332,1,1,0,0.726833945,1.730543147,0.420003365
231,Richard Burr,Richard_Burr,2016,http://www.ontheissues.org/Senate/Richard_Burr.htm,2371192,1,0.511,5,0,5,5,5,5,2.5,2.5,2.5,5,5,2.5,2.5,5,5,2.5,5,5,5,5,1,40,40,R,Republican,-16.64694278,-2.073899763,0,NC,North Carolina,0.6095,0.0985,1,1,0,1.089718728,0.605713819,1.799065325
236,Richard Shelby,Richard_Shelby,2016,http://www.ontheissues.org/Senate/Richard_Shelby.htm,1323184,1,0.642,5,5,5,2.5,2.5,2.5,5,-2.5,2.5,5,5,5,-2.5,5,5,2.5,5,5,5,2.5,1,35,35,R,Republican,-14.81558705,-2.361126973,0,AL,Alabama,0.5556,-0.0864,1,1,0,1.148221872,1.230890614,0.932838271
240,Rob Maness,Rob_Maness,2016,http://www.ontheissues.org/Senate/Rob_Maness.htm,90812,0,0.047,5,2.5,5,2.5,5,0,5,2.5,2.5,5,2.5,5,2.5,5,5,2.5,2.5,5,5,5,0,37.5,37.5,R,Republican,-15.48184247,-1.060546741,0,LA,Louisiana,0.138,0.091,0,1,1,,1.311134486,
242,Rob Portman,Rob_Portman,2016,http://www.ontheissues.org/Senate/Rob_Portman.htm,3048467,1,0.583,5,2.5,0,5,5,2.5,5,-2.5,5,5,5,-2.5,5,5,5,2.5,5,5,2.5,2.5,1,25,42.5,R,Republican,-13.26564463,-3.201123622,0,OH,Ohio,0.5617,-0.0213,1,1,1,1.391902962,0.507358782,2.743429328
244,Robert Marquette,Robert_Marquette,2016,http://www.ontheissues.org/Senate/Robert_Marquette.htm,10521,0,0.031,-5,0,-5,0,2.5,5,0,-5,-5,5,5,-2.5,-2.5,-2.5,-5,-2.5,-5,5,-5,5,0,-40,22.5,L,Libertarian,2.401645284,10.95702473,6,ND,North Dakota,0.0158,-0.0152,0,1,0,,7.845377424,
250,Ron Crumpton,Ron_Crumpton,2016,http://www.ontheissues.org/Senate/Ron_Crumpton.htm,737542,0,0.358,-2.5,-5,-5,-5,-5,-5,-5,-5,-5,5,-2.5,-5,-5,2.5,-2.5,-5,0,-5,-5,-5,0,-40,-30,D,Democrat,15.43355638,3.077832321,2,AL,Alabama,0.4076,0.0496,0,1,0,1.148221872,1.230890614,0.932838271
252,Ron Johnson,Ron_Johnson,2016,http://www.ontheissues.org/Senate/Ron_Johnson.htm,1478170,1,0.502,5,2.5,5,5,5,5,2.5,5,-2.5,5,5,5,2.5,5,2.5,-2.5,2.5,5,2.5,5,1,27.5,42.5,R,Republican,-15.99091415,3.640884137,3,WI,Wisconsin,0.6651,0.1631,1,1,0,1.135613993,1.033710509,1.098580292
254,Ron Wyden,Ron_Wyden,2016,http://www.ontheissues.org/Senate/Ron_Wyden.htm,1038632,1,0.567,-5,-5,-5,-5,-2.5,-5,-5,-2.5,2.5,-5,-5,-2.5,2.5,-5,-2.5,-5,-2.5,-5,-2.5,-2.5,1,-30,-37.5,D,Democrat,17.61936402,1.466490436,7,OR,Oregon,0.5389,-0.0281,1,1,1,1.380948476,1.47149494,0.938466343
257,Roy Blunt,Roy_Blunt,2016,http://www.ontheissues.org/Senate/Roy_Blunt.htm,1370240,1,0.494,5,2.5,5,5,5,5,2.5,2.5,2.5,5,5,2.5,5,5,5,-2.5,5,5,5,2.5,1,35,42.5,R,Republican,-16.21013188,-2.321652678,0,MO,Missouri,0.5983,0.1043,1,1,0,1.030384326,0.982505798,1.048731038
259,Russ Feingold,Russell_Feingold,2016,http://www.ontheissues.org/Senate/Russell_Feingold.htm,1378922,0,0.468,-5,-5,-5,-5,-5,-5,-5,-5,-2.5,-5,-5,-5,-5,-5,-2.5,-5,-5,-2.5,-2.5,-5,0,-42.5,-47.5,D,Democrat,21.09436769,4.054051504,2,WI,Wisconsin,0.5139,0.0459,0,1,0,1.135613993,1.033710509,1.098580292
265,Scott Milne,Scott_Milne,2016,http://www.ontheissues.org/Senate/Scott_Milne.htm,103266,0,0.33,2.5,5,-5,0,2.5,0,2.5,-5,5,2.5,2.5,5,0,5,0,-2.5,0,5,2.5,5,0,2.5,30,R,Republican,-6.098374032,-0.975592738,5,VT,Vermont,0.3901,0.0601,0,1,0,0.903979266,8.957505675,0.100918637
268,Sean Haugh,Sean_Haugh,2016,http://www.ontheissues.org/Senate/Sean_Haugh.htm,165319,0,0.036,-5,5,-5,2.5,2.5,2.5,5,0,-5,2.5,-2.5,-5,2.5,2.5,-5,5,-5,5,-2.5,5,0,-25,30,L,Libertarian,-0.652766757,8.999961631,6,NC,North Carolina,0.037,0.001,0,1,0,,0.605713819,
279,Tammy Duckworth,Tammy_Duckworth,2016,http://www.ontheissues.org/Senate/Tammy_Duckworth.htm,2908363,1,0.544,-5,-5,-5,0,-5,-5,-5,-5,2.5,-5,-5,-5,5,0,-2.5,-5,-5,-2.5,0,-2.5,0,-30,-30,D,Democrat,16.2763914,-2.465438481,7,IL,Illinois,0.463,-0.081,0,0,0,1.25165856,0.495679207,2.525138321
281,Ted Strickland,Ted_Strickland,2016,http://www.ontheissues.org/Senate/Ted_Strickland.htm,1929873,0,0.369,2.5,-5,-5,-2.5,-5,-2.5,-5,-5,-2.5,2.5,-2.5,-5,-5,-2.5,2.5,-5,-5,-2.5,-2.5,-5,0,-27.5,-32.5,D,Democrat,13.56613297,3.110588796,7,OH,Ohio,0.4895,0.1205,0,1,1,1.391902962,0.507358782,2.743429328
286,Thomas Clements,Thomas_Clements,2016,http://www.ontheissues.org/Senate/Thomas_Clements.htm,11363,0,0.006,-2.5,-2.5,-5,5,5,5,2.5,2.5,-5,5,5,2.5,5,2.5,-5,-2.5,-2.5,5,-5,5,0,-17.5,37.5,L,Libertarian,-5.324753313,9.7419845,6,LA,Louisiana,0.025,0.019,0,1,1,,1.311134486,
287,Thomas Dixon,Thomas_Dixon,2016,http://www.ontheissues.org/Senate/Thomas_Dixon.htm,752001,0,0.37,-5,0,0,0,-5,0,-5,0,-5,-5,0,0,-2.5,-5,0,-5,0,-5,2.5,0,0,-12.5,-27.5,D,Democrat,10.4333652,1.977832816,1,SC,South Carolina,0.3509,-0.0191,0,1,0,0.749813796,1.195888239,0.626993202
291,Tim Scott,Tim_Scott,2016,http://www.ontheissues.org/Senate/Tim_Scott.htm,1228844,1,0.605,5,2.5,5,5,5,5,5,2.5,0,5,5,5,0,5,5,-2.5,2.5,5,2.5,5,1,30,42.5,R,Republican,-16.43796915,2.127053842,3,SC,South Carolina,0.5935,-0.0115,1,1,0,0.749813796,1.195888239,0.626993202
293,Todd Young,Todd_Young,2016,http://www.ontheissues.org/Senate/Todd_Young.htm,1423001,1,0.521,5,-2.5,0,2.5,5,5,5,2.5,0,5,5,5,0,-2.5,5,-5,5,5,-2.5,5,0,17.5,30,R,Republican,-11.21670326,5.76718723,6,IN,Indiana,0.3989,-0.1221,0,0,0,1.279748501,0.91349573,1.400935394
302,Wendy Long,Wendy_Long,2016,http://www.ontheissues.org/Senate/Wendy_Long.htm,1865072,0,0.274,5,5,5,2.5,5,0,2.5,5,2.5,5,5,5,-5,0,5,-5,5,2.5,5,2.5,0,35,22.5,R,Republican,-12.55366751,0.892325511,5,NY,New York,0.267,-0.007,0,1,0,0.141839911,0.326157009,0.434882301