idx,can_id,candidate,topic,value
0,1,Alex Merced,1,-5
1,1,Alex Merced,2,5
2,1,Alex Merced,3,-5
3,1,Alex Merced,4,-5
4,1,Alex Merced,5,5
5,1,Alex Merced,6,2.5
6,1,Alex Merced,7,5
7,1,Alex Merced,8,5
8,1,Alex Merced,9,-5
9,1,Alex Merced,10,5
10,1,Alex Merced,11,5
11,1,Alex Merced,12,-5
12,1,Alex Merced,13,5
13,1,Alex Merced,14,-2.5
14,1,Alex Merced,15,-2.5
15,1,Alex Merced,16,-5
16,1,Alex Merced,17,-5
17,1,Alex Merced,18,5
18,1,Alex Merced,19,-5
19,1,Alex Merced,20,5
20,2,Allen Buckley,1,-2.5
21,2,Allen Buckley,2,5
22,2,Allen Buckley,3,-2.5
23,2,Allen Buckley,4,0
24,2,Allen Buckley,5,5
25,2,Allen Buckley,6,0
26,2,Allen Buckley,7,-2.5
27,2,Allen Buckley,8,0
28,2,Allen Buckley,9,5
29,2,Allen Buckley,10,5
30,2,Allen Buckley,11,2.5
31,2,Allen Buckley,12,5
32,2,Allen Buckley,13,-2.5
33,2,Allen Buckley,14,2.5
34,2,Allen Buckley,15,-5
35,2,Allen Buckley,16,0
36,2,Allen Buckley,17,2.5
37,2,Allen Buckley,18,-5
38,2,Allen Buckley,19,-5
39,2,Allen Buckley,20,5
40,3,Ann Kirkpatrick,1,-5
41,3,Ann Kirkpatrick,2,-5
42,3,Ann Kirkpatrick,3,-5
43,3,Ann Kirkpatrick,4,2.5
44,3,Ann Kirkpatrick,5,-2.5
45,3,Ann Kirkpatrick,6,-5
46,3,Ann Kirkpatrick,7,-2.5
47,3,Ann Kirkpatrick,8,-2.5
48,3,Ann Kirkpatrick,9,2.5
49,3,Ann Kirkpatrick,10,5
50,3,Ann Kirkpatrick,11,-5
51,3,Ann Kirkpatrick,12,5
52,3,Ann Kirkpatrick,13,2.5
53,3,Ann Kirkpatrick,14,-5
54,3,Ann Kirkpatrick,15,5
55,3,Ann Kirkpatrick,16,-5
56,3,Ann Kirkpatrick,17,-2.5
57,3,Ann Kirkpatrick,18,2.5
58,3,Ann Kirkpatrick,19,-5
59,3,Ann Kirkpatrick,20,-5
60,4,Brian Schatz,1,-5
61,4,Brian Schatz,2,-5
62,4,Brian Schatz,3,-5
63,4,Brian Schatz,4,0
64,4,Brian Schatz,5,0
65,4,Brian Schatz,6,-5
66,4,Brian Schatz,7,-2.5
67,4,Brian Schatz,8,-5
68,4,Brian Schatz,9,2.5
69,4,Brian Schatz,10,-5
70,4,Brian Schatz,11,5
71,4,Brian Schatz,12,-2.5
72,4,Brian Schatz,13,2.5
73,4,Brian Schatz,14,5
74,4,Brian Schatz,15,-2.5
75,4,Brian Schatz,16,-5
76,4,Brian Schatz,17,-2.5
77,4,Brian Schatz,18,-5
78,4,Brian Schatz,19,2.5
79,4,Brian Schatz,20,-2.5
80,5,Catherine Cortez Masto,1,-5
81,5,Catherine Cortez Masto,2,-5
82,5,Catherine Cortez Masto,3,2.5
83,5,Catherine Cortez Masto,4,0
84,5,Catherine Cortez Masto,5,-5
85,5,Catherine Cortez Masto,6,-5
86,5,Catherine Cortez Masto,7,-5
87,5,Catherine Cortez Masto,8,-5
88,5,Catherine Cortez Masto,9,2.5
89,5,Catherine Cortez Masto,10,-2.5
90,5,Catherine Cortez Masto,11,-2.5
91,5,Catherine Cortez Masto,12,-5
92,5,Catherine Cortez Masto,13,-5
93,5,Catherine Cortez Masto,14,-2.5
94,5,Catherine Cortez Masto,15,0
95,5,Catherine Cortez Masto,16,-5
96,5,Catherine Cortez Masto,17,2.5
97,5,Catherine Cortez Masto,18,-5
98,5,Catherine Cortez Masto,19,-2.5
99,5,Catherine Cortez Masto,20,-2.5
100,6,Charles Boustany,1,5
101,6,Charles Boustany,2,2.5
102,6,Charles Boustany,3,5
103,6,Charles Boustany,4,2.5
104,6,Charles Boustany,5,5
105,6,Charles Boustany,6,5
106,6,Charles Boustany,7,5
107,6,Charles Boustany,8,5
108,6,Charles Boustany,9,-2.5
109,6,Charles Boustany,10,5
110,6,Charles Boustany,11,5
111,6,Charles Boustany,12,5
112,6,Charles Boustany,13,2.5
113,6,Charles Boustany,14,5
114,6,Charles Boustany,15,2.5
115,6,Charles Boustany,16,-2.5
116,6,Charles Boustany,17,5
117,6,Charles Boustany,18,5
118,6,Charles Boustany,19,5
119,6,Charles Boustany,20,2.5
120,7,Charles Schumer,1,-5
121,7,Charles Schumer,2,-5
122,7,Charles Schumer,3,-5
123,7,Charles Schumer,4,-2.5
124,7,Charles Schumer,5,-5
125,7,Charles Schumer,6,-5
126,7,Charles Schumer,7,-5
127,7,Charles Schumer,8,-2.5
128,7,Charles Schumer,9,2.5
129,7,Charles Schumer,10,-5
130,7,Charles Schumer,11,-5
131,7,Charles Schumer,12,-5
132,7,Charles Schumer,13,-2.5
133,7,Charles Schumer,14,-5
134,7,Charles Schumer,15,2.5
135,7,Charles Schumer,16,-5
136,7,Charles Schumer,17,2.5
137,7,Charles Schumer,18,-5
138,7,Charles Schumer,19,2.5
139,7,Charles Schumer,20,-5
140,8,Chris Van Hollen,1,-5
141,8,Chris Van Hollen,2,-5
142,8,Chris Van Hollen,3,-5
143,8,Chris Van Hollen,4,-5
144,8,Chris Van Hollen,5,-5
145,8,Chris Van Hollen,6,-5
146,8,Chris Van Hollen,7,-5
147,8,Chris Van Hollen,8,-5
148,8,Chris Van Hollen,9,-2.5
149,8,Chris Van Hollen,10,-5
150,8,Chris Van Hollen,11,-2.5
151,8,Chris Van Hollen,12,-5
152,8,Chris Van Hollen,13,2.5
153,8,Chris Van Hollen,14,-5
154,8,Chris Van Hollen,15,0
155,8,Chris Van Hollen,16,-5
156,8,Chris Van Hollen,17,2.5
157,8,Chris Van Hollen,18,-5
158,8,Chris Van Hollen,19,-5
159,8,Chris Van Hollen,20,-5
160,9,Chris Vance,1,0
161,9,Chris Vance,2,0
162,9,Chris Vance,3,-2.5
163,9,Chris Vance,4,0
164,9,Chris Vance,5,2.5
165,9,Chris Vance,6,-2.5
166,9,Chris Vance,7,5
167,9,Chris Vance,8,-2.5
168,9,Chris Vance,9,0
169,9,Chris Vance,10,0
170,9,Chris Vance,11,0
171,9,Chris Vance,12,-5
172,9,Chris Vance,13,5
173,9,Chris Vance,14,5
174,9,Chris Vance,15,5
175,9,Chris Vance,16,0
176,9,Chris Vance,17,2.5
177,9,Chris Vance,18,2.5
178,9,Chris Vance,19,0
179,9,Chris Vance,20,2.5
180,10,Charles Grassley,1,5
181,10,Charles Grassley,2,5
182,10,Charles Grassley,3,5
183,10,Charles Grassley,4,5
184,10,Charles Grassley,5,2.5
185,10,Charles Grassley,6,2.5
186,10,Charles Grassley,7,5
187,10,Charles Grassley,8,-2.5
188,10,Charles Grassley,9,2.5
189,10,Charles Grassley,10,5
190,10,Charles Grassley,11,5
191,10,Charles Grassley,12,5
192,10,Charles Grassley,13,5
193,10,Charles Grassley,14,5
194,10,Charles Grassley,15,2.5
195,10,Charles Grassley,16,2.5
196,10,Charles Grassley,17,5
197,10,Charles Grassley,18,2.5
198,10,Charles Grassley,19,5
199,10,Charles Grassley,20,2.5
200,11,Conner Eldridge,1,-2.5
201,11,Conner Eldridge,2,-5
202,11,Conner Eldridge,3,-2.5
203,11,Conner Eldridge,4,0
204,11,Conner Eldridge,5,-2.5
205,11,Conner Eldridge,6,-5
206,11,Conner Eldridge,7,-2.5
207,11,Conner Eldridge,8,2.5
208,11,Conner Eldridge,9,2.5
209,11,Conner Eldridge,10,5
210,11,Conner Eldridge,11,2.5
211,11,Conner Eldridge,12,-2.5
212,11,Conner Eldridge,13,-5
213,11,Conner Eldridge,14,5
214,11,Conner Eldridge,15,5
215,11,Conner Eldridge,16,-2.5
216,11,Conner Eldridge,17,2.5
217,11,Conner Eldridge,18,0
218,11,Conner Eldridge,19,2.5
219,11,Conner Eldridge,20,2.5
220,12,Dan Carter,1,0
221,12,Dan Carter,2,0
222,12,Dan Carter,3,0
223,12,Dan Carter,4,0
224,12,Dan Carter,5,5
225,12,Dan Carter,6,0
226,12,Dan Carter,7,0
227,12,Dan Carter,8,0
228,12,Dan Carter,9,0
229,12,Dan Carter,10,5
230,12,Dan Carter,11,5
231,12,Dan Carter,12,5
232,12,Dan Carter,13,-5
233,12,Dan Carter,14,5
234,12,Dan Carter,15,5
235,12,Dan Carter,16,-2.5
236,12,Dan Carter,17,5
237,12,Dan Carter,18,0
238,12,Dan Carter,19,5
239,12,Dan Carter,20,5
240,13,Darryl Glenn,1,5
241,13,Darryl Glenn,2,0
242,13,Darryl Glenn,3,5
243,13,Darryl Glenn,4,5
244,13,Darryl Glenn,5,2.5
245,13,Darryl Glenn,6,2.5
246,13,Darryl Glenn,7,5
247,13,Darryl Glenn,8,-2.5
248,13,Darryl Glenn,9,5
249,13,Darryl Glenn,10,5
250,13,Darryl Glenn,11,5
251,13,Darryl Glenn,12,5
252,13,Darryl Glenn,13,0
253,13,Darryl Glenn,14,5
254,13,Darryl Glenn,15,5
255,13,Darryl Glenn,16,-2.5
256,13,Darryl Glenn,17,5
257,13,Darryl Glenn,18,5
258,13,Darryl Glenn,19,-2.5
259,13,Darryl Glenn,20,5
260,14,Deborah Ross,1,-5
261,14,Deborah Ross,2,-5
262,14,Deborah Ross,3,-5
263,14,Deborah Ross,4,0
264,14,Deborah Ross,5,-2.5
265,14,Deborah Ross,6,-5
266,14,Deborah Ross,7,-2.5
267,14,Deborah Ross,8,5
268,14,Deborah Ross,9,-5
269,14,Deborah Ross,10,-5
270,14,Deborah Ross,11,-5
271,14,Deborah Ross,12,-5
272,14,Deborah Ross,13,-5
273,14,Deborah Ross,14,-5
274,14,Deborah Ross,15,2.5
275,14,Deborah Ross,16,-5
276,14,Deborah Ross,17,2.5
277,14,Deborah Ross,18,-2.5
278,14,Deborah Ross,19,-2.5
279,14,Deborah Ross,20,-5
280,15,Eliot Glassheim,1,-2.5
281,15,Eliot Glassheim,2,0
282,15,Eliot Glassheim,3,-5
283,15,Eliot Glassheim,4,0
284,15,Eliot Glassheim,5,-2.5
285,15,Eliot Glassheim,6,-5
286,15,Eliot Glassheim,7,0
287,15,Eliot Glassheim,8,0
288,15,Eliot Glassheim,9,2.5
289,15,Eliot Glassheim,10,2.5
290,15,Eliot Glassheim,11,0
291,15,Eliot Glassheim,12,-5
292,15,Eliot Glassheim,13,0
293,15,Eliot Glassheim,14,0
294,15,Eliot Glassheim,15,0
295,15,Eliot Glassheim,16,-5
296,15,Eliot Glassheim,17,5
297,15,Eliot Glassheim,18,-5
298,15,Eliot Glassheim,19,0
299,15,Eliot Glassheim,20,-5
300,16,Evan Bayh,1,-2.5
301,16,Evan Bayh,2,-5
302,16,Evan Bayh,3,-5
303,16,Evan Bayh,4,2.5
304,16,Evan Bayh,5,-5
305,16,Evan Bayh,6,0
306,16,Evan Bayh,7,-5
307,16,Evan Bayh,8,-5
308,16,Evan Bayh,9,-2.5
309,16,Evan Bayh,10,-2.5
310,16,Evan Bayh,11,-5
311,16,Evan Bayh,12,-2.5
312,16,Evan Bayh,13,2.5
313,16,Evan Bayh,14,-2.5
314,16,Evan Bayh,15,2.5
315,16,Evan Bayh,16,-5
316,16,Evan Bayh,17,2.5
317,16,Evan Bayh,18,-2.5
318,16,Evan Bayh,19,-2.5
319,16,Evan Bayh,20,-5
320,17,Foster Campbell,1,0
321,17,Foster Campbell,2,-5
322,17,Foster Campbell,3,0
323,17,Foster Campbell,4,0
324,17,Foster Campbell,5,-2.5
325,17,Foster Campbell,6,0
326,17,Foster Campbell,7,-5
327,17,Foster Campbell,8,0
328,17,Foster Campbell,9,2.5
329,17,Foster Campbell,10,0
330,17,Foster Campbell,11,5
331,17,Foster Campbell,12,0
332,17,Foster Campbell,13,0
333,17,Foster Campbell,14,0
334,17,Foster Campbell,15,0
335,17,Foster Campbell,16,-5
336,17,Foster Campbell,17,0
337,17,Foster Campbell,18,0
338,17,Foster Campbell,19,0
339,17,Foster Campbell,20,0
340,18,Frank Gilbert,1,2.5
341,18,Frank Gilbert,2,5
342,18,Frank Gilbert,3,-5
343,18,Frank Gilbert,4,2.5
344,18,Frank Gilbert,5,5
345,18,Frank Gilbert,6,2.5
346,18,Frank Gilbert,7,5
347,18,Frank Gilbert,8,-2.5
348,18,Frank Gilbert,9,-2.5
349,18,Frank Gilbert,10,5
350,18,Frank Gilbert,11,5
351,18,Frank Gilbert,12,-2.5
352,18,Frank Gilbert,13,2.5
353,18,Frank Gilbert,14,5
354,18,Frank Gilbert,15,-2.5
355,18,Frank Gilbert,16,-2.5
356,18,Frank Gilbert,17,-5
357,18,Frank Gilbert,18,2.5
358,18,Frank Gilbert,19,-2.5
359,18,Frank Gilbert,20,2.5
360,19,James Lankford,1,5
361,19,James Lankford,2,5
362,19,James Lankford,3,5
363,19,James Lankford,4,5
364,19,James Lankford,5,5
365,19,James Lankford,6,5
366,19,James Lankford,7,5
367,19,James Lankford,8,5
368,19,James Lankford,9,-5
369,19,James Lankford,10,5
370,19,James Lankford,11,5
371,19,James Lankford,12,5
372,19,James Lankford,13,2.5
373,19,James Lankford,14,5
374,19,James Lankford,15,5
375,19,James Lankford,16,-2.5
376,19,James Lankford,17,5
377,19,James Lankford,18,5
378,19,James Lankford,19,0
379,19,James Lankford,20,2.5
380,20,Jason Kander,1,-5
381,20,Jason Kander,2,-2.5
382,20,Jason Kander,3,-5
383,20,Jason Kander,4,0
384,20,Jason Kander,5,-5
385,20,Jason Kander,6,-2.5
386,20,Jason Kander,7,5
387,20,Jason Kander,8,-5
388,20,Jason Kander,9,-2.5
389,20,Jason Kander,10,-5
390,20,Jason Kander,11,2.5
391,20,Jason Kander,12,-2.5
392,20,Jason Kander,13,-2.5
393,20,Jason Kander,14,-2.5
394,20,Jason Kander,15,2.5
395,20,Jason Kander,16,-2.5
396,20,Jason Kander,17,-2.5
397,20,Jason Kander,18,-5
398,20,Jason Kander,19,2.5
399,20,Jason Kander,20,-2.5
400,21,Jay Williams,1,-5
401,21,Jay Williams,2,-5
402,21,Jay Williams,3,0
403,21,Jay Williams,4,0
404,21,Jay Williams,5,-5
405,21,Jay Williams,6,2.5
406,21,Jay Williams,7,-5
407,21,Jay Williams,8,0
408,21,Jay Williams,9,-5
409,21,Jay Williams,10,-2.5
410,21,Jay Williams,11,-5
411,21,Jay Williams,12,-5
412,21,Jay Williams,13,0
413,21,Jay Williams,14,-5
414,21,Jay Williams,15,0
415,21,Jay Williams,16,-2.5
416,21,Jay Williams,17,-2.5
417,21,Jay Williams,18,-5
418,21,Jay Williams,19,-2.5
419,21,Jay Williams,20,0
420,22,Jerry Moran,1,5
421,22,Jerry Moran,2,-2.5
422,22,Jerry Moran,3,5
423,22,Jerry Moran,4,5
424,22,Jerry Moran,5,2.5
425,22,Jerry Moran,6,5
426,22,Jerry Moran,7,2.5
427,22,Jerry Moran,8,2.5
428,22,Jerry Moran,9,2.5
429,22,Jerry Moran,10,5
430,22,Jerry Moran,11,5
431,22,Jerry Moran,12,2.5
432,22,Jerry Moran,13,5
433,22,Jerry Moran,14,5
434,22,Jerry Moran,15,2.5
435,22,Jerry Moran,16,-2.5
436,22,Jerry Moran,17,5
437,22,Jerry Moran,18,5
438,22,Jerry Moran,19,5
439,22,Jerry Moran,20,2.5
440,23,Jerry Sturgill,1,0
441,23,Jerry Sturgill,2,0
442,23,Jerry Sturgill,3,0
443,23,Jerry Sturgill,4,0
444,23,Jerry Sturgill,5,0
445,23,Jerry Sturgill,6,0
446,23,Jerry Sturgill,7,0
447,23,Jerry Sturgill,8,-5
448,23,Jerry Sturgill,9,0
449,23,Jerry Sturgill,10,2.5
450,23,Jerry Sturgill,11,0
451,23,Jerry Sturgill,12,0
452,23,Jerry Sturgill,13,2.5
453,23,Jerry Sturgill,14,0
454,23,Jerry Sturgill,15,0
455,23,Jerry Sturgill,16,-2.5
456,23,Jerry Sturgill,17,0
457,23,Jerry Sturgill,18,-2.5
458,23,Jerry Sturgill,19,0
459,23,Jerry Sturgill,20,2.5
460,24,Jim Barksdale,1,-2.5
461,24,Jim Barksdale,2,-5
462,24,Jim Barksdale,3,0
463,24,Jim Barksdale,4,-2.5
464,24,Jim Barksdale,5,-5
465,24,Jim Barksdale,6,-5
466,24,Jim Barksdale,7,-5
467,24,Jim Barksdale,8,0
468,24,Jim Barksdale,9,0
469,24,Jim Barksdale,10,5
470,24,Jim Barksdale,11,0
471,24,Jim Barksdale,12,-5
472,24,Jim Barksdale,13,-5
473,24,Jim Barksdale,14,-5
474,24,Jim Barksdale,15,5
475,24,Jim Barksdale,16,-5
476,24,Jim Barksdale,17,-5
477,24,Jim Barksdale,18,-5
478,24,Jim Barksdale,19,0
479,24,Jim Barksdale,20,0
480,25,Jim Gray,1,0
481,25,Jim Gray,2,-5
482,25,Jim Gray,3,-5
483,25,Jim Gray,4,0
484,25,Jim Gray,5,-2.5
485,25,Jim Gray,6,-5
486,25,Jim Gray,7,-2.5
487,25,Jim Gray,8,2.5
488,25,Jim Gray,9,0
489,25,Jim Gray,10,-2.5
490,25,Jim Gray,11,0
491,25,Jim Gray,12,0
492,25,Jim Gray,13,2.5
493,25,Jim Gray,14,-2.5
494,25,Jim Gray,15,2.5
495,25,Jim Gray,16,-5
496,25,Jim Gray,17,5
497,25,Jim Gray,18,5
498,25,Jim Gray,19,-5
499,25,Jim Gray,20,-2.5
500,26,Joe Heck,1,5
501,26,Joe Heck,2,-2.5
502,26,Joe Heck,3,2.5
503,26,Joe Heck,4,0
504,26,Joe Heck,5,5
505,26,Joe Heck,6,5
506,26,Joe Heck,7,5
507,26,Joe Heck,8,2.5
508,26,Joe Heck,9,2.5
509,26,Joe Heck,10,5
510,26,Joe Heck,11,5
511,26,Joe Heck,12,2.5
512,26,Joe Heck,13,-2.5
513,26,Joe Heck,14,2.5
514,26,Joe Heck,15,2.5
515,26,Joe Heck,16,-5
516,26,Joe Heck,17,2.5
517,26,Joe Heck,18,5
518,26,Joe Heck,19,-2.5
519,26,Joe Heck,20,2.5
520,27,Joe Miller,1,5
521,27,Joe Miller,2,5
522,27,Joe Miller,3,5
523,27,Joe Miller,4,5
524,27,Joe Miller,5,5
525,27,Joe Miller,6,5
526,27,Joe Miller,7,5
527,27,Joe Miller,8,5
528,27,Joe Miller,9,2.5
529,27,Joe Miller,10,5
530,27,Joe Miller,11,5
531,27,Joe Miller,12,5
532,27,Joe Miller,13,2.5
533,27,Joe Miller,14,0
534,27,Joe Miller,15,2.5
535,27,Joe Miller,16,2.5
536,27,Joe Miller,17,5
537,27,Joe Miller,18,5
538,27,Joe Miller,19,2.5
539,27,Joe Miller,20,5
540,28,John Boozman,1,5
541,28,John Boozman,2,2.5
542,28,John Boozman,3,5
543,28,John Boozman,4,5
544,28,John Boozman,5,5
545,28,John Boozman,6,5
546,28,John Boozman,7,5
547,28,John Boozman,8,2.5
548,28,John Boozman,9,5
549,28,John Boozman,10,5
550,28,John Boozman,11,5
551,28,John Boozman,12,5
552,28,John Boozman,13,5
553,28,John Boozman,14,5
554,28,John Boozman,15,2.5
555,28,John Boozman,16,-2.5
556,28,John Boozman,17,5
557,28,John Boozman,18,5
558,28,John Boozman,19,5
559,28,John Boozman,20,2.5
560,29,John Carroll,1,5
561,29,John Carroll,2,0
562,29,John Carroll,3,-2.5
563,29,John Carroll,4,0
564,29,John Carroll,5,2.5
565,29,John Carroll,6,5
566,29,John Carroll,7,-2.5
567,29,John Carroll,8,-5
568,29,John Carroll,9,-5
569,29,John Carroll,10,0
570,29,John Carroll,11,5
571,29,John Carroll,12,2.5
572,29,John Carroll,13,5
573,29,John Carroll,14,-2.5
574,29,John Carroll,15,5
575,29,John Carroll,16,5
576,29,John Carroll,17,2.5
577,29,John Carroll,18,5
578,29,John Carroll,19,0
579,29,John Carroll,20,-2.5
580,30,John Fleming,1,5
581,30,John Fleming,2,2.5
582,30,John Fleming,3,5
583,30,John Fleming,4,5
584,30,John Fleming,5,2.5
585,30,John Fleming,6,5
586,30,John Fleming,7,2.5
587,30,John Fleming,8,2.5
588,30,John Fleming,9,0
589,30,John Fleming,10,5
590,30,John Fleming,11,5
591,30,John Fleming,12,5
592,30,John Fleming,13,0
593,30,John Fleming,14,5
594,30,John Fleming,15,5
595,30,John Fleming,16,-2.5
596,30,John Fleming,17,2.5
597,30,John Fleming,18,5
598,30,John Fleming,19,0
599,30,John Fleming,20,0
600,31,John Hoeven,1,5
601,31,John Hoeven,2,-2.5
602,31,John Hoeven,3,5
603,31,John Hoeven,4,5
604,31,John Hoeven,5,5
605,31,John Hoeven,6,2.5
606,31,John Hoeven,7,-2.5
607,31,John Hoeven,8,2.5
608,31,John Hoeven,9,2.5
609,31,John Hoeven,10,5
610,31,John Hoeven,11,2.5
611,31,John Hoeven,12,2.5
612,31,John Hoeven,13,2.5
613,31,John Hoeven,14,5
614,31,John Hoeven,15,0
615,31,John Hoeven,16,-2.5
616,31,John Hoeven,17,2.5
617,31,John Hoeven,18,2.5
618,31,John Hoeven,19,2.5
619,31,John Hoeven,20,-2.5
620,32,John McCain,1,2.5
621,32,John McCain,2,-2.5
622,32,John McCain,3,-2.5
623,32,John McCain,4,2.5
624,32,John McCain,5,2.5
625,32,John McCain,6,5
626,32,John McCain,7,5
627,32,John McCain,8,-2.5
628,32,John McCain,9,2.5
629,32,John McCain,10,5
630,32,John McCain,11,2.5
631,32,John McCain,12,-2.5
632,32,John McCain,13,5
633,32,John McCain,14,2.5
634,32,John McCain,15,2.5
635,32,John McCain,16,-5
636,32,John McCain,17,5
637,32,John McCain,18,-2.5
638,32,John McCain,19,5
639,32,John McCain,20,2.5
640,33,John Kennedy,1,2.5
641,33,John Kennedy,2,-5
642,33,John Kennedy,3,5
643,33,John Kennedy,4,0
644,33,John Kennedy,5,-5
645,33,John Kennedy,6,-2.5
646,33,John Kennedy,7,-2.5
647,33,John Kennedy,8,-5
648,33,John Kennedy,9,5
649,33,John Kennedy,10,5
650,33,John Kennedy,11,-2.5
651,33,John Kennedy,12,5
652,33,John Kennedy,13,-5
653,33,John Kennedy,14,5
654,33,John Kennedy,15,5
655,33,John Kennedy,16,-2.5
656,33,John Kennedy,17,-2.5
657,33,John Kennedy,18,2.5
658,33,John Kennedy,19,0
659,33,John Kennedy,20,2.5
660,34,John Thune,1,5
661,34,John Thune,2,5
662,34,John Thune,3,5
663,34,John Thune,4,5
664,34,John Thune,5,2.5
665,34,John Thune,6,2.5
666,34,John Thune,7,2.5
667,34,John Thune,8,2.5
668,34,John Thune,9,2.5
669,34,John Thune,10,5
670,34,John Thune,11,5
671,34,John Thune,12,5
672,34,John Thune,13,5
673,34,John Thune,14,5
674,34,John Thune,15,2.5
675,34,John Thune,16,-2.5
676,34,John Thune,17,5
677,34,John Thune,18,5
678,34,John Thune,19,5
679,34,John Thune,20,5
680,35,Johnny Isakson,1,5
681,35,Johnny Isakson,2,0
682,35,Johnny Isakson,3,5
683,35,Johnny Isakson,4,5
684,35,Johnny Isakson,5,2.5
685,35,Johnny Isakson,6,5
686,35,Johnny Isakson,7,5
687,35,Johnny Isakson,8,2.5
688,35,Johnny Isakson,9,5
689,35,Johnny Isakson,10,5
690,35,Johnny Isakson,11,5
691,35,Johnny Isakson,12,5
692,35,Johnny Isakson,13,5
693,35,Johnny Isakson,14,5
694,35,Johnny Isakson,15,2.5
695,35,Johnny Isakson,16,0
696,35,Johnny Isakson,17,5
697,35,Johnny Isakson,18,5
698,35,Johnny Isakson,19,2.5
699,35,Johnny Isakson,20,2.5
700,36,Joseph Cao,1,2.5
701,36,Joseph Cao,2,0
702,36,Joseph Cao,3,-2.5
703,36,Joseph Cao,4,0
704,36,Joseph Cao,5,-2.5
705,36,Joseph Cao,6,0
706,36,Joseph Cao,7,-2.5
707,36,Joseph Cao,8,-2.5
708,36,Joseph Cao,9,2.5
709,36,Joseph Cao,10,-2.5
710,36,Joseph Cao,11,0
711,36,Joseph Cao,12,-5
712,36,Joseph Cao,13,0
713,36,Joseph Cao,14,0
714,36,Joseph Cao,15,0
715,36,Joseph Cao,16,-2.5
716,36,Joseph Cao,17,2.5
717,36,Joseph Cao,18,0
718,36,Joseph Cao,19,0
719,36,Joseph Cao,20,-5
720,37,Kamala Harris,1,-5
721,37,Kamala Harris,2,-2.5
722,37,Kamala Harris,3,-5
723,37,Kamala Harris,4,0
724,37,Kamala Harris,5,-2.5
725,37,Kamala Harris,6,0
726,37,Kamala Harris,7,0
727,37,Kamala Harris,8,-2.5
728,37,Kamala Harris,9,2.5
729,37,Kamala Harris,10,-5
730,37,Kamala Harris,11,0
731,37,Kamala Harris,12,-5
732,37,Kamala Harris,13,0
733,37,Kamala Harris,14,-5
734,37,Kamala Harris,15,0
735,37,Kamala Harris,16,0
736,37,Kamala Harris,17,-2.5
737,37,Kamala Harris,18,-5
738,37,Kamala Harris,19,-2.5
739,37,Kamala Harris,20,-5
740,38,Kathy Szeliga,1,5
741,38,Kathy Szeliga,2,-5
742,38,Kathy Szeliga,3,5
743,38,Kathy Szeliga,4,0
744,38,Kathy Szeliga,5,5
745,38,Kathy Szeliga,6,2.5
746,38,Kathy Szeliga,7,2.5
747,38,Kathy Szeliga,8,5
748,38,Kathy Szeliga,9,5
749,38,Kathy Szeliga,10,5
750,38,Kathy Szeliga,11,5
751,38,Kathy Szeliga,12,5
752,38,Kathy Szeliga,13,5
753,38,Kathy Szeliga,14,5
754,38,Kathy Szeliga,15,2.5
755,38,Kathy Szeliga,16,-5
756,38,Kathy Szeliga,17,0
757,38,Kathy Szeliga,18,2.5
758,38,Kathy Szeliga,19,5
759,38,Kathy Szeliga,20,-2.5
760,39,Katie McGinty,1,-5
761,39,Katie McGinty,2,-5
762,39,Katie McGinty,3,-5
763,39,Katie McGinty,4,0
764,39,Katie McGinty,5,-5
765,39,Katie McGinty,6,-5
766,39,Katie McGinty,7,-5
767,39,Katie McGinty,8,-5
768,39,Katie McGinty,9,-2.5
769,39,Katie McGinty,10,2.5
770,39,Katie McGinty,11,-5
771,39,Katie McGinty,12,-2.5
772,39,Katie McGinty,13,-2.5
773,39,Katie McGinty,14,-2.5
774,39,Katie McGinty,15,5
775,39,Katie McGinty,16,-5
776,39,Katie McGinty,17,-5
777,39,Katie McGinty,18,-2.5
778,39,Katie McGinty,19,-2.5
779,39,Katie McGinty,20,-2.5
780,40,Kelly Ayotte,1,5
781,40,Kelly Ayotte,2,-5
782,40,Kelly Ayotte,3,5
783,40,Kelly Ayotte,4,0
784,40,Kelly Ayotte,5,5
785,40,Kelly Ayotte,6,5
786,40,Kelly Ayotte,7,5
787,40,Kelly Ayotte,8,2.5
788,40,Kelly Ayotte,9,5
789,40,Kelly Ayotte,10,5
790,40,Kelly Ayotte,11,5
791,40,Kelly Ayotte,12,5
792,40,Kelly Ayotte,13,0
793,40,Kelly Ayotte,14,5
794,40,Kelly Ayotte,15,5
795,40,Kelly Ayotte,16,-5
796,40,Kelly Ayotte,17,5
797,40,Kelly Ayotte,18,5
798,40,Kelly Ayotte,19,5
799,40,Kelly Ayotte,20,5
800,41,Lisa Murkowski,1,2.5
801,41,Lisa Murkowski,2,-2.5
802,41,Lisa Murkowski,3,5
803,41,Lisa Murkowski,4,5
804,41,Lisa Murkowski,5,-2.5
805,41,Lisa Murkowski,6,2.5
806,41,Lisa Murkowski,7,2.5
807,41,Lisa Murkowski,8,-2.5
808,41,Lisa Murkowski,9,2.5
809,41,Lisa Murkowski,10,5
810,41,Lisa Murkowski,11,5
811,41,Lisa Murkowski,12,2.5
812,41,Lisa Murkowski,13,5
813,41,Lisa Murkowski,14,5
814,41,Lisa Murkowski,15,5
815,41,Lisa Murkowski,16,-2.5
816,41,Lisa Murkowski,17,5
817,41,Lisa Murkowski,18,5
818,41,Lisa Murkowski,19,5
819,41,Lisa Murkowski,20,2.5
820,42,Loretta Sanchez,1,-5
821,42,Loretta Sanchez,2,-5
822,42,Loretta Sanchez,3,-5
823,42,Loretta Sanchez,4,-2.5
824,42,Loretta Sanchez,5,-5
825,42,Loretta Sanchez,6,-2.5
826,42,Loretta Sanchez,7,-5
827,42,Loretta Sanchez,8,-5
828,42,Loretta Sanchez,9,-2.5
829,42,Loretta Sanchez,10,-2.5
830,42,Loretta Sanchez,11,-2.5
831,42,Loretta Sanchez,12,-5
832,42,Loretta Sanchez,13,-2.5
833,42,Loretta Sanchez,14,-5
834,42,Loretta Sanchez,15,2.5
835,42,Loretta Sanchez,16,-2.5
836,42,Loretta Sanchez,17,-2.5
837,42,Loretta Sanchez,18,-5
838,42,Loretta Sanchez,19,-5
839,42,Loretta Sanchez,20,-2.5
840,43,Maggie Hassan,1,-5
841,43,Maggie Hassan,2,-5
842,43,Maggie Hassan,3,-5
843,43,Maggie Hassan,4,0
844,43,Maggie Hassan,5,-5
845,43,Maggie Hassan,6,0
846,43,Maggie Hassan,7,-5
847,43,Maggie Hassan,8,2.5
848,43,Maggie Hassan,9,2.5
849,43,Maggie Hassan,10,-2.5
850,43,Maggie Hassan,11,0
851,43,Maggie Hassan,12,2.5
852,43,Maggie Hassan,13,2.5
853,43,Maggie Hassan,14,2.5
854,43,Maggie Hassan,15,2.5
855,43,Maggie Hassan,16,-2.5
856,43,Maggie Hassan,17,5
857,43,Maggie Hassan,18,-5
858,43,Maggie Hassan,19,-2.5
859,43,Maggie Hassan,20,-5
860,44,Marco Rubio,1,5
861,44,Marco Rubio,2,2.5
862,44,Marco Rubio,3,5
863,44,Marco Rubio,4,5
864,44,Marco Rubio,5,2.5
865,44,Marco Rubio,6,-2.5
866,44,Marco Rubio,7,5
867,44,Marco Rubio,8,5
868,44,Marco Rubio,9,2.5
869,44,Marco Rubio,10,5
870,44,Marco Rubio,11,5
871,44,Marco Rubio,12,2.5
872,44,Marco Rubio,13,2.5
873,44,Marco Rubio,14,2.5
874,44,Marco Rubio,15,5
875,44,Marco Rubio,16,-2.5
876,44,Marco Rubio,17,5
877,44,Marco Rubio,18,2.5
878,44,Marco Rubio,19,5
879,44,Marco Rubio,20,5
880,45,Margaret Flowers,1,-5
881,45,Margaret Flowers,2,0
882,45,Margaret Flowers,3,-5
883,45,Margaret Flowers,4,-5
884,45,Margaret Flowers,5,-5
885,45,Margaret Flowers,6,0
886,45,Margaret Flowers,7,-5
887,45,Margaret Flowers,8,-5
888,45,Margaret Flowers,9,-5
889,45,Margaret Flowers,10,-5
890,45,Margaret Flowers,11,0
891,45,Margaret Flowers,12,0
892,45,Margaret Flowers,13,-5
893,45,Margaret Flowers,14,-5
894,45,Margaret Flowers,15,-5
895,45,Margaret Flowers,16,0
896,45,Margaret Flowers,17,-5
897,45,Margaret Flowers,18,-5
898,45,Margaret Flowers,19,0
899,45,Margaret Flowers,20,-5
900,46,Mark Callahan,1,5
901,46,Mark Callahan,2,0
902,46,Mark Callahan,3,5
903,46,Mark Callahan,4,5
904,46,Mark Callahan,5,5
905,46,Mark Callahan,6,0
906,46,Mark Callahan,7,5
907,46,Mark Callahan,8,5
908,46,Mark Callahan,9,0
909,46,Mark Callahan,10,5
910,46,Mark Callahan,11,5
911,46,Mark Callahan,12,5
912,46,Mark Callahan,13,0
913,46,Mark Callahan,14,5
914,46,Mark Callahan,15,2.5
915,46,Mark Callahan,16,-2.5
916,46,Mark Callahan,17,5
917,46,Mark Callahan,18,5
918,46,Mark Callahan,19,0
919,46,Mark Callahan,20,2.5
920,47,Mark Kirk,1,-5
921,47,Mark Kirk,2,-2.5
922,47,Mark Kirk,3,-5
923,47,Mark Kirk,4,2.5
924,47,Mark Kirk,5,2.5
925,47,Mark Kirk,6,2.5
926,47,Mark Kirk,7,2.5
927,47,Mark Kirk,8,-5
928,47,Mark Kirk,9,2.5
929,47,Mark Kirk,10,-5
930,47,Mark Kirk,11,5
931,47,Mark Kirk,12,0
932,47,Mark Kirk,13,2.5
933,47,Mark Kirk,14,5
934,47,Mark Kirk,15,2.5
935,47,Mark Kirk,16,-5
936,47,Mark Kirk,17,2.5
937,47,Mark Kirk,18,-2.5
938,47,Mark Kirk,19,2.5
939,47,Mark Kirk,20,2.5
940,48,Michael Bennet,1,-5
941,48,Michael Bennet,2,-5
942,48,Michael Bennet,3,-5
943,48,Michael Bennet,4,0
944,48,Michael Bennet,5,-2.5
945,48,Michael Bennet,6,-5
946,48,Michael Bennet,7,-2.5
947,48,Michael Bennet,8,-2.5
948,48,Michael Bennet,9,0
949,48,Michael Bennet,10,-2.5
950,48,Michael Bennet,11,-5
951,48,Michael Bennet,12,-5
952,48,Michael Bennet,13,2.5
953,48,Michael Bennet,14,-5
954,48,Michael Bennet,15,5
955,48,Michael Bennet,16,-5
956,48,Michael Bennet,17,2.5
957,48,Michael Bennet,18,-2.5
958,48,Michael Bennet,19,5
959,48,Michael Bennet,20,-2.5
960,49,Mike Crapo,1,5
961,49,Mike Crapo,2,-2.5
962,49,Mike Crapo,3,5
963,49,Mike Crapo,4,5
964,49,Mike Crapo,5,2.5
965,49,Mike Crapo,6,5
966,49,Mike Crapo,7,5
967,49,Mike Crapo,8,-2.5
968,49,Mike Crapo,9,5
969,49,Mike Crapo,10,5
970,49,Mike Crapo,11,5
971,49,Mike Crapo,12,5
972,49,Mike Crapo,13,2.5
973,49,Mike Crapo,14,5
974,49,Mike Crapo,15,5
975,49,Mike Crapo,16,5
976,49,Mike Crapo,17,5
977,49,Mike Crapo,18,5
978,49,Mike Crapo,19,2.5
979,49,Mike Crapo,20,2.5
980,50,Mike Lee,1,5
981,50,Mike Lee,2,2.5
982,50,Mike Lee,3,5
983,50,Mike Lee,4,5
984,50,Mike Lee,5,5
985,50,Mike Lee,6,2.5
986,50,Mike Lee,7,2.5
987,50,Mike Lee,8,5
988,50,Mike Lee,9,-2.5
989,50,Mike Lee,10,5
990,50,Mike Lee,11,5
991,50,Mike Lee,12,5
992,50,Mike Lee,13,5
993,50,Mike Lee,14,5
994,50,Mike Lee,15,5
995,50,Mike Lee,16,-2.5
996,50,Mike Lee,17,5
997,50,Mike Lee,18,5
998,50,Mike Lee,19,0
999,50,Mike Lee,20,5
1000,51,Mike Workman,1,-5
1001,51,Mike Workman,2,0
1002,51,Mike Workman,3,-5
1003,51,Mike Workman,4,0
1004,51,Mike Workman,5,-5
1005,51,Mike Workman,6,0
1006,51,Mike Workman,7,-5
1007,51,Mike Workman,8,0
1008,51,Mike Workman,9,0
1009,51,Mike Workman,10,5
1010,51,Mike Workman,11,0
1011,51,Mike Workman,12,-5
1012,51,Mike Workman,13,-2.5
1013,51,Mike Workman,14,0
1014,51,Mike Workman,15,0
1015,51,Mike Workman,16,-5
1016,51,Mike Workman,17,0
1017,51,Mike Workman,18,-5
1018,51,Mike Workman,19,0
1019,51,Mike Workman,20,-2.5
1020,52,Misty Snow,1,-5
1021,52,Misty Snow,2,-5
1022,52,Misty Snow,3,-5
1023,52,Misty Snow,4,0
1024,52,Misty Snow,5,-5
1025,52,Misty Snow,6,2.5
1026,52,Misty Snow,7,0
1027,52,Misty Snow,8,-5
1028,52,Misty Snow,9,-5
1029,52,Misty Snow,10,-5
1030,52,Misty Snow,11,0
1031,52,Misty Snow,12,-5
1032,52,Misty Snow,13,0
1033,52,Misty Snow,14,0
1034,52,Misty Snow,15,0
1035,52,Misty Snow,16,-5
1036,52,Misty Snow,17,0
1037,52,Misty Snow,18,-5
1038,52,Misty Snow,19,-5
1039,52,Misty Snow,20,0
1040,53,Pat Toomey,1,5
1041,53,Pat Toomey,2,-2.5
1042,53,Pat Toomey,3,5
1043,53,Pat Toomey,4,5
1044,53,Pat Toomey,5,2.5
1045,53,Pat Toomey,6,5
1046,53,Pat Toomey,7,5
1047,53,Pat Toomey,8,5
1048,53,Pat Toomey,9,2.5
1049,53,Pat Toomey,10,5
1050,53,Pat Toomey,11,5
1051,53,Pat Toomey,12,5
1052,53,Pat Toomey,13,2.5
1053,53,Pat Toomey,14,5
1054,53,Pat Toomey,15,5
1055,53,Pat Toomey,16,2.5
1056,53,Pat Toomey,17,5
1057,53,Pat Toomey,18,5
1058,53,Pat Toomey,19,5
1059,53,Pat Toomey,20,5
1060,54,Patrick Leahy,1,-2.5
1061,54,Patrick Leahy,2,-5
1062,54,Patrick Leahy,3,-5
1063,54,Patrick Leahy,4,-5
1064,54,Patrick Leahy,5,-5
1065,54,Patrick Leahy,6,-5
1066,54,Patrick Leahy,7,-5
1067,54,Patrick Leahy,8,-5
1068,54,Patrick Leahy,9,-2.5
1069,54,Patrick Leahy,10,-2.5
1070,54,Patrick Leahy,11,-5
1071,54,Patrick Leahy,12,-5
1072,54,Patrick Leahy,13,-2.5
1073,54,Patrick Leahy,14,-5
1074,54,Patrick Leahy,15,-2.5
1075,54,Patrick Leahy,16,-2.5
1076,54,Patrick Leahy,17,-5
1077,54,Patrick Leahy,18,-5
1078,54,Patrick Leahy,19,-5
1079,54,Patrick Leahy,20,-5
1080,55,Patrick Murphy,1,-5
1081,55,Patrick Murphy,2,-5
1082,55,Patrick Murphy,3,-5
1083,55,Patrick Murphy,4,0
1084,55,Patrick Murphy,5,-5
1085,55,Patrick Murphy,6,-2.5
1086,55,Patrick Murphy,7,-5
1087,55,Patrick Murphy,8,-5
1088,55,Patrick Murphy,9,2.5
1089,55,Patrick Murphy,10,-2.5
1090,55,Patrick Murphy,11,-5
1091,55,Patrick Murphy,12,-5
1092,55,Patrick Murphy,13,2.5
1093,55,Patrick Murphy,14,-2.5
1094,55,Patrick Murphy,15,5
1095,55,Patrick Murphy,16,-5
1096,55,Patrick Murphy,17,0
1097,55,Patrick Murphy,18,-5
1098,55,Patrick Murphy,19,-2.5
1099,55,Patrick Murphy,20,-2.5
1100,56,Patrick Wiesner,1,0
1101,56,Patrick Wiesner,2,0
1102,56,Patrick Wiesner,3,0
1103,56,Patrick Wiesner,4,0
1104,56,Patrick Wiesner,5,0
1105,56,Patrick Wiesner,6,0
1106,56,Patrick Wiesner,7,-5
1107,56,Patrick Wiesner,8,0
1108,56,Patrick Wiesner,9,0
1109,56,Patrick Wiesner,10,0
1110,56,Patrick Wiesner,11,2.5
1111,56,Patrick Wiesner,12,0
1112,56,Patrick Wiesner,13,0
1113,56,Patrick Wiesner,14,0
1114,56,Patrick Wiesner,15,2.5
1115,56,Patrick Wiesner,16,-2.5
1116,56,Patrick Wiesner,17,0
1117,56,Patrick Wiesner,18,5
1118,56,Patrick Wiesner,19,0
1119,56,Patrick Wiesner,20,0
1120,57,Patty Judge,1,-5
1121,57,Patty Judge,2,-5
1122,57,Patty Judge,3,-5
1123,57,Patty Judge,4,0
1124,57,Patty Judge,5,-5
1125,57,Patty Judge,6,-2.5
1126,57,Patty Judge,7,-5
1127,57,Patty Judge,8,-5
1128,57,Patty Judge,9,-5
1129,57,Patty Judge,10,-5
1130,57,Patty Judge,11,-5
1131,57,Patty Judge,12,-5
1132,57,Patty Judge,13,-5
1133,57,Patty Judge,14,-5
1134,57,Patty Judge,15,-2.5
1135,57,Patty Judge,16,-2.5
1136,57,Patty Judge,17,-2.5
1137,57,Patty Judge,18,-5
1138,57,Patty Judge,19,-2.5
1139,57,Patty Judge,20,-5
1140,58,Patty Murray,1,-5
1141,58,Patty Murray,2,-5
1142,58,Patty Murray,3,-5
1143,58,Patty Murray,4,-5
1144,58,Patty Murray,5,-5
1145,58,Patty Murray,6,-5
1146,58,Patty Murray,7,-5
1147,58,Patty Murray,8,-5
1148,58,Patty Murray,9,-2.5
1149,58,Patty Murray,10,-5
1150,58,Patty Murray,11,-5
1151,58,Patty Murray,12,-5
1152,58,Patty Murray,13,5
1153,58,Patty Murray,14,-5
1154,58,Patty Murray,15,2.5
1155,58,Patty Murray,16,-2.5
1156,58,Patty Murray,17,-2.5
1157,58,Patty Murray,18,-5
1158,58,Patty Murray,19,-5
1159,58,Patty Murray,20,-5
1160,59,Phil Anderson,1,-5
1161,59,Phil Anderson,2,5
1162,59,Phil Anderson,3,-5
1163,59,Phil Anderson,4,-5
1164,59,Phil Anderson,5,5
1165,59,Phil Anderson,6,5
1166,59,Phil Anderson,7,5
1167,59,Phil Anderson,8,5
1168,59,Phil Anderson,9,-5
1169,59,Phil Anderson,10,2.5
1170,59,Phil Anderson,11,5
1171,59,Phil Anderson,12,-5
1172,59,Phil Anderson,13,5
1173,59,Phil Anderson,14,-2.5
1174,59,Phil Anderson,15,-5
1175,59,Phil Anderson,16,-5
1176,59,Phil Anderson,17,-5
1177,59,Phil Anderson,18,-2.5
1178,59,Phil Anderson,19,-5
1179,59,Phil Anderson,20,5
1180,60,Rand Paul,1,5
1181,60,Rand Paul,2,2.5
1182,60,Rand Paul,3,2.5
1183,60,Rand Paul,4,-2.5
1184,60,Rand Paul,5,5
1185,60,Rand Paul,6,2.5
1186,60,Rand Paul,7,5
1187,60,Rand Paul,8,5
1188,60,Rand Paul,9,-5
1189,60,Rand Paul,10,5
1190,60,Rand Paul,11,5
1191,60,Rand Paul,12,-2.5
1192,60,Rand Paul,13,5
1193,60,Rand Paul,14,-2.5
1194,60,Rand Paul,15,-2.5
1195,60,Rand Paul,16,-2.5
1196,60,Rand Paul,17,-5
1197,60,Rand Paul,18,5
1198,60,Rand Paul,19,-5
1199,60,Rand Paul,20,2.5
1200,61,Ray Metcalfe,1,-5
1201,61,Ray Metcalfe,2,-5
1202,61,Ray Metcalfe,3,0
1203,61,Ray Metcalfe,4,0
1204,61,Ray Metcalfe,5,-5
1205,61,Ray Metcalfe,6,0
1206,61,Ray Metcalfe,7,-2.5
1207,61,Ray Metcalfe,8,-5
1208,61,Ray Metcalfe,9,0
1209,61,Ray Metcalfe,10,5
1210,61,Ray Metcalfe,11,-5
1211,61,Ray Metcalfe,12,0
1212,61,Ray Metcalfe,13,-5
1213,61,Ray Metcalfe,14,0
1214,61,Ray Metcalfe,15,0
1215,61,Ray Metcalfe,16,-2.5
1216,61,Ray Metcalfe,17,0
1217,61,Ray Metcalfe,18,-5
1218,61,Ray Metcalfe,19,-5
1219,61,Ray Metcalfe,20,0
1220,62,Richard Blumenthal,1,-5
1221,62,Richard Blumenthal,2,-5
1222,62,Richard Blumenthal,3,-2.5
1223,62,Richard Blumenthal,4,-2.5
1224,62,Richard Blumenthal,5,-5
1225,62,Richard Blumenthal,6,-5
1226,62,Richard Blumenthal,7,-2.5
1227,62,Richard Blumenthal,8,-5
1228,62,Richard Blumenthal,9,2.5
1229,62,Richard Blumenthal,10,-5
1230,62,Richard Blumenthal,11,-5
1231,62,Richard Blumenthal,12,-2.5
1232,62,Richard Blumenthal,13,-2.5
1233,62,Richard Blumenthal,14,-5
1234,62,Richard Blumenthal,15,5
1235,62,Richard Blumenthal,16,-5
1236,62,Richard Blumenthal,17,-2.5
1237,62,Richard Blumenthal,18,-5
1238,62,Richard Blumenthal,19,0
1239,62,Richard Blumenthal,20,-5
1240,63,Richard Burr,1,5
1241,63,Richard Burr,2,0
1242,63,Richard Burr,3,5
1243,63,Richard Burr,4,5
1244,63,Richard Burr,5,5
1245,63,Richard Burr,6,5
1246,63,Richard Burr,7,2.5
1247,63,Richard Burr,8,2.5
1248,63,Richard Burr,9,2.5
1249,63,Richard Burr,10,5
1250,63,Richard Burr,11,5
1251,63,Richard Burr,12,2.5
1252,63,Richard Burr,13,2.5
1253,63,Richard Burr,14,5
1254,63,Richard Burr,15,5
1255,63,Richard Burr,16,2.5
1256,63,Richard Burr,17,5
1257,63,Richard Burr,18,5
1258,63,Richard Burr,19,5
1259,63,Richard Burr,20,5
1260,64,Richard Shelby,1,5
1261,64,Richard Shelby,2,5
1262,64,Richard Shelby,3,5
1263,64,Richard Shelby,4,2.5
1264,64,Richard Shelby,5,2.5
1265,64,Richard Shelby,6,2.5
1266,64,Richard Shelby,7,5
1267,64,Richard Shelby,8,-2.5
1268,64,Richard Shelby,9,2.5
1269,64,Richard Shelby,10,5
1270,64,Richard Shelby,11,5
1271,64,Richard Shelby,12,5
1272,64,Richard Shelby,13,-2.5
1273,64,Richard Shelby,14,5
1274,64,Richard Shelby,15,5
1275,64,Richard Shelby,16,2.5
1276,64,Richard Shelby,17,5
1277,64,Richard Shelby,18,5
1278,64,Richard Shelby,19,5
1279,64,Richard Shelby,20,2.5
1280,65,Rob Maness,1,5
1281,65,Rob Maness,2,2.5
1282,65,Rob Maness,3,5
1283,65,Rob Maness,4,2.5
1284,65,Rob Maness,5,5
1285,65,Rob Maness,6,0
1286,65,Rob Maness,7,5
1287,65,Rob Maness,8,2.5
1288,65,Rob Maness,9,2.5
1289,65,Rob Maness,10,5
1290,65,Rob Maness,11,2.5
1291,65,Rob Maness,12,5
1292,65,Rob Maness,13,2.5
1293,65,Rob Maness,14,5
1294,65,Rob Maness,15,5
1295,65,Rob Maness,16,2.5
1296,65,Rob Maness,17,2.5
1297,65,Rob Maness,18,5
1298,65,Rob Maness,19,5
1299,65,Rob Maness,20,5
1300,66,Rob Portman,1,5
1301,66,Rob Portman,2,2.5
1302,66,Rob Portman,3,0
1303,66,Rob Portman,4,5
1304,66,Rob Portman,5,5
1305,66,Rob Portman,6,2.5
1306,66,Rob Portman,7,5
1307,66,Rob Portman,8,-2.5
1308,66,Rob Portman,9,5
1309,66,Rob Portman,10,5
1310,66,Rob Portman,11,5
1311,66,Rob Portman,12,-2.5
1312,66,Rob Portman,13,5
1313,66,Rob Portman,14,5
1314,66,Rob Portman,15,5
1315,66,Rob Portman,16,2.5
1316,66,Rob Portman,17,5
1317,66,Rob Portman,18,5
1318,66,Rob Portman,19,2.5
1319,66,Rob Portman,20,2.5
1320,67,Robert Marquette,1,-5
1321,67,Robert Marquette,2,0
1322,67,Robert Marquette,3,-5
1323,67,Robert Marquette,4,0
1324,67,Robert Marquette,5,2.5
1325,67,Robert Marquette,6,5
1326,67,Robert Marquette,7,0
1327,67,Robert Marquette,8,-5
1328,67,Robert Marquette,9,-5
1329,67,Robert Marquette,10,5
1330,67,Robert Marquette,11,5
1331,67,Robert Marquette,12,-2.5
1332,67,Robert Marquette,13,-2.5
1333,67,Robert Marquette,14,-2.5
1334,67,Robert Marquette,15,-5
1335,67,Robert Marquette,16,-2.5
1336,67,Robert Marquette,17,-5
1337,67,Robert Marquette,18,5
1338,67,Robert Marquette,19,-5
1339,67,Robert Marquette,20,5
1340,68,Ron Crumpton,1,-2.5
1341,68,Ron Crumpton,2,-5
1342,68,Ron Crumpton,3,-5
1343,68,Ron Crumpton,4,-5
1344,68,Ron Crumpton,5,-5
1345,68,Ron Crumpton,6,-5
1346,68,Ron Crumpton,7,-5
1347,68,Ron Crumpton,8,-5
1348,68,Ron Crumpton,9,-5
1349,68,Ron Crumpton,10,5
1350,68,Ron Crumpton,11,-2.5
1351,68,Ron Crumpton,12,-5
1352,68,Ron Crumpton,13,-5
1353,68,Ron Crumpton,14,2.5
1354,68,Ron Crumpton,15,-2.5
1355,68,Ron Crumpton,16,-5
1356,68,Ron Crumpton,17,0
1357,68,Ron Crumpton,18,-5
1358,68,Ron Crumpton,19,-5
1359,68,Ron Crumpton,20,-5
1360,69,Ron Johnson,1,5
1361,69,Ron Johnson,2,2.5
1362,69,Ron Johnson,3,5
1363,69,Ron Johnson,4,5
1364,69,Ron Johnson,5,5
1365,69,Ron Johnson,6,5
1366,69,Ron Johnson,7,2.5
1367,69,Ron Johnson,8,5
1368,69,Ron Johnson,9,-2.5
1369,69,Ron Johnson,10,5
1370,69,Ron Johnson,11,5
1371,69,Ron Johnson,12,5
1372,69,Ron Johnson,13,2.5
1373,69,Ron Johnson,14,5
1374,69,Ron Johnson,15,2.5
1375,69,Ron Johnson,16,-2.5
1376,69,Ron Johnson,17,2.5
1377,69,Ron Johnson,18,5
1378,69,Ron Johnson,19,2.5
1379,69,Ron Johnson,20,5
1380,70,Ron Wyden,1,-5
1381,70,Ron Wyden,2,-5
1382,70,Ron Wyden,3,-5
1383,70,Ron Wyden,4,-5
1384,70,Ron Wyden,5,-2.5
1385,70,Ron Wyden,6,-5
1386,70,Ron Wyden,7,-5
1387,70,Ron Wyden,8,-2.5
1388,70,Ron Wyden,9,2.5
1389,70,Ron Wyden,10,-5
1390,70,Ron Wyden,11,-5
1391,70,Ron Wyden,12,-2.5
1392,70,Ron Wyden,13,2.5
1393,70,Ron Wyden,14,-5
1394,70,Ron Wyden,15,-2.5
1395,70,Ron Wyden,16,-5
1396,70,Ron Wyden,17,-2.5
1397,70,Ron Wyden,18,-5
1398,70,Ron Wyden,19,-2.5
1399,70,Ron Wyden,20,-2.5
1400,71,Roy Blunt,1,5
1401,71,Roy Blunt,2,2.5
1402,71,Roy Blunt,3,5
1403,71,Roy Blunt,4,5
1404,71,Roy Blunt,5,5
1405,71,Roy Blunt,6,5
1406,71,Roy Blunt,7,2.5
1407,71,Roy Blunt,8,2.5
1408,71,Roy Blunt,9,2.5
1409,71,Roy Blunt,10,5
1410,71,Roy Blunt,11,5
1411,71,Roy Blunt,12,2.5
1412,71,Roy Blunt,13,5
1413,71,Roy Blunt,14,5
1414,71,Roy Blunt,15,5
1415,71,Roy Blunt,16,-2.5
1416,71,Roy Blunt,17,5
1417,71,Roy Blunt,18,5
1418,71,Roy Blunt,19,5
1419,71,Roy Blunt,20,2.5
1420,72,Russ Feingold,1,-5
1421,72,Russ Feingold,2,-5
1422,72,Russ Feingold,3,-5
1423,72,Russ Feingold,4,-5
1424,72,Russ Feingold,5,-5
1425,72,Russ Feingold,6,-5
1426,72,Russ Feingold,7,-5
1427,72,Russ Feingold,8,-5
1428,72,Russ Feingold,9,-2.5
1429,72,Russ Feingold,10,-5
1430,72,Russ Feingold,11,-5
1431,72,Russ Feingold,12,-5
1432,72,Russ Feingold,13,-5
1433,72,Russ Feingold,14,-5
1434,72,Russ Feingold,15,-2.5
1435,72,Russ Feingold,16,-5
1436,72,Russ Feingold,17,-5
1437,72,Russ Feingold,18,-2.5
1438,72,Russ Feingold,19,-2.5
1439,72,Russ Feingold,20,-5
1440,73,Scott Milne,1,2.5
1441,73,Scott Milne,2,5
1442,73,Scott Milne,3,-5
1443,73,Scott Milne,4,0
1444,73,Scott Milne,5,2.5
1445,73,Scott Milne,6,0
1446,73,Scott Milne,7,2.5
1447,73,Scott Milne,8,-5
1448,73,Scott Milne,9,5
1449,73,Scott Milne,10,2.5
1450,73,Scott Milne,11,2.5
1451,73,Scott Milne,12,5
1452,73,Scott Milne,13,0
1453,73,Scott Milne,14,5
1454,73,Scott Milne,15,0
1455,73,Scott Milne,16,-2.5
1456,73,Scott Milne,17,0
1457,73,Scott Milne,18,5
1458,73,Scott Milne,19,2.5
1459,73,Scott Milne,20,5
1460,74,Sean Haugh,1,-5
1461,74,Sean Haugh,2,5
1462,74,Sean Haugh,3,-5
1463,74,Sean Haugh,4,2.5
1464,74,Sean Haugh,5,2.5
1465,74,Sean Haugh,6,2.5
1466,74,Sean Haugh,7,5
1467,74,Sean Haugh,8,0
1468,74,Sean Haugh,9,-5
1469,74,Sean Haugh,10,2.5
1470,74,Sean Haugh,11,-2.5
1471,74,Sean Haugh,12,-5
1472,74,Sean Haugh,13,2.5
1473,74,Sean Haugh,14,2.5
1474,74,Sean Haugh,15,-5
1475,74,Sean Haugh,16,5
1476,74,Sean Haugh,17,-5
1477,74,Sean Haugh,18,5
1478,74,Sean Haugh,19,-2.5
1479,74,Sean Haugh,20,5
1480,75,Tammy Duckworth,1,-5
1481,75,Tammy Duckworth,2,-5
1482,75,Tammy Duckworth,3,-5
1483,75,Tammy Duckworth,4,0
1484,75,Tammy Duckworth,5,-5
1485,75,Tammy Duckworth,6,-5
1486,75,Tammy Duckworth,7,-5
1487,75,Tammy Duckworth,8,-5
1488,75,Tammy Duckworth,9,2.5
1489,75,Tammy Duckworth,10,-5
1490,75,Tammy Duckworth,11,-5
1491,75,Tammy Duckworth,12,-5
1492,75,Tammy Duckworth,13,5
1493,75,Tammy Duckworth,14,0
1494,75,Tammy Duckworth,15,-2.5
1495,75,Tammy Duckworth,16,-5
1496,75,Tammy Duckworth,17,-5
1497,75,Tammy Duckworth,18,-2.5
1498,75,Tammy Duckworth,19,0
1499,75,Tammy Duckworth,20,-2.5
1500,76,Ted Strickland,1,2.5
1501,76,Ted Strickland,2,-5
1502,76,Ted Strickland,3,-5
1503,76,Ted Strickland,4,-2.5
1504,76,Ted Strickland,5,-5
1505,76,Ted Strickland,6,-2.5
1506,76,Ted Strickland,7,-5
1507,76,Ted Strickland,8,-5
1508,76,Ted Strickland,9,-2.5
1509,76,Ted Strickland,10,2.5
1510,76,Ted Strickland,11,-2.5
1511,76,Ted Strickland,12,-5
1512,76,Ted Strickland,13,-5
1513,76,Ted Strickland,14,-2.5
1514,76,Ted Strickland,15,2.5
1515,76,Ted Strickland,16,-5
1516,76,Ted Strickland,17,-5
1517,76,Ted Strickland,18,-2.5
1518,76,Ted Strickland,19,-2.5
1519,76,Ted Strickland,20,-5
1520,77,Thomas Clements,1,-2.5
1521,77,Thomas Clements,2,-2.5
1522,77,Thomas Clements,3,-5
1523,77,Thomas Clements,4,5
1524,77,Thomas Clements,5,5
1525,77,Thomas Clements,6,5
1526,77,Thomas Clements,7,2.5
1527,77,Thomas Clements,8,2.5
1528,77,Thomas Clements,9,-5
1529,77,Thomas Clements,10,5
1530,77,Thomas Clements,11,5
1531,77,Thomas Clements,12,2.5
1532,77,Thomas Clements,13,5
1533,77,Thomas Clements,14,2.5
1534,77,Thomas Clements,15,-5
1535,77,Thomas Clements,16,-2.5
1536,77,Thomas Clements,17,-2.5
1537,77,Thomas Clements,18,5
1538,77,Thomas Clements,19,-5
1539,77,Thomas Clements,20,5
1540,78,Thomas Dixon,1,-5
1541,78,Thomas Dixon,2,0
1542,78,Thomas Dixon,3,0
1543,78,Thomas Dixon,4,0
1544,78,Thomas Dixon,5,-5
1545,78,Thomas Dixon,6,0
1546,78,Thomas Dixon,7,-5
1547,78,Thomas Dixon,8,0
1548,78,Thomas Dixon,9,-5
1549,78,Thomas Dixon,10,-5
1550,78,Thomas Dixon,11,0
1551,78,Thomas Dixon,12,0
1552,78,Thomas Dixon,13,-2.5
1553,78,Thomas Dixon,14,-5
1554,78,Thomas Dixon,15,0
1555,78,Thomas Dixon,16,-5
1556,78,Thomas Dixon,17,0
1557,78,Thomas Dixon,18,-5
1558,78,Thomas Dixon,19,2.5
1559,78,Thomas Dixon,20,0
1560,79,Tim Scott,1,5
1561,79,Tim Scott,2,2.5
1562,79,Tim Scott,3,5
1563,79,Tim Scott,4,5
1564,79,Tim Scott,5,5
1565,79,Tim Scott,6,5
1566,79,Tim Scott,7,5
1567,79,Tim Scott,8,2.5
1568,79,Tim Scott,9,0
1569,79,Tim Scott,10,5
1570,79,Tim Scott,11,5
1571,79,Tim Scott,12,5
1572,79,Tim Scott,13,0
1573,79,Tim Scott,14,5
1574,79,Tim Scott,15,5
1575,79,Tim Scott,16,-2.5
1576,79,Tim Scott,17,2.5
1577,79,Tim Scott,18,5
1578,79,Tim Scott,19,2.5
1579,79,Tim Scott,20,5
1580,80,Todd Young,1,5
1581,80,Todd Young,2,-2.5
1582,80,Todd Young,3,0
1583,80,Todd Young,4,2.5
1584,80,Todd Young,5,5
1585,80,Todd Young,6,5
1586,80,Todd Young,7,5
1587,80,Todd Young,8,2.5
1588,80,Todd Young,9,0
1589,80,Todd Young,10,5
1590,80,Todd Young,11,5
1591,80,Todd Young,12,5
1592,80,Todd Young,13,0
1593,80,Todd Young,14,-2.5
1594,80,Todd Young,15,5
1595,80,Todd Young,16,-5
1596,80,Todd Young,17,5
1597,80,Todd Young,18,5
1598,80,Todd Young,19,-2.5
1599,80,Todd Young,20,5
1600,81,Wendy Long,1,5
1601,81,Wendy Long,2,5
1602,81,Wendy Long,3,5
1603,81,Wendy Long,4,2.5
1604,81,Wendy Long,5,5
1605,81,Wendy Long,6,0
1606,81,Wendy Long,7,2.5
1607,81,Wendy Long,8,5
1608,81,Wendy Long,9,2.5
1609,81,Wendy Long,10,5
1610,81,Wendy Long,11,5
1611,81,Wendy Long,12,5
1612,81,Wendy Long,13,-5
1613,81,Wendy Long,14,0
1614,81,Wendy Long,15,5
1615,81,Wendy Long,16,-5
1616,81,Wendy Long,17,5
1617,81,Wendy Long,18,2.5
1618,81,Wendy Long,19,5
1619,81,Wendy Long,20,2.5