,can_id,candidate,topic,value,state
0,1,Alex Merced,1,-5.0,New York
1,1,Alex Merced,2,5.0,New York
2,1,Alex Merced,3,-5.0,New York
3,1,Alex Merced,4,-5.0,New York
4,1,Alex Merced,5,5.0,New York
5,1,Alex Merced,6,2.5,New York
6,1,Alex Merced,7,5.0,New York
7,1,Alex Merced,8,5.0,New York
8,1,Alex Merced,9,-5.0,New York
9,1,Alex Merced,10,5.0,New York
10,1,Alex Merced,11,5.0,New York
11,1,Alex Merced,12,-5.0,New York
12,1,Alex Merced,13,5.0,New York
13,1,Alex Merced,14,-2.5,New York
14,1,Alex Merced,15,-2.5,New York
15,1,Alex Merced,16,-5.0,New York
16,1,Alex Merced,17,-5.0,New York
17,1,Alex Merced,18,5.0,New York
18,1,Alex Merced,19,-5.0,New York
19,1,Alex Merced,20,5.0,New York
20,2,Allen Buckley,1,-2.5,Georgia
21,2,Allen Buckley,2,5.0,Georgia
22,2,Allen Buckley,3,-2.5,Georgia
23,2,Allen Buckley,4,0.0,Georgia
24,2,Allen Buckley,5,5.0,Georgia
25,2,Allen Buckley,6,0.0,Georgia
26,2,Allen Buckley,7,-2.5,Georgia
27,2,Allen Buckley,8,0.0,Georgia
28,2,Allen Buckley,9,5.0,Georgia
29,2,Allen Buckley,10,5.0,Georgia
30,2,Allen Buckley,11,2.5,Georgia
31,2,Allen Buckley,12,5.0,Georgia
32,2,Allen Buckley,13,-2.5,Georgia
33,2,Allen Buckley,14,2.5,Georgia
34,2,Allen Buckley,15,-5.0,Georgia
35,2,Allen Buckley,16,0.0,Georgia
36,2,Allen Buckley,17,2.5,Georgia
37,2,Allen Buckley,18,-5.0,Georgia
38,2,Allen Buckley,19,-5.0,Georgia
39,2,Allen Buckley,20,5.0,Georgia
40,3,Ann Kirkpatrick,1,-5.0,Arizona
41,3,Ann Kirkpatrick,2,-5.0,Arizona
42,3,Ann Kirkpatrick,3,-5.0,Arizona
43,3,Ann Kirkpatrick,4,2.5,Arizona
44,3,Ann Kirkpatrick,5,-2.5,Arizona
45,3,Ann Kirkpatrick,6,-5.0,Arizona
46,3,Ann Kirkpatrick,7,-2.5,Arizona
47,3,Ann Kirkpatrick,8,-2.5,Arizona
48,3,Ann Kirkpatrick,9,2.5,Arizona
49,3,Ann Kirkpatrick,10,5.0,Arizona
50,3,Ann Kirkpatrick,11,-5.0,Arizona
51,3,Ann Kirkpatrick,12,5.0,Arizona
52,3,Ann Kirkpatrick,13,2.5,Arizona
53,3,Ann Kirkpatrick,14,-5.0,Arizona
54,3,Ann Kirkpatrick,15,5.0,Arizona
55,3,Ann Kirkpatrick,16,-5.0,Arizona
56,3,Ann Kirkpatrick,17,-2.5,Arizona
57,3,Ann Kirkpatrick,18,2.5,Arizona
58,3,Ann Kirkpatrick,19,-5.0,Arizona
59,3,Ann Kirkpatrick,20,-5.0,Arizona
60,4,Brian Schatz,1,-5.0,Hawaii
61,4,Brian Schatz,2,-5.0,Hawaii
62,4,Brian Schatz,3,-5.0,Hawaii
63,4,Brian Schatz,4,0.0,Hawaii
64,4,Brian Schatz,5,0.0,Hawaii
65,4,Brian Schatz,6,-5.0,Hawaii
66,4,Brian Schatz,7,-2.5,Hawaii
67,4,Brian Schatz,8,-5.0,Hawaii
68,4,Brian Schatz,9,2.5,Hawaii
69,4,Brian Schatz,10,-5.0,Hawaii
70,4,Brian Schatz,11,5.0,Hawaii
71,4,Brian Schatz,12,-2.5,Hawaii
72,4,Brian Schatz,13,2.5,Hawaii
73,4,Brian Schatz,14,5.0,Hawaii
74,4,Brian Schatz,15,-2.5,Hawaii
75,4,Brian Schatz,16,-5.0,Hawaii
76,4,Brian Schatz,17,-2.5,Hawaii
77,4,Brian Schatz,18,-5.0,Hawaii
78,4,Brian Schatz,19,2.5,Hawaii
79,4,Brian Schatz,20,-2.5,Hawaii
80,5,Catherine Cortez Masto,1,-5.0,Nevada
81,5,Catherine Cortez Masto,2,-5.0,Nevada
82,5,Catherine Cortez Masto,3,2.5,Nevada
83,5,Catherine Cortez Masto,4,0.0,Nevada
84,5,Catherine Cortez Masto,5,-5.0,Nevada
85,5,Catherine Cortez Masto,6,-5.0,Nevada
86,5,Catherine Cortez Masto,7,-5.0,Nevada
87,5,Catherine Cortez Masto,8,-5.0,Nevada
88,5,Catherine Cortez Masto,9,2.5,Nevada
89,5,Catherine Cortez Masto,10,-2.5,Nevada
90,5,Catherine Cortez Masto,11,-2.5,Nevada
91,5,Catherine Cortez Masto,12,-5.0,Nevada
92,5,Catherine Cortez Masto,13,-5.0,Nevada
93,5,Catherine Cortez Masto,14,-2.5,Nevada
94,5,Catherine Cortez Masto,15,0.0,Nevada
95,5,Catherine Cortez Masto,16,-5.0,Nevada
96,5,Catherine Cortez Masto,17,2.5,Nevada
97,5,Catherine Cortez Masto,18,-5.0,Nevada
98,5,Catherine Cortez Masto,19,-2.5,Nevada
99,5,Catherine Cortez Masto,20,-2.5,Nevada
100,6,Charles Boustany,1,5.0,Louisiana
101,6,Charles Boustany,2,2.5,Louisiana
102,6,Charles Boustany,3,5.0,Louisiana
103,6,Charles Boustany,4,2.5,Louisiana
104,6,Charles Boustany,5,5.0,Louisiana
105,6,Charles Boustany,6,5.0,Louisiana
106,6,Charles Boustany,7,5.0,Louisiana
107,6,Charles Boustany,8,5.0,Louisiana
108,6,Charles Boustany,9,-2.5,Louisiana
109,6,Charles Boustany,10,5.0,Louisiana
110,6,Charles Boustany,11,5.0,Louisiana
111,6,Charles Boustany,12,5.0,Louisiana
112,6,Charles Boustany,13,2.5,Louisiana
113,6,Charles Boustany,14,5.0,Louisiana
114,6,Charles Boustany,15,2.5,Louisiana
115,6,Charles Boustany,16,-2.5,Louisiana
116,6,Charles Boustany,17,5.0,Louisiana
117,6,Charles Boustany,18,5.0,Louisiana
118,6,Charles Boustany,19,5.0,Louisiana
119,6,Charles Boustany,20,2.5,Louisiana
120,7,Charles Schumer,1,-5.0,New York
121,7,Charles Schumer,2,-5.0,New York
122,7,Charles Schumer,3,-5.0,New York
123,7,Charles Schumer,4,-2.5,New York
124,7,Charles Schumer,5,-5.0,New York
125,7,Charles Schumer,6,-5.0,New York
126,7,Charles Schumer,7,-5.0,New York
127,7,Charles Schumer,8,-2.5,New York
128,7,Charles Schumer,9,2.5,New York
129,7,Charles Schumer,10,-5.0,New York
130,7,Charles Schumer,11,-5.0,New York
131,7,Charles Schumer,12,-5.0,New York
132,7,Charles Schumer,13,-2.5,New York
133,7,Charles Schumer,14,-5.0,New York
134,7,Charles Schumer,15,2.5,New York
135,7,Charles Schumer,16,-5.0,New York
136,7,Charles Schumer,17,2.5,New York
137,7,Charles Schumer,18,-5.0,New York
138,7,Charles Schumer,19,2.5,New York
139,7,Charles Schumer,20,-5.0,New York
140,8,Chris Van Hollen,1,-5.0,Maryland
141,8,Chris Van Hollen,2,-5.0,Maryland
142,8,Chris Van Hollen,3,-5.0,Maryland
143,8,Chris Van Hollen,4,-5.0,Maryland
144,8,Chris Van Hollen,5,-5.0,Maryland
145,8,Chris Van Hollen,6,-5.0,Maryland
146,8,Chris Van Hollen,7,-5.0,Maryland
147,8,Chris Van Hollen,8,-5.0,Maryland
148,8,Chris Van Hollen,9,-2.5,Maryland
149,8,Chris Van Hollen,10,-5.0,Maryland
150,8,Chris Van Hollen,11,-2.5,Maryland
151,8,Chris Van Hollen,12,-5.0,Maryland
152,8,Chris Van Hollen,13,2.5,Maryland
153,8,Chris Van Hollen,14,-5.0,Maryland
154,8,Chris Van Hollen,15,0.0,Maryland
155,8,Chris Van Hollen,16,-5.0,Maryland
156,8,Chris Van Hollen,17,2.5,Maryland
157,8,Chris Van Hollen,18,-5.0,Maryland
158,8,Chris Van Hollen,19,-5.0,Maryland
159,8,Chris Van Hollen,20,-5.0,Maryland
160,9,Chris Vance,1,0.0,Washington
161,9,Chris Vance,2,0.0,Washington
162,9,Chris Vance,3,-2.5,Washington
163,9,Chris Vance,4,0.0,Washington
164,9,Chris Vance,5,2.5,Washington
165,9,Chris Vance,6,-2.5,Washington
166,9,Chris Vance,7,5.0,Washington
167,9,Chris Vance,8,-2.5,Washington
168,9,Chris Vance,9,0.0,Washington
169,9,Chris Vance,10,0.0,Washington
170,9,Chris Vance,11,0.0,Washington
171,9,Chris Vance,12,-5.0,Washington
172,9,Chris Vance,13,5.0,Washington
173,9,Chris Vance,14,5.0,Washington
174,9,Chris Vance,15,5.0,Washington
175,9,Chris Vance,16,0.0,Washington
176,9,Chris Vance,17,2.5,Washington
177,9,Chris Vance,18,2.5,Washington
178,9,Chris Vance,19,0.0,Washington
179,9,Chris Vance,20,2.5,Washington
180,10,Charles Grassley,1,5.0,Iowa
181,10,Charles Grassley,2,5.0,Iowa
182,10,Charles Grassley,3,5.0,Iowa
183,10,Charles Grassley,4,5.0,Iowa
184,10,Charles Grassley,5,2.5,Iowa
185,10,Charles Grassley,6,2.5,Iowa
186,10,Charles Grassley,7,5.0,Iowa
187,10,Charles Grassley,8,-2.5,Iowa
188,10,Charles Grassley,9,2.5,Iowa
189,10,Charles Grassley,10,5.0,Iowa
190,10,Charles Grassley,11,5.0,Iowa
191,10,Charles Grassley,12,5.0,Iowa
192,10,Charles Grassley,13,5.0,Iowa
193,10,Charles Grassley,14,5.0,Iowa
194,10,Charles Grassley,15,2.5,Iowa
195,10,Charles Grassley,16,2.5,Iowa
196,10,Charles Grassley,17,5.0,Iowa
197,10,Charles Grassley,18,2.5,Iowa
198,10,Charles Grassley,19,5.0,Iowa
199,10,Charles Grassley,20,2.5,Iowa
200,11,Conner Eldridge,1,-2.5,Arkansas
201,11,Conner Eldridge,2,-5.0,Arkansas
202,11,Conner Eldridge,3,-2.5,Arkansas
203,11,Conner Eldridge,4,0.0,Arkansas
204,11,Conner Eldridge,5,-2.5,Arkansas
205,11,Conner Eldridge,6,-5.0,Arkansas
206,11,Conner Eldridge,7,-2.5,Arkansas
207,11,Conner Eldridge,8,2.5,Arkansas
208,11,Conner Eldridge,9,2.5,Arkansas
209,11,Conner Eldridge,10,5.0,Arkansas
210,11,Conner Eldridge,11,2.5,Arkansas
211,11,Conner Eldridge,12,-2.5,Arkansas
212,11,Conner Eldridge,13,-5.0,Arkansas
213,11,Conner Eldridge,14,5.0,Arkansas
214,11,Conner Eldridge,15,5.0,Arkansas
215,11,Conner Eldridge,16,-2.5,Arkansas
216,11,Conner Eldridge,17,2.5,Arkansas
217,11,Conner Eldridge,18,0.0,Arkansas
218,11,Conner Eldridge,19,2.5,Arkansas
219,11,Conner Eldridge,20,2.5,Arkansas
220,12,Dan Carter,1,0.0,Connecticut
221,12,Dan Carter,2,0.0,Connecticut
222,12,Dan Carter,3,0.0,Connecticut
223,12,Dan Carter,4,0.0,Connecticut
224,12,Dan Carter,5,5.0,Connecticut
225,12,Dan Carter,6,0.0,Connecticut
226,12,Dan Carter,7,0.0,Connecticut
227,12,Dan Carter,8,0.0,Connecticut
228,12,Dan Carter,9,0.0,Connecticut
229,12,Dan Carter,10,5.0,Connecticut
230,12,Dan Carter,11,5.0,Connecticut
231,12,Dan Carter,12,5.0,Connecticut
232,12,Dan Carter,13,-5.0,Connecticut
233,12,Dan Carter,14,5.0,Connecticut
234,12,Dan Carter,15,5.0,Connecticut
235,12,Dan Carter,16,-2.5,Connecticut
236,12,Dan Carter,17,5.0,Connecticut
237,12,Dan Carter,18,0.0,Connecticut
238,12,Dan Carter,19,5.0,Connecticut
239,12,Dan Carter,20,5.0,Connecticut
240,13,Darryl Glenn,1,5.0,Colorado
241,13,Darryl Glenn,2,0.0,Colorado
242,13,Darryl Glenn,3,5.0,Colorado
243,13,Darryl Glenn,4,5.0,Colorado
244,13,Darryl Glenn,5,2.5,Colorado
245,13,Darryl Glenn,6,2.5,Colorado
246,13,Darryl Glenn,7,5.0,Colorado
247,13,Darryl Glenn,8,-2.5,Colorado
248,13,Darryl Glenn,9,5.0,Colorado
249,13,Darryl Glenn,10,5.0,Colorado
250,13,Darryl Glenn,11,5.0,Colorado
251,13,Darryl Glenn,12,5.0,Colorado
252,13,Darryl Glenn,13,0.0,Colorado
253,13,Darryl Glenn,14,5.0,Colorado
254,13,Darryl Glenn,15,5.0,Colorado
255,13,Darryl Glenn,16,-2.5,Colorado
256,13,Darryl Glenn,17,5.0,Colorado
257,13,Darryl Glenn,18,5.0,Colorado
258,13,Darryl Glenn,19,-2.5,Colorado
259,13,Darryl Glenn,20,5.0,Colorado
260,14,Deborah Ross,1,-5.0,North Carolina
261,14,Deborah Ross,2,-5.0,North Carolina
262,14,Deborah Ross,3,-5.0,North Carolina
263,14,Deborah Ross,4,0.0,North Carolina
264,14,Deborah Ross,5,-2.5,North Carolina
265,14,Deborah Ross,6,-5.0,North Carolina
266,14,Deborah Ross,7,-2.5,North Carolina
267,14,Deborah Ross,8,5.0,North Carolina
268,14,Deborah Ross,9,-5.0,North Carolina
269,14,Deborah Ross,10,-5.0,North Carolina
270,14,Deborah Ross,11,-5.0,North Carolina
271,14,Deborah Ross,12,-5.0,North Carolina
272,14,Deborah Ross,13,-5.0,North Carolina
273,14,Deborah Ross,14,-5.0,North Carolina
274,14,Deborah Ross,15,2.5,North Carolina
275,14,Deborah Ross,16,-5.0,North Carolina
276,14,Deborah Ross,17,2.5,North Carolina
277,14,Deborah Ross,18,-2.5,North Carolina
278,14,Deborah Ross,19,-2.5,North Carolina
279,14,Deborah Ross,20,-5.0,North Carolina
280,15,Eliot Glassheim,1,-2.5,North Dakota
281,15,Eliot Glassheim,2,0.0,North Dakota
282,15,Eliot Glassheim,3,-5.0,North Dakota
283,15,Eliot Glassheim,4,0.0,North Dakota
284,15,Eliot Glassheim,5,-2.5,North Dakota
285,15,Eliot Glassheim,6,-5.0,North Dakota
286,15,Eliot Glassheim,7,0.0,North Dakota
287,15,Eliot Glassheim,8,0.0,North Dakota
288,15,Eliot Glassheim,9,2.5,North Dakota
289,15,Eliot Glassheim,10,2.5,North Dakota
290,15,Eliot Glassheim,11,0.0,North Dakota
291,15,Eliot Glassheim,12,-5.0,North Dakota
292,15,Eliot Glassheim,13,0.0,North Dakota
293,15,Eliot Glassheim,14,0.0,North Dakota
294,15,Eliot Glassheim,15,0.0,North Dakota
295,15,Eliot Glassheim,16,-5.0,North Dakota
296,15,Eliot Glassheim,17,5.0,North Dakota
297,15,Eliot Glassheim,18,-5.0,North Dakota
298,15,Eliot Glassheim,19,0.0,North Dakota
299,15,Eliot Glassheim,20,-5.0,North Dakota
300,16,Evan Bayh,1,-2.5,Indiana
301,16,Evan Bayh,2,-5.0,Indiana
302,16,Evan Bayh,3,-5.0,Indiana
303,16,Evan Bayh,4,2.5,Indiana
304,16,Evan Bayh,5,-5.0,Indiana
305,16,Evan Bayh,6,0.0,Indiana
306,16,Evan Bayh,7,-5.0,Indiana
307,16,Evan Bayh,8,-5.0,Indiana
308,16,Evan Bayh,9,-2.5,Indiana
309,16,Evan Bayh,10,-2.5,Indiana
310,16,Evan Bayh,11,-5.0,Indiana
311,16,Evan Bayh,12,-2.5,Indiana
312,16,Evan Bayh,13,2.5,Indiana
313,16,Evan Bayh,14,-2.5,Indiana
314,16,Evan Bayh,15,2.5,Indiana
315,16,Evan Bayh,16,-5.0,Indiana
316,16,Evan Bayh,17,2.5,Indiana
317,16,Evan Bayh,18,-2.5,Indiana
318,16,Evan Bayh,19,-2.5,Indiana
319,16,Evan Bayh,20,-5.0,Indiana
320,17,Foster Campbell,1,0.0,Louisiana
321,17,Foster Campbell,2,-5.0,Louisiana
322,17,Foster Campbell,3,0.0,Louisiana
323,17,Foster Campbell,4,0.0,Louisiana
324,17,Foster Campbell,5,-2.5,Louisiana
325,17,Foster Campbell,6,0.0,Louisiana
326,17,Foster Campbell,7,-5.0,Louisiana
327,17,Foster Campbell,8,0.0,Louisiana
328,17,Foster Campbell,9,2.5,Louisiana
329,17,Foster Campbell,10,0.0,Louisiana
330,17,Foster Campbell,11,5.0,Louisiana
331,17,Foster Campbell,12,0.0,Louisiana
332,17,Foster Campbell,13,0.0,Louisiana
333,17,Foster Campbell,14,0.0,Louisiana
334,17,Foster Campbell,15,0.0,Louisiana
335,17,Foster Campbell,16,-5.0,Louisiana
336,17,Foster Campbell,17,0.0,Louisiana
337,17,Foster Campbell,18,0.0,Louisiana
338,17,Foster Campbell,19,0.0,Louisiana
339,17,Foster Campbell,20,0.0,Louisiana
340,18,Frank Gilbert,1,2.5,Arkansas
341,18,Frank Gilbert,2,5.0,Arkansas
342,18,Frank Gilbert,3,-5.0,Arkansas
343,18,Frank Gilbert,4,2.5,Arkansas
344,18,Frank Gilbert,5,5.0,Arkansas
345,18,Frank Gilbert,6,2.5,Arkansas
346,18,Frank Gilbert,7,5.0,Arkansas
347,18,Frank Gilbert,8,-2.5,Arkansas
348,18,Frank Gilbert,9,-2.5,Arkansas
349,18,Frank Gilbert,10,5.0,Arkansas
350,18,Frank Gilbert,11,5.0,Arkansas
351,18,Frank Gilbert,12,-2.5,Arkansas
352,18,Frank Gilbert,13,2.5,Arkansas
353,18,Frank Gilbert,14,5.0,Arkansas
354,18,Frank Gilbert,15,-2.5,Arkansas
355,18,Frank Gilbert,16,-2.5,Arkansas
356,18,Frank Gilbert,17,-5.0,Arkansas
357,18,Frank Gilbert,18,2.5,Arkansas
358,18,Frank Gilbert,19,-2.5,Arkansas
359,18,Frank Gilbert,20,2.5,Arkansas
360,19,James Lankford,1,5.0,Oklahoma
361,19,James Lankford,2,5.0,Oklahoma
362,19,James Lankford,3,5.0,Oklahoma
363,19,James Lankford,4,5.0,Oklahoma
364,19,James Lankford,5,5.0,Oklahoma
365,19,James Lankford,6,5.0,Oklahoma
366,19,James Lankford,7,5.0,Oklahoma
367,19,James Lankford,8,5.0,Oklahoma
368,19,James Lankford,9,-5.0,Oklahoma
369,19,James Lankford,10,5.0,Oklahoma
370,19,James Lankford,11,5.0,Oklahoma
371,19,James Lankford,12,5.0,Oklahoma
372,19,James Lankford,13,2.5,Oklahoma
373,19,James Lankford,14,5.0,Oklahoma
374,19,James Lankford,15,5.0,Oklahoma
375,19,James Lankford,16,-2.5,Oklahoma
376,19,James Lankford,17,5.0,Oklahoma
377,19,James Lankford,18,5.0,Oklahoma
378,19,James Lankford,19,0.0,Oklahoma
379,19,James Lankford,20,2.5,Oklahoma
380,20,Jason Kander,1,-5.0,Missouri
381,20,Jason Kander,2,-2.5,Missouri
382,20,Jason Kander,3,-5.0,Missouri
383,20,Jason Kander,4,0.0,Missouri
384,20,Jason Kander,5,-5.0,Missouri
385,20,Jason Kander,6,-2.5,Missouri
386,20,Jason Kander,7,5.0,Missouri
387,20,Jason Kander,8,-5.0,Missouri
388,20,Jason Kander,9,-2.5,Missouri
389,20,Jason Kander,10,-5.0,Missouri
390,20,Jason Kander,11,2.5,Missouri
391,20,Jason Kander,12,-2.5,Missouri
392,20,Jason Kander,13,-2.5,Missouri
393,20,Jason Kander,14,-2.5,Missouri
394,20,Jason Kander,15,2.5,Missouri
395,20,Jason Kander,16,-2.5,Missouri
396,20,Jason Kander,17,-2.5,Missouri
397,20,Jason Kander,18,-5.0,Missouri
398,20,Jason Kander,19,2.5,Missouri
399,20,Jason Kander,20,-2.5,Missouri
400,21,Jay Williams,1,-5.0,South Dakota
401,21,Jay Williams,2,-5.0,South Dakota
402,21,Jay Williams,3,0.0,South Dakota
403,21,Jay Williams,4,0.0,South Dakota
404,21,Jay Williams,5,-5.0,South Dakota
405,21,Jay Williams,6,2.5,South Dakota
406,21,Jay Williams,7,-5.0,South Dakota
407,21,Jay Williams,8,0.0,South Dakota
408,21,Jay Williams,9,-5.0,South Dakota
409,21,Jay Williams,10,-2.5,South Dakota
410,21,Jay Williams,11,-5.0,South Dakota
411,21,Jay Williams,12,-5.0,South Dakota
412,21,Jay Williams,13,0.0,South Dakota
413,21,Jay Williams,14,-5.0,South Dakota
414,21,Jay Williams,15,0.0,South Dakota
415,21,Jay Williams,16,-2.5,South Dakota
416,21,Jay Williams,17,-2.5,South Dakota
417,21,Jay Williams,18,-5.0,South Dakota
418,21,Jay Williams,19,-2.5,South Dakota
419,21,Jay Williams,20,0.0,South Dakota
420,22,Jerry Moran,1,5.0,Kansas
421,22,Jerry Moran,2,-2.5,Kansas
422,22,Jerry Moran,3,5.0,Kansas
423,22,Jerry Moran,4,5.0,Kansas
424,22,Jerry Moran,5,2.5,Kansas
425,22,Jerry Moran,6,5.0,Kansas
426,22,Jerry Moran,7,2.5,Kansas
427,22,Jerry Moran,8,2.5,Kansas
428,22,Jerry Moran,9,2.5,Kansas
429,22,Jerry Moran,10,5.0,Kansas
430,22,Jerry Moran,11,5.0,Kansas
431,22,Jerry Moran,12,2.5,Kansas
432,22,Jerry Moran,13,5.0,Kansas
433,22,Jerry Moran,14,5.0,Kansas
434,22,Jerry Moran,15,2.5,Kansas
435,22,Jerry Moran,16,-2.5,Kansas
436,22,Jerry Moran,17,5.0,Kansas
437,22,Jerry Moran,18,5.0,Kansas
438,22,Jerry Moran,19,5.0,Kansas
439,22,Jerry Moran,20,2.5,Kansas
440,23,Jerry Sturgill,1,0.0,Idaho
441,23,Jerry Sturgill,2,0.0,Idaho
442,23,Jerry Sturgill,3,0.0,Idaho
443,23,Jerry Sturgill,4,0.0,Idaho
444,23,Jerry Sturgill,5,0.0,Idaho
445,23,Jerry Sturgill,6,0.0,Idaho
446,23,Jerry Sturgill,7,0.0,Idaho
447,23,Jerry Sturgill,8,-5.0,Idaho
448,23,Jerry Sturgill,9,0.0,Idaho
449,23,Jerry Sturgill,10,2.5,Idaho
450,23,Jerry Sturgill,11,0.0,Idaho
451,23,Jerry Sturgill,12,0.0,Idaho
452,23,Jerry Sturgill,13,2.5,Idaho
453,23,Jerry Sturgill,14,0.0,Idaho
454,23,Jerry Sturgill,15,0.0,Idaho
455,23,Jerry Sturgill,16,-2.5,Idaho
456,23,Jerry Sturgill,17,0.0,Idaho
457,23,Jerry Sturgill,18,-2.5,Idaho
458,23,Jerry Sturgill,19,0.0,Idaho
459,23,Jerry Sturgill,20,2.5,Idaho
460,24,Jim Barksdale,1,-2.5,Georgia
461,24,Jim Barksdale,2,-5.0,Georgia
462,24,Jim Barksdale,3,0.0,Georgia
463,24,Jim Barksdale,4,-2.5,Georgia
464,24,Jim Barksdale,5,-5.0,Georgia
465,24,Jim Barksdale,6,-5.0,Georgia
466,24,Jim Barksdale,7,-5.0,Georgia
467,24,Jim Barksdale,8,0.0,Georgia
468,24,Jim Barksdale,9,0.0,Georgia
469,24,Jim Barksdale,10,5.0,Georgia
470,24,Jim Barksdale,11,0.0,Georgia
471,24,Jim Barksdale,12,-5.0,Georgia
472,24,Jim Barksdale,13,-5.0,Georgia
473,24,Jim Barksdale,14,-5.0,Georgia
474,24,Jim Barksdale,15,5.0,Georgia
475,24,Jim Barksdale,16,-5.0,Georgia
476,24,Jim Barksdale,17,-5.0,Georgia
477,24,Jim Barksdale,18,-5.0,Georgia
478,24,Jim Barksdale,19,0.0,Georgia
479,24,Jim Barksdale,20,0.0,Georgia
480,25,Jim Gray,1,0.0,Kentucky
481,25,Jim Gray,2,-5.0,Kentucky
482,25,Jim Gray,3,-5.0,Kentucky
483,25,Jim Gray,4,0.0,Kentucky
484,25,Jim Gray,5,-2.5,Kentucky
485,25,Jim Gray,6,-5.0,Kentucky
486,25,Jim Gray,7,-2.5,Kentucky
487,25,Jim Gray,8,2.5,Kentucky
488,25,Jim Gray,9,0.0,Kentucky
489,25,Jim Gray,10,-2.5,Kentucky
490,25,Jim Gray,11,0.0,Kentucky
491,25,Jim Gray,12,0.0,Kentucky
492,25,Jim Gray,13,2.5,Kentucky
493,25,Jim Gray,14,-2.5,Kentucky
494,25,Jim Gray,15,2.5,Kentucky
495,25,Jim Gray,16,-5.0,Kentucky
496,25,Jim Gray,17,5.0,Kentucky
497,25,Jim Gray,18,5.0,Kentucky
498,25,Jim Gray,19,-5.0,Kentucky
499,25,Jim Gray,20,-2.5,Kentucky
500,26,Joe Heck,1,5.0,Nevada
501,26,Joe Heck,2,-2.5,Nevada
502,26,Joe Heck,3,2.5,Nevada
503,26,Joe Heck,4,0.0,Nevada
504,26,Joe Heck,5,5.0,Nevada
505,26,Joe Heck,6,5.0,Nevada
506,26,Joe Heck,7,5.0,Nevada
507,26,Joe Heck,8,2.5,Nevada
508,26,Joe Heck,9,2.5,Nevada
509,26,Joe Heck,10,5.0,Nevada
510,26,Joe Heck,11,5.0,Nevada
511,26,Joe Heck,12,2.5,Nevada
512,26,Joe Heck,13,-2.5,Nevada
513,26,Joe Heck,14,2.5,Nevada
514,26,Joe Heck,15,2.5,Nevada
515,26,Joe Heck,16,-5.0,Nevada
516,26,Joe Heck,17,2.5,Nevada
517,26,Joe Heck,18,5.0,Nevada
518,26,Joe Heck,19,-2.5,Nevada
519,26,Joe Heck,20,2.5,Nevada
520,27,Joe Miller,1,5.0,Alaska
521,27,Joe Miller,2,5.0,Alaska
522,27,Joe Miller,3,5.0,Alaska
523,27,Joe Miller,4,5.0,Alaska
524,27,Joe Miller,5,5.0,Alaska
525,27,Joe Miller,6,5.0,Alaska
526,27,Joe Miller,7,5.0,Alaska
527,27,Joe Miller,8,5.0,Alaska
528,27,Joe Miller,9,2.5,Alaska
529,27,Joe Miller,10,5.0,Alaska
530,27,Joe Miller,11,5.0,Alaska
531,27,Joe Miller,12,5.0,Alaska
532,27,Joe Miller,13,2.5,Alaska
533,27,Joe Miller,14,0.0,Alaska
534,27,Joe Miller,15,2.5,Alaska
535,27,Joe Miller,16,2.5,Alaska
536,27,Joe Miller,17,5.0,Alaska
537,27,Joe Miller,18,5.0,Alaska
538,27,Joe Miller,19,2.5,Alaska
539,27,Joe Miller,20,5.0,Alaska
540,28,John Boozman,1,5.0,Arkansas
541,28,John Boozman,2,2.5,Arkansas
542,28,John Boozman,3,5.0,Arkansas
543,28,John Boozman,4,5.0,Arkansas
544,28,John Boozman,5,5.0,Arkansas
545,28,John Boozman,6,5.0,Arkansas
546,28,John Boozman,7,5.0,Arkansas
547,28,John Boozman,8,2.5,Arkansas
548,28,John Boozman,9,5.0,Arkansas
549,28,John Boozman,10,5.0,Arkansas
550,28,John Boozman,11,5.0,Arkansas
551,28,John Boozman,12,5.0,Arkansas
552,28,John Boozman,13,5.0,Arkansas
553,28,John Boozman,14,5.0,Arkansas
554,28,John Boozman,15,2.5,Arkansas
555,28,John Boozman,16,-2.5,Arkansas
556,28,John Boozman,17,5.0,Arkansas
557,28,John Boozman,18,5.0,Arkansas
558,28,John Boozman,19,5.0,Arkansas
559,28,John Boozman,20,2.5,Arkansas
560,29,John Carroll,1,5.0,Hawaii
561,29,John Carroll,2,0.0,Hawaii
562,29,John Carroll,3,-2.5,Hawaii
563,29,John Carroll,4,0.0,Hawaii
564,29,John Carroll,5,2.5,Hawaii
565,29,John Carroll,6,5.0,Hawaii
566,29,John Carroll,7,-2.5,Hawaii
567,29,John Carroll,8,-5.0,Hawaii
568,29,John Carroll,9,-5.0,Hawaii
569,29,John Carroll,10,0.0,Hawaii
570,29,John Carroll,11,5.0,Hawaii
571,29,John Carroll,12,2.5,Hawaii
572,29,John Carroll,13,5.0,Hawaii
573,29,John Carroll,14,-2.5,Hawaii
574,29,John Carroll,15,5.0,Hawaii
575,29,John Carroll,16,5.0,Hawaii
576,29,John Carroll,17,2.5,Hawaii
577,29,John Carroll,18,5.0,Hawaii
578,29,John Carroll,19,0.0,Hawaii
579,29,John Carroll,20,-2.5,Hawaii
580,30,John Fleming,1,5.0,Louisiana
581,30,John Fleming,2,2.5,Louisiana
582,30,John Fleming,3,5.0,Louisiana
583,30,John Fleming,4,5.0,Louisiana
584,30,John Fleming,5,2.5,Louisiana
585,30,John Fleming,6,5.0,Louisiana
586,30,John Fleming,7,2.5,Louisiana
587,30,John Fleming,8,2.5,Louisiana
588,30,John Fleming,9,0.0,Louisiana
589,30,John Fleming,10,5.0,Louisiana
590,30,John Fleming,11,5.0,Louisiana
591,30,John Fleming,12,5.0,Louisiana
592,30,John Fleming,13,0.0,Louisiana
593,30,John Fleming,14,5.0,Louisiana
594,30,John Fleming,15,5.0,Louisiana
595,30,John Fleming,16,-2.5,Louisiana
596,30,John Fleming,17,2.5,Louisiana
597,30,John Fleming,18,5.0,Louisiana
598,30,John Fleming,19,0.0,Louisiana
599,30,John Fleming,20,0.0,Louisiana
600,31,John Hoeven,1,5.0,North Dakota
601,31,John Hoeven,2,-2.5,North Dakota
602,31,John Hoeven,3,5.0,North Dakota
603,31,John Hoeven,4,5.0,North Dakota
604,31,John Hoeven,5,5.0,North Dakota
605,31,John Hoeven,6,2.5,North Dakota
606,31,John Hoeven,7,-2.5,North Dakota
607,31,John Hoeven,8,2.5,North Dakota
608,31,John Hoeven,9,2.5,North Dakota
609,31,John Hoeven,10,5.0,North Dakota
610,31,John Hoeven,11,2.5,North Dakota
611,31,John Hoeven,12,2.5,North Dakota
612,31,John Hoeven,13,2.5,North Dakota
613,31,John Hoeven,14,5.0,North Dakota
614,31,John Hoeven,15,0.0,North Dakota
615,31,John Hoeven,16,-2.5,North Dakota
616,31,John Hoeven,17,2.5,North Dakota
617,31,John Hoeven,18,2.5,North Dakota
618,31,John Hoeven,19,2.5,North Dakota
619,31,John Hoeven,20,-2.5,North Dakota
620,32,John McCain,1,2.5,Arizona
621,32,John McCain,2,-2.5,Arizona
622,32,John McCain,3,-2.5,Arizona
623,32,John McCain,4,2.5,Arizona
624,32,John McCain,5,2.5,Arizona
625,32,John McCain,6,5.0,Arizona
626,32,John McCain,7,5.0,Arizona
627,32,John McCain,8,-2.5,Arizona
628,32,John McCain,9,2.5,Arizona
629,32,John McCain,10,5.0,Arizona
630,32,John McCain,11,2.5,Arizona
631,32,John McCain,12,-2.5,Arizona
632,32,John McCain,13,5.0,Arizona
633,32,John McCain,14,2.5,Arizona
634,32,John McCain,15,2.5,Arizona
635,32,John McCain,16,-5.0,Arizona
636,32,John McCain,17,5.0,Arizona
637,32,John McCain,18,-2.5,Arizona
638,32,John McCain,19,5.0,Arizona
639,32,John McCain,20,2.5,Arizona
640,33,John Kennedy,1,2.5,Louisiana
641,33,John Kennedy,2,-5.0,Louisiana
642,33,John Kennedy,3,5.0,Louisiana
643,33,John Kennedy,4,0.0,Louisiana
644,33,John Kennedy,5,-5.0,Louisiana
645,33,John Kennedy,6,-2.5,Louisiana
646,33,John Kennedy,7,-2.5,Louisiana
647,33,John Kennedy,8,-5.0,Louisiana
648,33,John Kennedy,9,5.0,Louisiana
649,33,John Kennedy,10,5.0,Louisiana
650,33,John Kennedy,11,-2.5,Louisiana
651,33,John Kennedy,12,5.0,Louisiana
652,33,John Kennedy,13,-5.0,Louisiana
653,33,John Kennedy,14,5.0,Louisiana
654,33,John Kennedy,15,5.0,Louisiana
655,33,John Kennedy,16,-2.5,Louisiana
656,33,John Kennedy,17,-2.5,Louisiana
657,33,John Kennedy,18,2.5,Louisiana
658,33,John Kennedy,19,0.0,Louisiana
659,33,John Kennedy,20,2.5,Louisiana
660,34,John Thune,1,5.0,South Dakota
661,34,John Thune,2,5.0,South Dakota
662,34,John Thune,3,5.0,South Dakota
663,34,John Thune,4,5.0,South Dakota
664,34,John Thune,5,2.5,South Dakota
665,34,John Thune,6,2.5,South Dakota
666,34,John Thune,7,2.5,South Dakota
667,34,John Thune,8,2.5,South Dakota
668,34,John Thune,9,2.5,South Dakota
669,34,John Thune,10,5.0,South Dakota
670,34,John Thune,11,5.0,South Dakota
671,34,John Thune,12,5.0,South Dakota
672,34,John Thune,13,5.0,South Dakota
673,34,John Thune,14,5.0,South Dakota
674,34,John Thune,15,2.5,South Dakota
675,34,John Thune,16,-2.5,South Dakota
676,34,John Thune,17,5.0,South Dakota
677,34,John Thune,18,5.0,South Dakota
678,34,John Thune,19,5.0,South Dakota
679,34,John Thune,20,5.0,South Dakota
680,35,Johnny Isakson,1,5.0,Georgia
681,35,Johnny Isakson,2,0.0,Georgia
682,35,Johnny Isakson,3,5.0,Georgia
683,35,Johnny Isakson,4,5.0,Georgia
684,35,Johnny Isakson,5,2.5,Georgia
685,35,Johnny Isakson,6,5.0,Georgia
686,35,Johnny Isakson,7,5.0,Georgia
687,35,Johnny Isakson,8,2.5,Georgia
688,35,Johnny Isakson,9,5.0,Georgia
689,35,Johnny Isakson,10,5.0,Georgia
690,35,Johnny Isakson,11,5.0,Georgia
691,35,Johnny Isakson,12,5.0,Georgia
692,35,Johnny Isakson,13,5.0,Georgia
693,35,Johnny Isakson,14,5.0,Georgia
694,35,Johnny Isakson,15,2.5,Georgia
695,35,Johnny Isakson,16,0.0,Georgia
696,35,Johnny Isakson,17,5.0,Georgia
697,35,Johnny Isakson,18,5.0,Georgia
698,35,Johnny Isakson,19,2.5,Georgia
699,35,Johnny Isakson,20,2.5,Georgia
700,36,Joseph Cao,1,2.5,Louisiana
701,36,Joseph Cao,2,0.0,Louisiana
702,36,Joseph Cao,3,-2.5,Louisiana
703,36,Joseph Cao,4,0.0,Louisiana
704,36,Joseph Cao,5,-2.5,Louisiana
705,36,Joseph Cao,6,0.0,Louisiana
706,36,Joseph Cao,7,-2.5,Louisiana
707,36,Joseph Cao,8,-2.5,Louisiana
708,36,Joseph Cao,9,2.5,Louisiana
709,36,Joseph Cao,10,-2.5,Louisiana
710,36,Joseph Cao,11,0.0,Louisiana
711,36,Joseph Cao,12,-5.0,Louisiana
712,36,Joseph Cao,13,0.0,Louisiana
713,36,Joseph Cao,14,0.0,Louisiana
714,36,Joseph Cao,15,0.0,Louisiana
715,36,Joseph Cao,16,-2.5,Louisiana
716,36,Joseph Cao,17,2.5,Louisiana
717,36,Joseph Cao,18,0.0,Louisiana
718,36,Joseph Cao,19,0.0,Louisiana
719,36,Joseph Cao,20,-5.0,Louisiana
720,37,Kamala Harris,1,-5.0,California
721,37,Kamala Harris,2,-2.5,California
722,37,Kamala Harris,3,-5.0,California
723,37,Kamala Harris,4,0.0,California
724,37,Kamala Harris,5,-2.5,California
725,37,Kamala Harris,6,0.0,California
726,37,Kamala Harris,7,0.0,California
727,37,Kamala Harris,8,-2.5,California
728,37,Kamala Harris,9,2.5,California
729,37,Kamala Harris,10,-5.0,California
730,37,Kamala Harris,11,0.0,California
731,37,Kamala Harris,12,-5.0,California
732,37,Kamala Harris,13,0.0,California
733,37,Kamala Harris,14,-5.0,California
734,37,Kamala Harris,15,0.0,California
735,37,Kamala Harris,16,0.0,California
736,37,Kamala Harris,17,-2.5,California
737,37,Kamala Harris,18,-5.0,California
738,37,Kamala Harris,19,-2.5,California
739,37,Kamala Harris,20,-5.0,California
740,38,Kathy Szeliga,1,5.0,Maryland
741,38,Kathy Szeliga,2,-5.0,Maryland
742,38,Kathy Szeliga,3,5.0,Maryland
743,38,Kathy Szeliga,4,0.0,Maryland
744,38,Kathy Szeliga,5,5.0,Maryland
745,38,Kathy Szeliga,6,2.5,Maryland
746,38,Kathy Szeliga,7,2.5,Maryland
747,38,Kathy Szeliga,8,5.0,Maryland
748,38,Kathy Szeliga,9,5.0,Maryland
749,38,Kathy Szeliga,10,5.0,Maryland
750,38,Kathy Szeliga,11,5.0,Maryland
751,38,Kathy Szeliga,12,5.0,Maryland
752,38,Kathy Szeliga,13,5.0,Maryland
753,38,Kathy Szeliga,14,5.0,Maryland
754,38,Kathy Szeliga,15,2.5,Maryland
755,38,Kathy Szeliga,16,-5.0,Maryland
756,38,Kathy Szeliga,17,0.0,Maryland
757,38,Kathy Szeliga,18,2.5,Maryland
758,38,Kathy Szeliga,19,5.0,Maryland
759,38,Kathy Szeliga,20,-2.5,Maryland
760,39,Katie McGinty,1,-5.0,Pennsylvania
761,39,Katie McGinty,2,-5.0,Pennsylvania
762,39,Katie McGinty,3,-5.0,Pennsylvania
763,39,Katie McGinty,4,0.0,Pennsylvania
764,39,Katie McGinty,5,-5.0,Pennsylvania
765,39,Katie McGinty,6,-5.0,Pennsylvania
766,39,Katie McGinty,7,-5.0,Pennsylvania
767,39,Katie McGinty,8,-5.0,Pennsylvania
768,39,Katie McGinty,9,-2.5,Pennsylvania
769,39,Katie McGinty,10,2.5,Pennsylvania
770,39,Katie McGinty,11,-5.0,Pennsylvania
771,39,Katie McGinty,12,-2.5,Pennsylvania
772,39,Katie McGinty,13,-2.5,Pennsylvania
773,39,Katie McGinty,14,-2.5,Pennsylvania
774,39,Katie McGinty,15,5.0,Pennsylvania
775,39,Katie McGinty,16,-5.0,Pennsylvania
776,39,Katie McGinty,17,-5.0,Pennsylvania
777,39,Katie McGinty,18,-2.5,Pennsylvania
778,39,Katie McGinty,19,-2.5,Pennsylvania
779,39,Katie McGinty,20,-2.5,Pennsylvania
780,40,Kelly Ayotte,1,5.0,New Hampshire
781,40,Kelly Ayotte,2,-5.0,New Hampshire
782,40,Kelly Ayotte,3,5.0,New Hampshire
783,40,Kelly Ayotte,4,0.0,New Hampshire
784,40,Kelly Ayotte,5,5.0,New Hampshire
785,40,Kelly Ayotte,6,5.0,New Hampshire
786,40,Kelly Ayotte,7,5.0,New Hampshire
787,40,Kelly Ayotte,8,2.5,New Hampshire
788,40,Kelly Ayotte,9,5.0,New Hampshire
789,40,Kelly Ayotte,10,5.0,New Hampshire
790,40,Kelly Ayotte,11,5.0,New Hampshire
791,40,Kelly Ayotte,12,5.0,New Hampshire
792,40,Kelly Ayotte,13,0.0,New Hampshire
793,40,Kelly Ayotte,14,5.0,New Hampshire
794,40,Kelly Ayotte,15,5.0,New Hampshire
795,40,Kelly Ayotte,16,-5.0,New Hampshire
796,40,Kelly Ayotte,17,5.0,New Hampshire
797,40,Kelly Ayotte,18,5.0,New Hampshire
798,40,Kelly Ayotte,19,5.0,New Hampshire
799,40,Kelly Ayotte,20,5.0,New Hampshire
800,41,Lisa Murkowski,1,2.5,Alaska
801,41,Lisa Murkowski,2,-2.5,Alaska
802,41,Lisa Murkowski,3,5.0,Alaska
803,41,Lisa Murkowski,4,5.0,Alaska
804,41,Lisa Murkowski,5,-2.5,Alaska
805,41,Lisa Murkowski,6,2.5,Alaska
806,41,Lisa Murkowski,7,2.5,Alaska
807,41,Lisa Murkowski,8,-2.5,Alaska
808,41,Lisa Murkowski,9,2.5,Alaska
809,41,Lisa Murkowski,10,5.0,Alaska
810,41,Lisa Murkowski,11,5.0,Alaska
811,41,Lisa Murkowski,12,2.5,Alaska
812,41,Lisa Murkowski,13,5.0,Alaska
813,41,Lisa Murkowski,14,5.0,Alaska
814,41,Lisa Murkowski,15,5.0,Alaska
815,41,Lisa Murkowski,16,-2.5,Alaska
816,41,Lisa Murkowski,17,5.0,Alaska
817,41,Lisa Murkowski,18,5.0,Alaska
818,41,Lisa Murkowski,19,5.0,Alaska
819,41,Lisa Murkowski,20,2.5,Alaska
820,42,Loretta Sanchez,1,-5.0,California
821,42,Loretta Sanchez,2,-5.0,California
822,42,Loretta Sanchez,3,-5.0,California
823,42,Loretta Sanchez,4,-2.5,California
824,42,Loretta Sanchez,5,-5.0,California
825,42,Loretta Sanchez,6,-2.5,California
826,42,Loretta Sanchez,7,-5.0,California
827,42,Loretta Sanchez,8,-5.0,California
828,42,Loretta Sanchez,9,-2.5,California
829,42,Loretta Sanchez,10,-2.5,California
830,42,Loretta Sanchez,11,-2.5,California
831,42,Loretta Sanchez,12,-5.0,California
832,42,Loretta Sanchez,13,-2.5,California
833,42,Loretta Sanchez,14,-5.0,California
834,42,Loretta Sanchez,15,2.5,California
835,42,Loretta Sanchez,16,-2.5,California
836,42,Loretta Sanchez,17,-2.5,California
837,42,Loretta Sanchez,18,-5.0,California
838,42,Loretta Sanchez,19,-5.0,California
839,42,Loretta Sanchez,20,-2.5,California
840,43,Maggie Hassan,1,-5.0,New Hampshire
841,43,Maggie Hassan,2,-5.0,New Hampshire
842,43,Maggie Hassan,3,-5.0,New Hampshire
843,43,Maggie Hassan,4,0.0,New Hampshire
844,43,Maggie Hassan,5,-5.0,New Hampshire
845,43,Maggie Hassan,6,0.0,New Hampshire
846,43,Maggie Hassan,7,-5.0,New Hampshire
847,43,Maggie Hassan,8,2.5,New Hampshire
848,43,Maggie Hassan,9,2.5,New Hampshire
849,43,Maggie Hassan,10,-2.5,New Hampshire
850,43,Maggie Hassan,11,0.0,New Hampshire
851,43,Maggie Hassan,12,2.5,New Hampshire
852,43,Maggie Hassan,13,2.5,New Hampshire
853,43,Maggie Hassan,14,2.5,New Hampshire
854,43,Maggie Hassan,15,2.5,New Hampshire
855,43,Maggie Hassan,16,-2.5,New Hampshire
856,43,Maggie Hassan,17,5.0,New Hampshire
857,43,Maggie Hassan,18,-5.0,New Hampshire
858,43,Maggie Hassan,19,-2.5,New Hampshire
859,43,Maggie Hassan,20,-5.0,New Hampshire
860,44,Marco Rubio,1,5.0,Florida
861,44,Marco Rubio,2,2.5,Florida
862,44,Marco Rubio,3,5.0,Florida
863,44,Marco Rubio,4,5.0,Florida
864,44,Marco Rubio,5,2.5,Florida
865,44,Marco Rubio,6,-2.5,Florida
866,44,Marco Rubio,7,5.0,Florida
867,44,Marco Rubio,8,5.0,Florida
868,44,Marco Rubio,9,2.5,Florida
869,44,Marco Rubio,10,5.0,Florida
870,44,Marco Rubio,11,5.0,Florida
871,44,Marco Rubio,12,2.5,Florida
872,44,Marco Rubio,13,2.5,Florida
873,44,Marco Rubio,14,2.5,Florida
874,44,Marco Rubio,15,5.0,Florida
875,44,Marco Rubio,16,-2.5,Florida
876,44,Marco Rubio,17,5.0,Florida
877,44,Marco Rubio,18,2.5,Florida
878,44,Marco Rubio,19,5.0,Florida
879,44,Marco Rubio,20,5.0,Florida
880,45,Margaret Flowers,1,-5.0,Maryland
881,45,Margaret Flowers,2,0.0,Maryland
882,45,Margaret Flowers,3,-5.0,Maryland
883,45,Margaret Flowers,4,-5.0,Maryland
884,45,Margaret Flowers,5,-5.0,Maryland
885,45,Margaret Flowers,6,0.0,Maryland
886,45,Margaret Flowers,7,-5.0,Maryland
887,45,Margaret Flowers,8,-5.0,Maryland
888,45,Margaret Flowers,9,-5.0,Maryland
889,45,Margaret Flowers,10,-5.0,Maryland
890,45,Margaret Flowers,11,0.0,Maryland
891,45,Margaret Flowers,12,0.0,Maryland
892,45,Margaret Flowers,13,-5.0,Maryland
893,45,Margaret Flowers,14,-5.0,Maryland
894,45,Margaret Flowers,15,-5.0,Maryland
895,45,Margaret Flowers,16,0.0,Maryland
896,45,Margaret Flowers,17,-5.0,Maryland
897,45,Margaret Flowers,18,-5.0,Maryland
898,45,Margaret Flowers,19,0.0,Maryland
899,45,Margaret Flowers,20,-5.0,Maryland
900,46,Mark Callahan,1,5.0,Oregon
901,46,Mark Callahan,2,0.0,Oregon
902,46,Mark Callahan,3,5.0,Oregon
903,46,Mark Callahan,4,5.0,Oregon
904,46,Mark Callahan,5,5.0,Oregon
905,46,Mark Callahan,6,0.0,Oregon
906,46,Mark Callahan,7,5.0,Oregon
907,46,Mark Callahan,8,5.0,Oregon
908,46,Mark Callahan,9,0.0,Oregon
909,46,Mark Callahan,10,5.0,Oregon
910,46,Mark Callahan,11,5.0,Oregon
911,46,Mark Callahan,12,5.0,Oregon
912,46,Mark Callahan,13,0.0,Oregon
913,46,Mark Callahan,14,5.0,Oregon
914,46,Mark Callahan,15,2.5,Oregon
915,46,Mark Callahan,16,-2.5,Oregon
916,46,Mark Callahan,17,5.0,Oregon
917,46,Mark Callahan,18,5.0,Oregon
918,46,Mark Callahan,19,0.0,Oregon
919,46,Mark Callahan,20,2.5,Oregon
920,47,Mark Kirk,1,-5.0,Illinois
921,47,Mark Kirk,2,-2.5,Illinois
922,47,Mark Kirk,3,-5.0,Illinois
923,47,Mark Kirk,4,2.5,Illinois
924,47,Mark Kirk,5,2.5,Illinois
925,47,Mark Kirk,6,2.5,Illinois
926,47,Mark Kirk,7,2.5,Illinois
927,47,Mark Kirk,8,-5.0,Illinois
928,47,Mark Kirk,9,2.5,Illinois
929,47,Mark Kirk,10,-5.0,Illinois
930,47,Mark Kirk,11,5.0,Illinois
931,47,Mark Kirk,12,0.0,Illinois
932,47,Mark Kirk,13,2.5,Illinois
933,47,Mark Kirk,14,5.0,Illinois
934,47,Mark Kirk,15,2.5,Illinois
935,47,Mark Kirk,16,-5.0,Illinois
936,47,Mark Kirk,17,2.5,Illinois
937,47,Mark Kirk,18,-2.5,Illinois
938,47,Mark Kirk,19,2.5,Illinois
939,47,Mark Kirk,20,2.5,Illinois
940,48,Michael Bennet,1,-5.0,Colorado
941,48,Michael Bennet,2,-5.0,Colorado
942,48,Michael Bennet,3,-5.0,Colorado
943,48,Michael Bennet,4,0.0,Colorado
944,48,Michael Bennet,5,-2.5,Colorado
945,48,Michael Bennet,6,-5.0,Colorado
946,48,Michael Bennet,7,-2.5,Colorado
947,48,Michael Bennet,8,-2.5,Colorado
948,48,Michael Bennet,9,0.0,Colorado
949,48,Michael Bennet,10,-2.5,Colorado
950,48,Michael Bennet,11,-5.0,Colorado
951,48,Michael Bennet,12,-5.0,Colorado
952,48,Michael Bennet,13,2.5,Colorado
953,48,Michael Bennet,14,-5.0,Colorado
954,48,Michael Bennet,15,5.0,Colorado
955,48,Michael Bennet,16,-5.0,Colorado
956,48,Michael Bennet,17,2.5,Colorado
957,48,Michael Bennet,18,-2.5,Colorado
958,48,Michael Bennet,19,5.0,Colorado
959,48,Michael Bennet,20,-2.5,Colorado
960,49,Mike Crapo,1,5.0,Idaho
961,49,Mike Crapo,2,-2.5,Idaho
962,49,Mike Crapo,3,5.0,Idaho
963,49,Mike Crapo,4,5.0,Idaho
964,49,Mike Crapo,5,2.5,Idaho
965,49,Mike Crapo,6,5.0,Idaho
966,49,Mike Crapo,7,5.0,Idaho
967,49,Mike Crapo,8,-2.5,Idaho
968,49,Mike Crapo,9,5.0,Idaho
969,49,Mike Crapo,10,5.0,Idaho
970,49,Mike Crapo,11,5.0,Idaho
971,49,Mike Crapo,12,5.0,Idaho
972,49,Mike Crapo,13,2.5,Idaho
973,49,Mike Crapo,14,5.0,Idaho
974,49,Mike Crapo,15,5.0,Idaho
975,49,Mike Crapo,16,5.0,Idaho
976,49,Mike Crapo,17,5.0,Idaho
977,49,Mike Crapo,18,5.0,Idaho
978,49,Mike Crapo,19,2.5,Idaho
979,49,Mike Crapo,20,2.5,Idaho
980,50,Mike Lee,1,5.0,Utah
981,50,Mike Lee,2,2.5,Utah
982,50,Mike Lee,3,5.0,Utah
983,50,Mike Lee,4,5.0,Utah
984,50,Mike Lee,5,5.0,Utah
985,50,Mike Lee,6,2.5,Utah
986,50,Mike Lee,7,2.5,Utah
987,50,Mike Lee,8,5.0,Utah
988,50,Mike Lee,9,-2.5,Utah
989,50,Mike Lee,10,5.0,Utah
990,50,Mike Lee,11,5.0,Utah
991,50,Mike Lee,12,5.0,Utah
992,50,Mike Lee,13,5.0,Utah
993,50,Mike Lee,14,5.0,Utah
994,50,Mike Lee,15,5.0,Utah
995,50,Mike Lee,16,-2.5,Utah
996,50,Mike Lee,17,5.0,Utah
997,50,Mike Lee,18,5.0,Utah
998,50,Mike Lee,19,0.0,Utah
999,50,Mike Lee,20,5.0,Utah
1000,51,Mike Workman,1,-5.0,Oklahoma
1001,51,Mike Workman,2,0.0,Oklahoma
1002,51,Mike Workman,3,-5.0,Oklahoma
1003,51,Mike Workman,4,0.0,Oklahoma
1004,51,Mike Workman,5,-5.0,Oklahoma
1005,51,Mike Workman,6,0.0,Oklahoma
1006,51,Mike Workman,7,-5.0,Oklahoma
1007,51,Mike Workman,8,0.0,Oklahoma
1008,51,Mike Workman,9,0.0,Oklahoma
1009,51,Mike Workman,10,5.0,Oklahoma
1010,51,Mike Workman,11,0.0,Oklahoma
1011,51,Mike Workman,12,-5.0,Oklahoma
1012,51,Mike Workman,13,-2.5,Oklahoma
1013,51,Mike Workman,14,0.0,Oklahoma
1014,51,Mike Workman,15,0.0,Oklahoma
1015,51,Mike Workman,16,-5.0,Oklahoma
1016,51,Mike Workman,17,0.0,Oklahoma
1017,51,Mike Workman,18,-5.0,Oklahoma
1018,51,Mike Workman,19,0.0,Oklahoma
1019,51,Mike Workman,20,-2.5,Oklahoma
1020,52,Misty Snow,1,-5.0,Utah
1021,52,Misty Snow,2,-5.0,Utah
1022,52,Misty Snow,3,-5.0,Utah
1023,52,Misty Snow,4,0.0,Utah
1024,52,Misty Snow,5,-5.0,Utah
1025,52,Misty Snow,6,2.5,Utah
1026,52,Misty Snow,7,0.0,Utah
1027,52,Misty Snow,8,-5.0,Utah
1028,52,Misty Snow,9,-5.0,Utah
1029,52,Misty Snow,10,-5.0,Utah
1030,52,Misty Snow,11,0.0,Utah
1031,52,Misty Snow,12,-5.0,Utah
1032,52,Misty Snow,13,0.0,Utah
1033,52,Misty Snow,14,0.0,Utah
1034,52,Misty Snow,15,0.0,Utah
1035,52,Misty Snow,16,-5.0,Utah
1036,52,Misty Snow,17,0.0,Utah
1037,52,Misty Snow,18,-5.0,Utah
1038,52,Misty Snow,19,-5.0,Utah
1039,52,Misty Snow,20,0.0,Utah
1040,53,Pat Toomey,1,5.0,Pennsylvania
1041,53,Pat Toomey,2,-2.5,Pennsylvania
1042,53,Pat Toomey,3,5.0,Pennsylvania
1043,53,Pat Toomey,4,5.0,Pennsylvania
1044,53,Pat Toomey,5,2.5,Pennsylvania
1045,53,Pat Toomey,6,5.0,Pennsylvania
1046,53,Pat Toomey,7,5.0,Pennsylvania
1047,53,Pat Toomey,8,5.0,Pennsylvania
1048,53,Pat Toomey,9,2.5,Pennsylvania
1049,53,Pat Toomey,10,5.0,Pennsylvania
1050,53,Pat Toomey,11,5.0,Pennsylvania
1051,53,Pat Toomey,12,5.0,Pennsylvania
1052,53,Pat Toomey,13,2.5,Pennsylvania
1053,53,Pat Toomey,14,5.0,Pennsylvania
1054,53,Pat Toomey,15,5.0,Pennsylvania
1055,53,Pat Toomey,16,2.5,Pennsylvania
1056,53,Pat Toomey,17,5.0,Pennsylvania
1057,53,Pat Toomey,18,5.0,Pennsylvania
1058,53,Pat Toomey,19,5.0,Pennsylvania
1059,53,Pat Toomey,20,5.0,Pennsylvania
1060,54,Patrick Leahy,1,-2.5,Vermont
1061,54,Patrick Leahy,2,-5.0,Vermont
1062,54,Patrick Leahy,3,-5.0,Vermont
1063,54,Patrick Leahy,4,-5.0,Vermont
1064,54,Patrick Leahy,5,-5.0,Vermont
1065,54,Patrick Leahy,6,-5.0,Vermont
1066,54,Patrick Leahy,7,-5.0,Vermont
1067,54,Patrick Leahy,8,-5.0,Vermont
1068,54,Patrick Leahy,9,-2.5,Vermont
1069,54,Patrick Leahy,10,-2.5,Vermont
1070,54,Patrick Leahy,11,-5.0,Vermont
1071,54,Patrick Leahy,12,-5.0,Vermont
1072,54,Patrick Leahy,13,-2.5,Vermont
1073,54,Patrick Leahy,14,-5.0,Vermont
1074,54,Patrick Leahy,15,-2.5,Vermont
1075,54,Patrick Leahy,16,-2.5,Vermont
1076,54,Patrick Leahy,17,-5.0,Vermont
1077,54,Patrick Leahy,18,-5.0,Vermont
1078,54,Patrick Leahy,19,-5.0,Vermont
1079,54,Patrick Leahy,20,-5.0,Vermont
1080,55,Patrick Murphy,1,-5.0,Florida
1081,55,Patrick Murphy,2,-5.0,Florida
1082,55,Patrick Murphy,3,-5.0,Florida
1083,55,Patrick Murphy,4,0.0,Florida
1084,55,Patrick Murphy,5,-5.0,Florida
1085,55,Patrick Murphy,6,-2.5,Florida
1086,55,Patrick Murphy,7,-5.0,Florida
1087,55,Patrick Murphy,8,-5.0,Florida
1088,55,Patrick Murphy,9,2.5,Florida
1089,55,Patrick Murphy,10,-2.5,Florida
1090,55,Patrick Murphy,11,-5.0,Florida
1091,55,Patrick Murphy,12,-5.0,Florida
1092,55,Patrick Murphy,13,2.5,Florida
1093,55,Patrick Murphy,14,-2.5,Florida
1094,55,Patrick Murphy,15,5.0,Florida
1095,55,Patrick Murphy,16,-5.0,Florida
1096,55,Patrick Murphy,17,0.0,Florida
1097,55,Patrick Murphy,18,-5.0,Florida
1098,55,Patrick Murphy,19,-2.5,Florida
1099,55,Patrick Murphy,20,-2.5,Florida
1100,56,Patrick Wiesner,1,0.0,Kansas
1101,56,Patrick Wiesner,2,0.0,Kansas
1102,56,Patrick Wiesner,3,0.0,Kansas
1103,56,Patrick Wiesner,4,0.0,Kansas
1104,56,Patrick Wiesner,5,0.0,Kansas
1105,56,Patrick Wiesner,6,0.0,Kansas
1106,56,Patrick Wiesner,7,-5.0,Kansas
1107,56,Patrick Wiesner,8,0.0,Kansas
1108,56,Patrick Wiesner,9,0.0,Kansas
1109,56,Patrick Wiesner,10,0.0,Kansas
1110,56,Patrick Wiesner,11,2.5,Kansas
1111,56,Patrick Wiesner,12,0.0,Kansas
1112,56,Patrick Wiesner,13,0.0,Kansas
1113,56,Patrick Wiesner,14,0.0,Kansas
1114,56,Patrick Wiesner,15,2.5,Kansas
1115,56,Patrick Wiesner,16,-2.5,Kansas
1116,56,Patrick Wiesner,17,0.0,Kansas
1117,56,Patrick Wiesner,18,5.0,Kansas
1118,56,Patrick Wiesner,19,0.0,Kansas
1119,56,Patrick Wiesner,20,0.0,Kansas
1120,57,Patty Judge,1,-5.0,Iowa
1121,57,Patty Judge,2,-5.0,Iowa
1122,57,Patty Judge,3,-5.0,Iowa
1123,57,Patty Judge,4,0.0,Iowa
1124,57,Patty Judge,5,-5.0,Iowa
1125,57,Patty Judge,6,-2.5,Iowa
1126,57,Patty Judge,7,-5.0,Iowa
1127,57,Patty Judge,8,-5.0,Iowa
1128,57,Patty Judge,9,-5.0,Iowa
1129,57,Patty Judge,10,-5.0,Iowa
1130,57,Patty Judge,11,-5.0,Iowa
1131,57,Patty Judge,12,-5.0,Iowa
1132,57,Patty Judge,13,-5.0,Iowa
1133,57,Patty Judge,14,-5.0,Iowa
1134,57,Patty Judge,15,-2.5,Iowa
1135,57,Patty Judge,16,-2.5,Iowa
1136,57,Patty Judge,17,-2.5,Iowa
1137,57,Patty Judge,18,-5.0,Iowa
1138,57,Patty Judge,19,-2.5,Iowa
1139,57,Patty Judge,20,-5.0,Iowa
1140,58,Patty Murray,1,-5.0,Washington
1141,58,Patty Murray,2,-5.0,Washington
1142,58,Patty Murray,3,-5.0,Washington
1143,58,Patty Murray,4,-5.0,Washington
1144,58,Patty Murray,5,-5.0,Washington
1145,58,Patty Murray,6,-5.0,Washington
1146,58,Patty Murray,7,-5.0,Washington
1147,58,Patty Murray,8,-5.0,Washington
1148,58,Patty Murray,9,-2.5,Washington
1149,58,Patty Murray,10,-5.0,Washington
1150,58,Patty Murray,11,-5.0,Washington
1151,58,Patty Murray,12,-5.0,Washington
1152,58,Patty Murray,13,5.0,Washington
1153,58,Patty Murray,14,-5.0,Washington
1154,58,Patty Murray,15,2.5,Washington
1155,58,Patty Murray,16,-2.5,Washington
1156,58,Patty Murray,17,-2.5,Washington
1157,58,Patty Murray,18,-5.0,Washington
1158,58,Patty Murray,19,-5.0,Washington
1159,58,Patty Murray,20,-5.0,Washington
1160,59,Phil Anderson,1,-5.0,Wisconsin
1161,59,Phil Anderson,2,5.0,Wisconsin
1162,59,Phil Anderson,3,-5.0,Wisconsin
1163,59,Phil Anderson,4,-5.0,Wisconsin
1164,59,Phil Anderson,5,5.0,Wisconsin
1165,59,Phil Anderson,6,5.0,Wisconsin
1166,59,Phil Anderson,7,5.0,Wisconsin
1167,59,Phil Anderson,8,5.0,Wisconsin
1168,59,Phil Anderson,9,-5.0,Wisconsin
1169,59,Phil Anderson,10,2.5,Wisconsin
1170,59,Phil Anderson,11,5.0,Wisconsin
1171,59,Phil Anderson,12,-5.0,Wisconsin
1172,59,Phil Anderson,13,5.0,Wisconsin
1173,59,Phil Anderson,14,-2.5,Wisconsin
1174,59,Phil Anderson,15,-5.0,Wisconsin
1175,59,Phil Anderson,16,-5.0,Wisconsin
1176,59,Phil Anderson,17,-5.0,Wisconsin
1177,59,Phil Anderson,18,-2.5,Wisconsin
1178,59,Phil Anderson,19,-5.0,Wisconsin
1179,59,Phil Anderson,20,5.0,Wisconsin
1180,60,Rand Paul,1,5.0,Kentucky
1181,60,Rand Paul,2,2.5,Kentucky
1182,60,Rand Paul,3,2.5,Kentucky
1183,60,Rand Paul,4,-2.5,Kentucky
1184,60,Rand Paul,5,5.0,Kentucky
1185,60,Rand Paul,6,2.5,Kentucky
1186,60,Rand Paul,7,5.0,Kentucky
1187,60,Rand Paul,8,5.0,Kentucky
1188,60,Rand Paul,9,-5.0,Kentucky
1189,60,Rand Paul,10,5.0,Kentucky
1190,60,Rand Paul,11,5.0,Kentucky
1191,60,Rand Paul,12,-2.5,Kentucky
1192,60,Rand Paul,13,5.0,Kentucky
1193,60,Rand Paul,14,-2.5,Kentucky
1194,60,Rand Paul,15,-2.5,Kentucky
1195,60,Rand Paul,16,-2.5,Kentucky
1196,60,Rand Paul,17,-5.0,Kentucky
1197,60,Rand Paul,18,5.0,Kentucky
1198,60,Rand Paul,19,-5.0,Kentucky
1199,60,Rand Paul,20,2.5,Kentucky
1200,61,Ray Metcalfe,1,-5.0,Alaska
1201,61,Ray Metcalfe,2,-5.0,Alaska
1202,61,Ray Metcalfe,3,0.0,Alaska
1203,61,Ray Metcalfe,4,0.0,Alaska
1204,61,Ray Metcalfe,5,-5.0,Alaska
1205,61,Ray Metcalfe,6,0.0,Alaska
1206,61,Ray Metcalfe,7,-2.5,Alaska
1207,61,Ray Metcalfe,8,-5.0,Alaska
1208,61,Ray Metcalfe,9,0.0,Alaska
1209,61,Ray Metcalfe,10,5.0,Alaska
1210,61,Ray Metcalfe,11,-5.0,Alaska
1211,61,Ray Metcalfe,12,0.0,Alaska
1212,61,Ray Metcalfe,13,-5.0,Alaska
1213,61,Ray Metcalfe,14,0.0,Alaska
1214,61,Ray Metcalfe,15,0.0,Alaska
1215,61,Ray Metcalfe,16,-2.5,Alaska
1216,61,Ray Metcalfe,17,0.0,Alaska
1217,61,Ray Metcalfe,18,-5.0,Alaska
1218,61,Ray Metcalfe,19,-5.0,Alaska
1219,61,Ray Metcalfe,20,0.0,Alaska
1220,62,Richard Blumenthal,1,-5.0,Connecticut
1221,62,Richard Blumenthal,2,-5.0,Connecticut
1222,62,Richard Blumenthal,3,-2.5,Connecticut
1223,62,Richard Blumenthal,4,-2.5,Connecticut
1224,62,Richard Blumenthal,5,-5.0,Connecticut
1225,62,Richard Blumenthal,6,-5.0,Connecticut
1226,62,Richard Blumenthal,7,-2.5,Connecticut
1227,62,Richard Blumenthal,8,-5.0,Connecticut
1228,62,Richard Blumenthal,9,2.5,Connecticut
1229,62,Richard Blumenthal,10,-5.0,Connecticut
1230,62,Richard Blumenthal,11,-5.0,Connecticut
1231,62,Richard Blumenthal,12,-2.5,Connecticut
1232,62,Richard Blumenthal,13,-2.5,Connecticut
1233,62,Richard Blumenthal,14,-5.0,Connecticut
1234,62,Richard Blumenthal,15,5.0,Connecticut
1235,62,Richard Blumenthal,16,-5.0,Connecticut
1236,62,Richard Blumenthal,17,-2.5,Connecticut
1237,62,Richard Blumenthal,18,-5.0,Connecticut
1238,62,Richard Blumenthal,19,0.0,Connecticut
1239,62,Richard Blumenthal,20,-5.0,Connecticut
1240,63,Richard Burr,1,5.0,North Carolina
1241,63,Richard Burr,2,0.0,North Carolina
1242,63,Richard Burr,3,5.0,North Carolina
1243,63,Richard Burr,4,5.0,North Carolina
1244,63,Richard Burr,5,5.0,North Carolina
1245,63,Richard Burr,6,5.0,North Carolina
1246,63,Richard Burr,7,2.5,North Carolina
1247,63,Richard Burr,8,2.5,North Carolina
1248,63,Richard Burr,9,2.5,North Carolina
1249,63,Richard Burr,10,5.0,North Carolina
1250,63,Richard Burr,11,5.0,North Carolina
1251,63,Richard Burr,12,2.5,North Carolina
1252,63,Richard Burr,13,2.5,North Carolina
1253,63,Richard Burr,14,5.0,North Carolina
1254,63,Richard Burr,15,5.0,North Carolina
1255,63,Richard Burr,16,2.5,North Carolina
1256,63,Richard Burr,17,5.0,North Carolina
1257,63,Richard Burr,18,5.0,North Carolina
1258,63,Richard Burr,19,5.0,North Carolina
1259,63,Richard Burr,20,5.0,North Carolina
1260,64,Richard Shelby,1,5.0,Alabama
1261,64,Richard Shelby,2,5.0,Alabama
1262,64,Richard Shelby,3,5.0,Alabama
1263,64,Richard Shelby,4,2.5,Alabama
1264,64,Richard Shelby,5,2.5,Alabama
1265,64,Richard Shelby,6,2.5,Alabama
1266,64,Richard Shelby,7,5.0,Alabama
1267,64,Richard Shelby,8,-2.5,Alabama
1268,64,Richard Shelby,9,2.5,Alabama
1269,64,Richard Shelby,10,5.0,Alabama
1270,64,Richard Shelby,11,5.0,Alabama
1271,64,Richard Shelby,12,5.0,Alabama
1272,64,Richard Shelby,13,-2.5,Alabama
1273,64,Richard Shelby,14,5.0,Alabama
1274,64,Richard Shelby,15,5.0,Alabama
1275,64,Richard Shelby,16,2.5,Alabama
1276,64,Richard Shelby,17,5.0,Alabama
1277,64,Richard Shelby,18,5.0,Alabama
1278,64,Richard Shelby,19,5.0,Alabama
1279,64,Richard Shelby,20,2.5,Alabama
1280,65,Rob Maness,1,5.0,Louisiana
1281,65,Rob Maness,2,2.5,Louisiana
1282,65,Rob Maness,3,5.0,Louisiana
1283,65,Rob Maness,4,2.5,Louisiana
1284,65,Rob Maness,5,5.0,Louisiana
1285,65,Rob Maness,6,0.0,Louisiana
1286,65,Rob Maness,7,5.0,Louisiana
1287,65,Rob Maness,8,2.5,Louisiana
1288,65,Rob Maness,9,2.5,Louisiana
1289,65,Rob Maness,10,5.0,Louisiana
1290,65,Rob Maness,11,2.5,Louisiana
1291,65,Rob Maness,12,5.0,Louisiana
1292,65,Rob Maness,13,2.5,Louisiana
1293,65,Rob Maness,14,5.0,Louisiana
1294,65,Rob Maness,15,5.0,Louisiana
1295,65,Rob Maness,16,2.5,Louisiana
1296,65,Rob Maness,17,2.5,Louisiana
1297,65,Rob Maness,18,5.0,Louisiana
1298,65,Rob Maness,19,5.0,Louisiana
1299,65,Rob Maness,20,5.0,Louisiana
1300,66,Rob Portman,1,5.0,Ohio
1301,66,Rob Portman,2,2.5,Ohio
1302,66,Rob Portman,3,0.0,Ohio
1303,66,Rob Portman,4,5.0,Ohio
1304,66,Rob Portman,5,5.0,Ohio
1305,66,Rob Portman,6,2.5,Ohio
1306,66,Rob Portman,7,5.0,Ohio
1307,66,Rob Portman,8,-2.5,Ohio
1308,66,Rob Portman,9,5.0,Ohio
1309,66,Rob Portman,10,5.0,Ohio
1310,66,Rob Portman,11,5.0,Ohio
1311,66,Rob Portman,12,-2.5,Ohio
1312,66,Rob Portman,13,5.0,Ohio
1313,66,Rob Portman,14,5.0,Ohio
1314,66,Rob Portman,15,5.0,Ohio
1315,66,Rob Portman,16,2.5,Ohio
1316,66,Rob Portman,17,5.0,Ohio
1317,66,Rob Portman,18,5.0,Ohio
1318,66,Rob Portman,19,2.5,Ohio
1319,66,Rob Portman,20,2.5,Ohio
1320,67,Robert Marquette,1,-5.0,North Dakota
1321,67,Robert Marquette,2,0.0,North Dakota
1322,67,Robert Marquette,3,-5.0,North Dakota
1323,67,Robert Marquette,4,0.0,North Dakota
1324,67,Robert Marquette,5,2.5,North Dakota
1325,67,Robert Marquette,6,5.0,North Dakota
1326,67,Robert Marquette,7,0.0,North Dakota
1327,67,Robert Marquette,8,-5.0,North Dakota
1328,67,Robert Marquette,9,-5.0,North Dakota
1329,67,Robert Marquette,10,5.0,North Dakota
1330,67,Robert Marquette,11,5.0,North Dakota
1331,67,Robert Marquette,12,-2.5,North Dakota
1332,67,Robert Marquette,13,-2.5,North Dakota
1333,67,Robert Marquette,14,-2.5,North Dakota
1334,67,Robert Marquette,15,-5.0,North Dakota
1335,67,Robert Marquette,16,-2.5,North Dakota
1336,67,Robert Marquette,17,-5.0,North Dakota
1337,67,Robert Marquette,18,5.0,North Dakota
1338,67,Robert Marquette,19,-5.0,North Dakota
1339,67,Robert Marquette,20,5.0,North Dakota
1340,68,Ron Crumpton,1,-2.5,Alabama
1341,68,Ron Crumpton,2,-5.0,Alabama
1342,68,Ron Crumpton,3,-5.0,Alabama
1343,68,Ron Crumpton,4,-5.0,Alabama
1344,68,Ron Crumpton,5,-5.0,Alabama
1345,68,Ron Crumpton,6,-5.0,Alabama
1346,68,Ron Crumpton,7,-5.0,Alabama
1347,68,Ron Crumpton,8,-5.0,Alabama
1348,68,Ron Crumpton,9,-5.0,Alabama
1349,68,Ron Crumpton,10,5.0,Alabama
1350,68,Ron Crumpton,11,-2.5,Alabama
1351,68,Ron Crumpton,12,-5.0,Alabama
1352,68,Ron Crumpton,13,-5.0,Alabama
1353,68,Ron Crumpton,14,2.5,Alabama
1354,68,Ron Crumpton,15,-2.5,Alabama
1355,68,Ron Crumpton,16,-5.0,Alabama
1356,68,Ron Crumpton,17,0.0,Alabama
1357,68,Ron Crumpton,18,-5.0,Alabama
1358,68,Ron Crumpton,19,-5.0,Alabama
1359,68,Ron Crumpton,20,-5.0,Alabama
1360,69,Ron Johnson,1,5.0,Wisconsin
1361,69,Ron Johnson,2,2.5,Wisconsin
1362,69,Ron Johnson,3,5.0,Wisconsin
1363,69,Ron Johnson,4,5.0,Wisconsin
1364,69,Ron Johnson,5,5.0,Wisconsin
1365,69,Ron Johnson,6,5.0,Wisconsin
1366,69,Ron Johnson,7,2.5,Wisconsin
1367,69,Ron Johnson,8,5.0,Wisconsin
1368,69,Ron Johnson,9,-2.5,Wisconsin
1369,69,Ron Johnson,10,5.0,Wisconsin
1370,69,Ron Johnson,11,5.0,Wisconsin
1371,69,Ron Johnson,12,5.0,Wisconsin
1372,69,Ron Johnson,13,2.5,Wisconsin
1373,69,Ron Johnson,14,5.0,Wisconsin
1374,69,Ron Johnson,15,2.5,Wisconsin
1375,69,Ron Johnson,16,-2.5,Wisconsin
1376,69,Ron Johnson,17,2.5,Wisconsin
1377,69,Ron Johnson,18,5.0,Wisconsin
1378,69,Ron Johnson,19,2.5,Wisconsin
1379,69,Ron Johnson,20,5.0,Wisconsin
1380,70,Ron Wyden,1,-5.0,Oregon
1381,70,Ron Wyden,2,-5.0,Oregon
1382,70,Ron Wyden,3,-5.0,Oregon
1383,70,Ron Wyden,4,-5.0,Oregon
1384,70,Ron Wyden,5,-2.5,Oregon
1385,70,Ron Wyden,6,-5.0,Oregon
1386,70,Ron Wyden,7,-5.0,Oregon
1387,70,Ron Wyden,8,-2.5,Oregon
1388,70,Ron Wyden,9,2.5,Oregon
1389,70,Ron Wyden,10,-5.0,Oregon
1390,70,Ron Wyden,11,-5.0,Oregon
1391,70,Ron Wyden,12,-2.5,Oregon
1392,70,Ron Wyden,13,2.5,Oregon
1393,70,Ron Wyden,14,-5.0,Oregon
1394,70,Ron Wyden,15,-2.5,Oregon
1395,70,Ron Wyden,16,-5.0,Oregon
1396,70,Ron Wyden,17,-2.5,Oregon
1397,70,Ron Wyden,18,-5.0,Oregon
1398,70,Ron Wyden,19,-2.5,Oregon
1399,70,Ron Wyden,20,-2.5,Oregon
1400,71,Roy Blunt,1,5.0,Missouri
1401,71,Roy Blunt,2,2.5,Missouri
1402,71,Roy Blunt,3,5.0,Missouri
1403,71,Roy Blunt,4,5.0,Missouri
1404,71,Roy Blunt,5,5.0,Missouri
1405,71,Roy Blunt,6,5.0,Missouri
1406,71,Roy Blunt,7,2.5,Missouri
1407,71,Roy Blunt,8,2.5,Missouri
1408,71,Roy Blunt,9,2.5,Missouri
1409,71,Roy Blunt,10,5.0,Missouri
1410,71,Roy Blunt,11,5.0,Missouri
1411,71,Roy Blunt,12,2.5,Missouri
1412,71,Roy Blunt,13,5.0,Missouri
1413,71,Roy Blunt,14,5.0,Missouri
1414,71,Roy Blunt,15,5.0,Missouri
1415,71,Roy Blunt,16,-2.5,Missouri
1416,71,Roy Blunt,17,5.0,Missouri
1417,71,Roy Blunt,18,5.0,Missouri
1418,71,Roy Blunt,19,5.0,Missouri
1419,71,Roy Blunt,20,2.5,Missouri
1420,72,Russ Feingold,1,-5.0,Wisconsin
1421,72,Russ Feingold,2,-5.0,Wisconsin
1422,72,Russ Feingold,3,-5.0,Wisconsin
1423,72,Russ Feingold,4,-5.0,Wisconsin
1424,72,Russ Feingold,5,-5.0,Wisconsin
1425,72,Russ Feingold,6,-5.0,Wisconsin
1426,72,Russ Feingold,7,-5.0,Wisconsin
1427,72,Russ Feingold,8,-5.0,Wisconsin
1428,72,Russ Feingold,9,-2.5,Wisconsin
1429,72,Russ Feingold,10,-5.0,Wisconsin
1430,72,Russ Feingold,11,-5.0,Wisconsin
1431,72,Russ Feingold,12,-5.0,Wisconsin
1432,72,Russ Feingold,13,-5.0,Wisconsin
1433,72,Russ Feingold,14,-5.0,Wisconsin
1434,72,Russ Feingold,15,-2.5,Wisconsin
1435,72,Russ Feingold,16,-5.0,Wisconsin
1436,72,Russ Feingold,17,-5.0,Wisconsin
1437,72,Russ Feingold,18,-2.5,Wisconsin
1438,72,Russ Feingold,19,-2.5,Wisconsin
1439,72,Russ Feingold,20,-5.0,Wisconsin
1440,73,Scott Milne,1,2.5,Vermont
1441,73,Scott Milne,2,5.0,Vermont
1442,73,Scott Milne,3,-5.0,Vermont
1443,73,Scott Milne,4,0.0,Vermont
1444,73,Scott Milne,5,2.5,Vermont
1445,73,Scott Milne,6,0.0,Vermont
1446,73,Scott Milne,7,2.5,Vermont
1447,73,Scott Milne,8,-5.0,Vermont
1448,73,Scott Milne,9,5.0,Vermont
1449,73,Scott Milne,10,2.5,Vermont
1450,73,Scott Milne,11,2.5,Vermont
1451,73,Scott Milne,12,5.0,Vermont
1452,73,Scott Milne,13,0.0,Vermont
1453,73,Scott Milne,14,5.0,Vermont
1454,73,Scott Milne,15,0.0,Vermont
1455,73,Scott Milne,16,-2.5,Vermont
1456,73,Scott Milne,17,0.0,Vermont
1457,73,Scott Milne,18,5.0,Vermont
1458,73,Scott Milne,19,2.5,Vermont
1459,73,Scott Milne,20,5.0,Vermont
1460,74,Sean Haugh,1,-5.0,North Carolina
1461,74,Sean Haugh,2,5.0,North Carolina
1462,74,Sean Haugh,3,-5.0,North Carolina
1463,74,Sean Haugh,4,2.5,North Carolina
1464,74,Sean Haugh,5,2.5,North Carolina
1465,74,Sean Haugh,6,2.5,North Carolina
1466,74,Sean Haugh,7,5.0,North Carolina
1467,74,Sean Haugh,8,0.0,North Carolina
1468,74,Sean Haugh,9,-5.0,North Carolina
1469,74,Sean Haugh,10,2.5,North Carolina
1470,74,Sean Haugh,11,-2.5,North Carolina
1471,74,Sean Haugh,12,-5.0,North Carolina
1472,74,Sean Haugh,13,2.5,North Carolina
1473,74,Sean Haugh,14,2.5,North Carolina
1474,74,Sean Haugh,15,-5.0,North Carolina
1475,74,Sean Haugh,16,5.0,North Carolina
1476,74,Sean Haugh,17,-5.0,North Carolina
1477,74,Sean Haugh,18,5.0,North Carolina
1478,74,Sean Haugh,19,-2.5,North Carolina
1479,74,Sean Haugh,20,5.0,North Carolina
1480,75,Tammy Duckworth,1,-5.0,Illinois
1481,75,Tammy Duckworth,2,-5.0,Illinois
1482,75,Tammy Duckworth,3,-5.0,Illinois
1483,75,Tammy Duckworth,4,0.0,Illinois
1484,75,Tammy Duckworth,5,-5.0,Illinois
1485,75,Tammy Duckworth,6,-5.0,Illinois
1486,75,Tammy Duckworth,7,-5.0,Illinois
1487,75,Tammy Duckworth,8,-5.0,Illinois
1488,75,Tammy Duckworth,9,2.5,Illinois
1489,75,Tammy Duckworth,10,-5.0,Illinois
1490,75,Tammy Duckworth,11,-5.0,Illinois
1491,75,Tammy Duckworth,12,-5.0,Illinois
1492,75,Tammy Duckworth,13,5.0,Illinois
1493,75,Tammy Duckworth,14,0.0,Illinois
1494,75,Tammy Duckworth,15,-2.5,Illinois
1495,75,Tammy Duckworth,16,-5.0,Illinois
1496,75,Tammy Duckworth,17,-5.0,Illinois
1497,75,Tammy Duckworth,18,-2.5,Illinois
1498,75,Tammy Duckworth,19,0.0,Illinois
1499,75,Tammy Duckworth,20,-2.5,Illinois
1500,76,Ted Strickland,1,2.5,Ohio
1501,76,Ted Strickland,2,-5.0,Ohio
1502,76,Ted Strickland,3,-5.0,Ohio
1503,76,Ted Strickland,4,-2.5,Ohio
1504,76,Ted Strickland,5,-5.0,Ohio
1505,76,Ted Strickland,6,-2.5,Ohio
1506,76,Ted Strickland,7,-5.0,Ohio
1507,76,Ted Strickland,8,-5.0,Ohio
1508,76,Ted Strickland,9,-2.5,Ohio
1509,76,Ted Strickland,10,2.5,Ohio
1510,76,Ted Strickland,11,-2.5,Ohio
1511,76,Ted Strickland,12,-5.0,Ohio
1512,76,Ted Strickland,13,-5.0,Ohio
1513,76,Ted Strickland,14,-2.5,Ohio
1514,76,Ted Strickland,15,2.5,Ohio
1515,76,Ted Strickland,16,-5.0,Ohio
1516,76,Ted Strickland,17,-5.0,Ohio
1517,76,Ted Strickland,18,-2.5,Ohio
1518,76,Ted Strickland,19,-2.5,Ohio
1519,76,Ted Strickland,20,-5.0,Ohio
1520,77,Thomas Clements,1,-2.5,Louisiana
1521,77,Thomas Clements,2,-2.5,Louisiana
1522,77,Thomas Clements,3,-5.0,Louisiana
1523,77,Thomas Clements,4,5.0,Louisiana
1524,77,Thomas Clements,5,5.0,Louisiana
1525,77,Thomas Clements,6,5.0,Louisiana
1526,77,Thomas Clements,7,2.5,Louisiana
1527,77,Thomas Clements,8,2.5,Louisiana
1528,77,Thomas Clements,9,-5.0,Louisiana
1529,77,Thomas Clements,10,5.0,Louisiana
1530,77,Thomas Clements,11,5.0,Louisiana
1531,77,Thomas Clements,12,2.5,Louisiana
1532,77,Thomas Clements,13,5.0,Louisiana
1533,77,Thomas Clements,14,2.5,Louisiana
1534,77,Thomas Clements,15,-5.0,Louisiana
1535,77,Thomas Clements,16,-2.5,Louisiana
1536,77,Thomas Clements,17,-2.5,Louisiana
1537,77,Thomas Clements,18,5.0,Louisiana
1538,77,Thomas Clements,19,-5.0,Louisiana
1539,77,Thomas Clements,20,5.0,Louisiana
1540,78,Thomas Dixon,1,-5.0,South Carolina
1541,78,Thomas Dixon,2,0.0,South Carolina
1542,78,Thomas Dixon,3,0.0,South Carolina
1543,78,Thomas Dixon,4,0.0,South Carolina
1544,78,Thomas Dixon,5,-5.0,South Carolina
1545,78,Thomas Dixon,6,0.0,South Carolina
1546,78,Thomas Dixon,7,-5.0,South Carolina
1547,78,Thomas Dixon,8,0.0,South Carolina
1548,78,Thomas Dixon,9,-5.0,South Carolina
1549,78,Thomas Dixon,10,-5.0,South Carolina
1550,78,Thomas Dixon,11,0.0,South Carolina
1551,78,Thomas Dixon,12,0.0,South Carolina
1552,78,Thomas Dixon,13,-2.5,South Carolina
1553,78,Thomas Dixon,14,-5.0,South Carolina
1554,78,Thomas Dixon,15,0.0,South Carolina
1555,78,Thomas Dixon,16,-5.0,South Carolina
1556,78,Thomas Dixon,17,0.0,South Carolina
1557,78,Thomas Dixon,18,-5.0,South Carolina
1558,78,Thomas Dixon,19,2.5,South Carolina
1559,78,Thomas Dixon,20,0.0,South Carolina
1560,79,Tim Scott,1,5.0,South Carolina
1561,79,Tim Scott,2,2.5,South Carolina
1562,79,Tim Scott,3,5.0,South Carolina
1563,79,Tim Scott,4,5.0,South Carolina
1564,79,Tim Scott,5,5.0,South Carolina
1565,79,Tim Scott,6,5.0,South Carolina
1566,79,Tim Scott,7,5.0,South Carolina
1567,79,Tim Scott,8,2.5,South Carolina
1568,79,Tim Scott,9,0.0,South Carolina
1569,79,Tim Scott,10,5.0,South Carolina
1570,79,Tim Scott,11,5.0,South Carolina
1571,79,Tim Scott,12,5.0,South Carolina
1572,79,Tim Scott,13,0.0,South Carolina
1573,79,Tim Scott,14,5.0,South Carolina
1574,79,Tim Scott,15,5.0,South Carolina
1575,79,Tim Scott,16,-2.5,South Carolina
1576,79,Tim Scott,17,2.5,South Carolina
1577,79,Tim Scott,18,5.0,South Carolina
1578,79,Tim Scott,19,2.5,South Carolina
1579,79,Tim Scott,20,5.0,South Carolina
1580,80,Todd Young,1,5.0,Indiana
1581,80,Todd Young,2,-2.5,Indiana
1582,80,Todd Young,3,0.0,Indiana
1583,80,Todd Young,4,2.5,Indiana
1584,80,Todd Young,5,5.0,Indiana
1585,80,Todd Young,6,5.0,Indiana
1586,80,Todd Young,7,5.0,Indiana
1587,80,Todd Young,8,2.5,Indiana
1588,80,Todd Young,9,0.0,Indiana
1589,80,Todd Young,10,5.0,Indiana
1590,80,Todd Young,11,5.0,Indiana
1591,80,Todd Young,12,5.0,Indiana
1592,80,Todd Young,13,0.0,Indiana
1593,80,Todd Young,14,-2.5,Indiana
1594,80,Todd Young,15,5.0,Indiana
1595,80,Todd Young,16,-5.0,Indiana
1596,80,Todd Young,17,5.0,Indiana
1597,80,Todd Young,18,5.0,Indiana
1598,80,Todd Young,19,-2.5,Indiana
1599,80,Todd Young,20,5.0,Indiana
1600,81,Wendy Long,1,5.0,New York
1601,81,Wendy Long,2,5.0,New York
1602,81,Wendy Long,3,5.0,New York
1603,81,Wendy Long,4,2.5,New York
1604,81,Wendy Long,5,5.0,New York
1605,81,Wendy Long,6,0.0,New York
1606,81,Wendy Long,7,2.5,New York
1607,81,Wendy Long,8,5.0,New York
1608,81,Wendy Long,9,2.5,New York
1609,81,Wendy Long,10,5.0,New York
1610,81,Wendy Long,11,5.0,New York
1611,81,Wendy Long,12,5.0,New York
1612,81,Wendy Long,13,-5.0,New York
1613,81,Wendy Long,14,0.0,New York
1614,81,Wendy Long,15,5.0,New York
1615,81,Wendy Long,16,-5.0,New York
1616,81,Wendy Long,17,5.0,New York
1617,81,Wendy Long,18,2.5,New York
1618,81,Wendy Long,19,5.0,New York
1619,81,Wendy Long,20,2.5,New York
