,full_name,first_name,last_name,party,state,url,year,next_senate_year,reelection_year
0,Richard_Shelby,Richard,Shelby,R,AL,http://www.ontheissues.org/Senate/Richard_Shelby.htm,2016,2018,2022
1,Jeff_Sessions,Jeff,Sessions,R,AL,http://www.ontheissues.org/Senate/Jeff_Sessions.htm,2016,2018,2022
2,Lisa_Murkowski,Lisa,Murkowski,I,AK,http://www.ontheissues.org/Senate/Lisa_Murkowski.htm,2016,2018,2022
3,Dan_Sullivan,Dan,Sullivan,R,AK,http://www.ontheissues.org/Senate/Dan_Sullivan.htm,2016,2018,2022
4,John_McCain,John,McCain,R,AZ,http://www.ontheissues.org/Senate/John_McCain.htm,2016,2018,2022
5,Jeff_Flake,Jeff,Flake,R,AZ,http://www.ontheissues.org/Senate/Jeff_Flake.htm,2016,2018,2022
6,John_Boozman,John,Boozman,R,AR,http://www.ontheissues.org/Senate/John_Boozman.htm,2016,2018,2022
7,Tom_Cotton,Tom,Cotton,R,AR,http://www.ontheissues.org/Senate/Tom_Cotton.htm,2016,2018,2022
8,Dianne_Feinstein,Dianne,Feinstein,D,CA,http://www.ontheissues.org/Senate/Dianne_Feinstein.htm,2016,2018,2022
9,Barbara_Boxer,Barbara,Boxer,D,CA,http://www.ontheissues.org/Senate/Barbara_Boxer.htm,2016,2018,2022
10,Michael_Bennet,Michael,Bennet,D,CO,http://www.ontheissues.org/Senate/Michael_Bennet.htm,2016,2018,2022
11,Cory_Gardner,Cory,Gardner,R,CO,http://www.ontheissues.org/Senate/Cory_Gardner.htm,2016,2018,2022
12,Richard_Blumenthal,Richard,Blumenthal,D,CT,http://www.ontheissues.org/Senate/Richard_Blumenthal.htm,2016,2018,2022
13,Chris_Murphy,Chris,Murphy,D,CT,http://www.ontheissues.org/Senate/Chris_Murphy.htm,2016,2018,2022
14,Tom_Carper,Tom,Carper,D,DE,http://www.ontheissues.org/Senate/Tom_Carper.htm,2016,2018,2022
15,Chris_Coons,Chris,Coons,D,DE,http://www.ontheissues.org/Senate/Chris_Coons.htm,2016,2018,2022
16,Bill_Nelson,Bill,Nelson,D,FL,http://www.ontheissues.org/Senate/Bill_Nelson.htm,2016,2018,2022
17,Marco_Rubio,Marco,Rubio,R,FL,http://www.ontheissues.org/Senate/Marco_Rubio.htm,2016,2018,2022
18,Johnny_Isakson,Johnny,Isakson,R,GA,http://www.ontheissues.org/Senate/Johnny_Isakson.htm,2016,2018,2022
19,David_Perdue,David,Perdue,R,GA,http://www.ontheissues.org/Senate/David_Perdue.htm,2016,2018,2022
20,Brian_Schatz,Brian,Schatz,D,HI,http://www.ontheissues.org/Senate/Brian_Schatz.htm,2016,2018,2022
21,Mazie_Hirono,Mazie,Hirono,D,HI,http://www.ontheissues.org/Senate/Mazie_Hirono.htm,2016,2018,2022
22,Michael_Crapo,Michael,Crapo,R,ID,http://www.ontheissues.org/Senate/Michael_Crapo.htm,2016,2018,2022
23,Jim_Risch,Jim,Risch,R,ID,http://www.ontheissues.org/Senate/Jim_Risch.htm,2016,2018,2022
24,Richard_Durbin,Richard,Durbin,D,IL,http://www.ontheissues.org/Senate/Richard_Durbin.htm,2016,2018,2022
25,Tammy_Duckworth,Tammy,Duckworth,D,IL,http://www.ontheissues.org/Senate/Tammy_Duckworth.htm,2016,2018,2022
26,Todd_Young,Todd,Young,R,IN,http://www.ontheissues.org/Senate/Todd_Young.htm,2016,2018,2022
27,Joe_Donnelly,Joe,Donnelly,D,IN,http://www.ontheissues.org/Senate/Joe_Donnelly.htm,2016,2018,2022
28,Chuck_Grassley,Chuck,Grassley,R,IA,http://www.ontheissues.org/Senate/Chuck_Grassley.htm,2016,2018,2022
29,Joni_Ernst,Joni,Ernst,R,IA,http://www.ontheissues.org/Senate/Joni_Ernst.htm,2016,2018,2022
30,Pat_Roberts,Pat,Roberts,R,KS,http://www.ontheissues.org/Senate/Pat_Roberts.htm,2016,2018,2022
31,Jerry_Moran,Jerry,Moran,R,KS,http://www.ontheissues.org/Senate/Jerry_Moran.htm,2016,2018,2022
32,Mitch_McConnell,Mitch,McConnell,R,KY,http://www.ontheissues.org/Senate/Mitch_McConnell.htm,2016,2018,2022
33,Rand_Paul,Rand,Paul,R,KY,http://www.ontheissues.org/Senate/Rand_Paul.htm,2016,2018,2022
34,John_Neely_Kennedy,John,Neely Kennedy,R,LA,http://www.ontheissues.org/Senate/John_Neely_Kennedy.htm,2016,2018,2022
35,Bill_Cassidy,Bill,Cassidy,R,LA,http://www.ontheissues.org/Senate/Bill_Cassidy.htm,2016,2018,2022
36,Susan_Collins,Susan,Collins,R,ME,http://www.ontheissues.org/Senate/Susan_Collins.htm,2016,2018,2022
37,Angus_King,Angus,King,I,ME,http://www.ontheissues.org/Senate/Angus_King.htm,2016,2018,2022
38,Chris_Van_Hollen,Chris,Van Hollen,D,MD,http://www.ontheissues.org/Senate/Chris_Van_Hollen.htm,2016,2018,2022
39,Ben_Cardin,Ben,Cardin,D,MD,http://www.ontheissues.org/Senate/Ben_Cardin.htm,2016,2018,2022
40,Elizabeth_Warren,Elizabeth,Warren,D,MA,http://www.ontheissues.org/Senate/Elizabeth_Warren.htm,2016,2018,2022
41,Ed_Markey,Ed,Markey,D,MA,http://www.ontheissues.org/Senate/Ed_Markey.htm,2016,2018,2022
42,Debbie_Stabenow,Debbie,Stabenow,D,MI,http://www.ontheissues.org/Senate/Debbie_Stabenow.htm,2016,2018,2022
43,Gary_Peters,Gary,Peters,D,MI,http://www.ontheissues.org/Senate/Gary_Peters.htm,2016,2018,2022
44,Amy_Klobuchar,Amy,Klobuchar,D,MN,http://www.ontheissues.org/Senate/Amy_Klobuchar.htm,2016,2018,2022
45,Al_Franken,Al,Franken,R,MN,http://www.ontheissues.org/Senate/Al_Franken.htm,2016,2018,2022
46,Thad_Cochran,Thad,Cochran,R,MS,http://www.ontheissues.org/Senate/Thad_Cochran.htm,2016,2018,2022
47,Roger_Wicker,Roger,Wicker,R,MS,http://www.ontheissues.org/Senate/Roger_Wicker.htm,2016,2018,2022
48,Claire_McCaskill,Claire,McCaskill,D,MO,http://www.ontheissues.org/Senate/Claire_McCaskill.htm,2016,2018,2022
49,Roy_Blunt,Roy,Blunt,R,MO,http://www.ontheissues.org/Senate/Roy_Blunt.htm,2016,2018,2022
50,Jon_Tester,Jon,Tester,D,MT,http://www.ontheissues.org/Senate/Jon_Tester.htm,2016,2018,2022
51,Steve_Daines,Steve,Daines,R,MT,http://www.ontheissues.org/Senate/Steve_Daines.htm,2016,2018,2022
52,Deb_Fischer,Deb,Fischer,R,NE,http://www.ontheissues.org/Senate/Deb_Fischer.htm,2016,2018,2022
53,Ben_Sasse,Ben,Sasse,R,NE,http://www.ontheissues.org/Senate/Ben_Sasse.htm,2016,2018,2022
54,Catherine_Cortez_Masto,Catherine,Cortez-Masto,D,NV,http://www.ontheissues.org/Senate/Catherine_Cortez_Masto.htm,2016,2018,2022
55,Dean_Heller,Dean,Heller,R,NV,http://www.ontheissues.org/Senate/Dean_Heller.htm,2016,2018,2022
56,Jeanne_Shaheen,Jeanne,Shaheen,D,NH,http://www.ontheissues.org/Senate/Jeanne_Shaheen.htm,2016,2018,2022
57,Maggie_Hassan,Maggie,Hassan,D,NH,http://www.ontheissues.org/Senate/Maggie_Hassan.htm,2016,2018,2022
58,Bob_Menendez,Bob,Menendez,D,NJ,http://www.ontheissues.org/Senate/Bob_Menendez.htm,2016,2018,2022
59,Cory_Booker,Cory,Booker,D,NJ,http://www.ontheissues.org/Senate/Cory_Booker.htm,2016,2018,2022
60,Tom_Udall,Tom,Udall,D,NM,http://www.ontheissues.org/Senate/Tom_Udall.htm,2016,2018,2022
61,Martin_Heinrich,Martin,Heinrich,R,NM,http://www.ontheissues.org/Senate/Martin_Heinrich.htm,2016,2018,2022
62,Charles_Schumer,Charles,Schumer,D,NY,http://www.ontheissues.org/Senate/Charles_Schumer.htm,2016,2018,2022
63,Kirsten_Gillibrand,Kirsten,Gillibrand,D,NY,http://www.ontheissues.org/Senate/Kirsten_Gillibrand.htm,2016,2018,2022
64,Richard_Burr,Richard,Burr,R,NC,http://www.ontheissues.org/Senate/Richard_Burr.htm,2016,2018,2022
65,Thom_Tillis,Thom,Tillis,R,NC,http://www.ontheissues.org/Senate/Thom_Tillis.htm,2016,2018,2022
66,John_Hoeven,John,Hoeven,R,ND,http://www.ontheissues.org/Senate/John_Hoeven.htm,2016,2018,2022
67,Heidi_Heitkamp,Heidi,Heitkamp,D,ND,http://www.ontheissues.org/Senate/Heidi_Heitkamp.htm,2016,2018,2022
68,Sherrod_Brown,Sherrod,Brown,D,OH,http://www.ontheissues.org/Senate/Sherrod_Brown.htm,2016,2018,2022
69,Rob_Portman,Rob,Portman,R,OH,http://www.ontheissues.org/Senate/Rob_Portman.htm,2016,2018,2022
70,James_Inhofe,James,Inhofe,R,OK,http://www.ontheissues.org/Senate/James_Inhofe.htm,2016,2018,2022
71,James_Lankford,James,Lankford,R,OK,http://www.ontheissues.org/Senate/James_Lankford.htm,2016,2018,2022
72,Ron_Wyden,Ron,Wyden,D,OR,http://www.ontheissues.org/Senate/Ron_Wyden.htm,2016,2018,2022
73,Jeff_Merkley,Jeff,Merkley,D,OR,http://www.ontheissues.org/Senate/Jeff_Merkley.htm,2016,2018,2022
74,Bob_Casey,Bob,Casey,D,PA,http://www.ontheissues.org/Senate/Bob_Casey.htm,2016,2018,2022
75,Pat_Toomey,Pat,Toomey,R,PA,http://www.ontheissues.org/Senate/Pat_Toomey.htm,2016,2018,2022
76,Jack_Reed,Jack,Reed,D,RI,http://www.ontheissues.org/Senate/Jack_Reed.htm,2016,2018,2022
77,Sheldon_Whitehouse,Sheldon,Whitehouse,D,RI,http://www.ontheissues.org/Senate/Sheldon_Whitehouse.htm,2016,2018,2022
78,Lindsey_Graham,Lindsey,Graham,R,SC,http://www.ontheissues.org/Senate/Lindsey_Graham.htm,2016,2018,2022
79,Tim_Scott,Tim,Scott,R,SC,http://www.ontheissues.org/Senate/Tim_Scott.htm,2016,2018,2022
80,John_Thune,John,Thune,R,SD,http://www.ontheissues.org/Senate/John_Thune.htm,2016,2018,2022
81,Mike_Rounds,Mike,Rounds,D,SD,http://www.ontheissues.org/Senate/Mike_Rounds.htm,2016,2018,2022
82,Lamar_Alexander,Lamar,Alexander,R,TN,http://www.ontheissues.org/Senate/Lamar_Alexander.htm,2016,2018,2022
83,Bob_Corker,Bob,Corker,R,TN,http://www.ontheissues.org/Senate/Bob_Corker.htm,2016,2018,2022
84,John_Cornyn,John,Cornyn,R,TX,http://www.ontheissues.org/Senate/John_Cornyn.htm,2016,2018,2022
85,Ted_Cruz,Ted,Cruz,R,TX,http://www.ontheissues.org/Senate/Ted_Cruz.htm,2016,2018,2022
86,Orrin_Hatch,Orrin,Hatch,R,UT,http://www.ontheissues.org/Senate/Orrin_Hatch.htm,2016,2018,2022
87,Mike_Lee,Mike,Lee,R,UT,http://www.ontheissues.org/Senate/Mike_Lee.htm,2016,2018,2022
88,Patrick_Leahy,Patrick,Leahy,D,VT,http://www.ontheissues.org/Senate/Patrick_Leahy.htm,2016,2018,2022
89,Bernie_Sanders,Bernie,Sanders,I,VT,http://www.ontheissues.org/Senate/Bernie_Sanders.htm,2016,2018,2022
90,Mark_Warner,Mark,Warner,D,VA,http://www.ontheissues.org/Senate/Mark_Warner.htm,2016,2018,2022
91,Tim_Kaine,Tim,Kaine,D,VA,http://www.ontheissues.org/Senate/Tim_Kaine.htm,2016,2018,2022
92,Patty_Murray,Patty,Murray,D,WA,http://www.ontheissues.org/Senate/Patty_Murray.htm,2016,2018,2022
93,Maria_Cantwell,Maria,Cantwell,D,WA,http://www.ontheissues.org/Senate/Maria_Cantwell.htm,2016,2018,2022
94,Joe_Manchin_III,Joe,Manchin,D,WV,http://www.ontheissues.org/Senate/Joe_Manchin_III.htm,2016,2018,2022
95,Shelley_Moore_Capito,Shelley,Moore Capito,R,WV,http://www.ontheissues.org/Senate/Shelley_Moore_Capito.htm,2016,2018,2022
96,Ron_Johnson,Ron,Johnson,O,WI,http://www.ontheissues.org/Senate/Ron_Johnson.htm,2016,2018,2022
97,Tammy_Baldwin,Tammy,Baldwin,D,WI,http://www.ontheissues.org/Senate/Tammy_Baldwin.htm,2016,2018,2022
98,Michael_Enzi,Michael,Enzi,R,WY,http://www.ontheissues.org/Senate/Michael_Enzi.htm,2016,2018,2022
99,John_Barrasso,John,Barrasso,R,WY,http://www.ontheissues.org/Senate/John_Barrasso.htm,2016,2018,2022
100,Richard_Shelby,Richard,Shelby,R,AL,http://www.ontheissues.org/Senate/Richard_Shelby.htm,2014,2016,2020
101,Jeff_Sessions,Jeff,Sessions,R,AL,http://www.ontheissues.org/Senate/Jeff_Sessions.htm,2014,2016,2020
102,Lisa_Murkowski,Lisa,Murkowski,I,AK,http://www.ontheissues.org/Senate/Lisa_Murkowski.htm,2014,2016,2020
103,Dan_Sullivan,Dan,Sullivan,R,AK,http://www.ontheissues.org/Senate/Dan_Sullivan.htm,2014,2016,2020
104,John_McCain,John,McCain,R,AZ,http://www.ontheissues.org/Senate/John_McCain.htm,2014,2016,2020
105,Jeff_Flake,Jeff,Flake,R,AZ,http://www.ontheissues.org/Senate/Jeff_Flake.htm,2014,2016,2020
106,John_Boozman,John,Boozman,R,AR,http://www.ontheissues.org/Senate/John_Boozman.htm,2014,2016,2020
107,Tom_Cotton,Tom,Cotton,R,AR,http://www.ontheissues.org/Senate/Tom_Cotton.htm,2014,2016,2020
108,Dianne_Feinstein,Dianne,Feinstein,D,CA,http://www.ontheissues.org/Senate/Dianne_Feinstein.htm,2014,2016,2020
109,Barbara_Boxer,Barbara,Boxer,D,CA,http://www.ontheissues.org/Senate/Barbara_Boxer.htm,2014,2016,2020
110,Michael_Bennet,Michael,Bennet,D,CO,http://www.ontheissues.org/Senate/Michael_Bennet.htm,2014,2016,2020
111,Cory_Gardner,Cory,Gardner,R,CO,http://www.ontheissues.org/Senate/Cory_Gardner.htm,2014,2016,2020
112,Richard_Blumenthal,Richard,Blumenthal,D,CT,http://www.ontheissues.org/Senate/Richard_Blumenthal.htm,2014,2016,2020
113,Chris_Murphy,Chris,Murphy,D,CT,http://www.ontheissues.org/Senate/Chris_Murphy.htm,2014,2016,2020
114,Tom_Carper,Tom,Carper,D,DE,http://www.ontheissues.org/Senate/Tom_Carper.htm,2014,2016,2020
115,Chris_Coons,Chris,Coons,D,DE,http://www.ontheissues.org/Senate/Chris_Coons.htm,2014,2016,2020
116,Bill_Nelson,Bill,Nelson,D,FL,http://www.ontheissues.org/Senate/Bill_Nelson.htm,2014,2016,2020
117,Marco_Rubio,Marco,Rubio,R,FL,http://www.ontheissues.org/Senate/Marco_Rubio.htm,2014,2016,2020
118,Johnny_Isakson,Johnny,Isakson,R,GA,http://www.ontheissues.org/Senate/Johnny_Isakson.htm,2014,2016,2020
119,David_Perdue,David,Perdue,R,GA,http://www.ontheissues.org/Senate/David_Perdue.htm,2014,2016,2020
120,Brian_Schatz,Brian,Schatz,D,HI,http://www.ontheissues.org/Senate/Brian_Schatz.htm,2014,2016,2020
121,Mazie_Hirono,Mazie,Hirono,D,HI,http://www.ontheissues.org/Senate/Mazie_Hirono.htm,2014,2016,2020
122,Michael_Crapo,Michael,Crapo,R,ID,http://www.ontheissues.org/Senate/Michael_Crapo.htm,2014,2016,2020
123,Jim_Risch,Jim,Risch,R,ID,http://www.ontheissues.org/Senate/Jim_Risch.htm,2014,2016,2020
124,Richard_Durbin,Richard,Durbin,D,IL,http://www.ontheissues.org/Senate/Richard_Durbin.htm,2014,2016,2020
125,Mark_Kirk,Mark,Kirk,R,IL,http://www.ontheissues.org/Senate/Mark_Kirk.htm,2014,2016,2020
126,Daniel_Coats,Daniel,Coats,R,IN,http://www.ontheissues.org/Senate/Daniel_Coats.htm,2014,2016,2020
127,Joe_Donnelly,Joe,Donnelly,D,IN,http://www.ontheissues.org/Senate/Joe_Donnelly.htm,2014,2016,2020
128,Chuck_Grassley,Chuck,Grassley,R,IA,http://www.ontheissues.org/Senate/Chuck_Grassley.htm,2014,2016,2020
129,Joni_Ernst,Joni,Ernst,R,IA,http://www.ontheissues.org/Senate/Joni_Ernst.htm,2014,2016,2020
130,Pat_Roberts,Pat,Roberts,R,KS,http://www.ontheissues.org/Senate/Pat_Roberts.htm,2014,2016,2020
131,Jerry_Moran,Jerry,Moran,R,KS,http://www.ontheissues.org/Senate/Jerry_Moran.htm,2014,2016,2020
132,Mitch_McConnell,Mitch,McConnell,R,KY,http://www.ontheissues.org/Senate/Mitch_McConnell.htm,2014,2016,2020
133,Rand_Paul,Rand,Paul,R,KY,http://www.ontheissues.org/Senate/Rand_Paul.htm,2014,2016,2020
134,David_Vitter,David,Vitter,R,LA,http://www.ontheissues.org/Senate/David_Vitter.htm,2014,2016,2020
135,Bill_Cassidy,Bill,Cassidy,R,LA,http://www.ontheissues.org/Senate/Bill_Cassidy.htm,2014,2016,2020
136,Susan_Collins,Susan,Collins,R,ME,http://www.ontheissues.org/Senate/Susan_Collins.htm,2014,2016,2020
137,Angus_King,Angus,King,I,ME,http://www.ontheissues.org/Senate/Angus_King.htm,2014,2016,2020
138,Barbara_Mikulski,Barbara,Mikulski,D,MD,http://www.ontheissues.org/Senate/Barbara_Mikulski.htm,2014,2016,2020
139,Ben_Cardin,Ben,Cardin,D,MD,http://www.ontheissues.org/Senate/Ben_Cardin.htm,2014,2016,2020
140,Elizabeth_Warren,Elizabeth,Warren,D,MA,http://www.ontheissues.org/Senate/Elizabeth_Warren.htm,2014,2016,2020
141,Ed_Markey,Ed,Markey,D,MA,http://www.ontheissues.org/Senate/Ed_Markey.htm,2014,2016,2020
142,Debbie_Stabenow,Debbie,Stabenow,D,MI,http://www.ontheissues.org/Senate/Debbie_Stabenow.htm,2014,2016,2020
143,Gary_Peters,Gary,Peters,D,MI,http://www.ontheissues.org/Senate/Gary_Peters.htm,2014,2016,2020
144,Amy_Klobuchar,Amy,Klobuchar,D,MN,http://www.ontheissues.org/Senate/Amy_Klobuchar.htm,2014,2016,2020
145,Al_Franken,Al,Franken,R,MN,http://www.ontheissues.org/Senate/Al_Franken.htm,2014,2016,2020
146,Thad_Cochran,Thad,Cochran,R,MS,http://www.ontheissues.org/Senate/Thad_Cochran.htm,2014,2016,2020
147,Roger_Wicker,Roger,Wicker,R,MS,http://www.ontheissues.org/Senate/Roger_Wicker.htm,2014,2016,2020
148,Claire_McCaskill,Claire,McCaskill,D,MO,http://www.ontheissues.org/Senate/Claire_McCaskill.htm,2014,2016,2020
149,Roy_Blunt,Roy,Blunt,R,MO,http://www.ontheissues.org/Senate/Roy_Blunt.htm,2014,2016,2020
150,Jon_Tester,Jon,Tester,D,MT,http://www.ontheissues.org/Senate/Jon_Tester.htm,2014,2016,2020
151,Steve_Daines,Steve,Daines,R,MT,http://www.ontheissues.org/Senate/Steve_Daines.htm,2014,2016,2020
152,Deb_Fischer,Deb,Fischer,R,NE,http://www.ontheissues.org/Senate/Deb_Fischer.htm,2014,2016,2020
153,Ben_Sasse,Ben,Sasse,R,NE,http://www.ontheissues.org/Senate/Ben_Sasse.htm,2014,2016,2020
154,Harry_Reid,Harry,Reid,D,NV,http://www.ontheissues.org/Senate/Harry_Reid.htm,2014,2016,2020
155,Dean_Heller,Dean,Heller,R,NV,http://www.ontheissues.org/Senate/Dean_Heller.htm,2014,2016,2020
156,Jeanne_Shaheen,Jeanne,Shaheen,D,NH,http://www.ontheissues.org/Senate/Jeanne_Shaheen.htm,2014,2016,2020
157,Kelly_Ayotte,Kelly,Ayotte,R,NH,http://www.ontheissues.org/Senate/Kelly_Ayotte.htm,2014,2016,2020
158,Bob_Menendez,Bob,Menendez,D,NJ,http://www.ontheissues.org/Senate/Bob_Menendez.htm,2014,2016,2020
159,Cory_Booker,Cory,Booker,D,NJ,http://www.ontheissues.org/Senate/Cory_Booker.htm,2014,2016,2020
160,Tom_Udall,Tom,Udall,D,NM,http://www.ontheissues.org/Senate/Tom_Udall.htm,2014,2016,2020
161,Martin_Heinrich,Martin,Heinrich,R,NM,http://www.ontheissues.org/Senate/Martin_Heinrich.htm,2014,2016,2020
162,Charles_Schumer,Charles,Schumer,D,NY,http://www.ontheissues.org/Senate/Charles_Schumer.htm,2014,2016,2020
163,Kirsten_Gillibrand,Kirsten,Gillibrand,D,NY,http://www.ontheissues.org/Senate/Kirsten_Gillibrand.htm,2014,2016,2020
164,Richard_Burr,Richard,Burr,R,NC,http://www.ontheissues.org/Senate/Richard_Burr.htm,2014,2016,2020
165,Thom_Tillis,Thom,Tillis,R,NC,http://www.ontheissues.org/Senate/Thom_Tillis.htm,2014,2016,2020
166,John_Hoeven,John,Hoeven,R,ND,http://www.ontheissues.org/Senate/John_Hoeven.htm,2014,2016,2020
167,Heidi_Heitkamp,Heidi,Heitkamp,D,ND,http://www.ontheissues.org/Senate/Heidi_Heitkamp.htm,2014,2016,2020
168,Sherrod_Brown,Sherrod,Brown,D,OH,http://www.ontheissues.org/Senate/Sherrod_Brown.htm,2014,2016,2020
169,Rob_Portman,Rob,Portman,R,OH,http://www.ontheissues.org/Senate/Rob_Portman.htm,2014,2016,2020
170,James_Inhofe,James,Inhofe,R,OK,http://www.ontheissues.org/Senate/James_Inhofe.htm,2014,2016,2020
171,James_Lankford,James,Lankford,R,OK,http://www.ontheissues.org/Senate/James_Lankford.htm,2014,2016,2020
172,Ron_Wyden,Ron,Wyden,D,OR,http://www.ontheissues.org/Senate/Ron_Wyden.htm,2014,2016,2020
173,Jeff_Merkley,Jeff,Merkley,D,OR,http://www.ontheissues.org/Senate/Jeff_Merkley.htm,2014,2016,2020
174,Bob_Casey,Bob,Casey,D,PA,http://www.ontheissues.org/Senate/Bob_Casey.htm,2014,2016,2020
175,Pat_Toomey,Pat,Toomey,R,PA,http://www.ontheissues.org/Senate/Pat_Toomey.htm,2014,2016,2020
176,Jack_Reed,Jack,Reed,D,RI,http://www.ontheissues.org/Senate/Jack_Reed.htm,2014,2016,2020
177,Sheldon_Whitehouse,Sheldon,Whitehouse,D,RI,http://www.ontheissues.org/Senate/Sheldon_Whitehouse.htm,2014,2016,2020
178,Lindsey_Graham,Lindsey,Graham,R,SC,http://www.ontheissues.org/Senate/Lindsey_Graham.htm,2014,2016,2020
179,Tim_Scott,Tim,Scott,R,SC,http://www.ontheissues.org/Senate/Tim_Scott.htm,2014,2016,2020
180,John_Thune,John,Thune,R,SD,http://www.ontheissues.org/Senate/John_Thune.htm,2014,2016,2020
181,Mike_Rounds,Mike,Rounds,D,SD,http://www.ontheissues.org/Senate/Mike_Rounds.htm,2014,2016,2020
182,Lamar_Alexander,Lamar,Alexander,R,TN,http://www.ontheissues.org/Senate/Lamar_Alexander.htm,2014,2016,2020
183,Bob_Corker,Bob,Corker,R,TN,http://www.ontheissues.org/Senate/Bob_Corker.htm,2014,2016,2020
184,John_Cornyn,John,Cornyn,R,TX,http://www.ontheissues.org/Senate/John_Cornyn.htm,2014,2016,2020
185,Ted_Cruz,Ted,Cruz,R,TX,http://www.ontheissues.org/Senate/Ted_Cruz.htm,2014,2016,2020
186,Orrin_Hatch,Orrin,Hatch,R,UT,http://www.ontheissues.org/Senate/Orrin_Hatch.htm,2014,2016,2020
187,Mike_Lee,Mike,Lee,R,UT,http://www.ontheissues.org/Senate/Mike_Lee.htm,2014,2016,2020
188,Patrick_Leahy,Patrick,Leahy,D,VT,http://www.ontheissues.org/Senate/Patrick_Leahy.htm,2014,2016,2020
189,Bernie_Sanders,Bernie,Sanders,I,VT,http://www.ontheissues.org/Senate/Bernie_Sanders.htm,2014,2016,2020
190,Mark_Warner,Mark,Warner,D,VA,http://www.ontheissues.org/Senate/Mark_Warner.htm,2014,2016,2020
191,Tim_Kaine,Tim,Kaine,D,VA,http://www.ontheissues.org/Senate/Tim_Kaine.htm,2014,2016,2020
192,Patty_Murray,Patty,Murray,D,WA,http://www.ontheissues.org/Senate/Patty_Murray.htm,2014,2016,2020
193,Maria_Cantwell,Maria,Cantwell,D,WA,http://www.ontheissues.org/Senate/Maria_Cantwell.htm,2014,2016,2020
194,Joe_Manchin_III,Joe,Manchin,D,WV,http://www.ontheissues.org/Senate/Joe_Manchin_III.htm,2014,2016,2020
195,Shelley_Moore_Capito,Shelley,Moore Capito,R,WV,http://www.ontheissues.org/Senate/Shelley_Moore_Capito.htm,2014,2016,2020
196,Ron_Johnson,Ron,Johnson,O,WI,http://www.ontheissues.org/Senate/Ron_Johnson.htm,2014,2016,2020
197,Tammy_Baldwin,Tammy,Baldwin,D,WI,http://www.ontheissues.org/Senate/Tammy_Baldwin.htm,2014,2016,2020
198,Michael_Enzi,Michael,Enzi,R,WY,http://www.ontheissues.org/Senate/Michael_Enzi.htm,2014,2016,2020
199,John_Barrasso,John,Barrasso,R,WY,http://www.ontheissues.org/Senate/John_Barrasso.htm,2014,2016,2020
200,Richard_Shelby,Richard,Shelby,R,AL,http://www.ontheissues.org/Senate/Richard_Shelby.htm,2012,2014,2018
201,Jeff_Sessions,Jeff,Sessions,R,AL,http://www.ontheissues.org/Senate/Jeff_Sessions.htm,2012,2014,2018
202,Lisa_Murkowski,Lisa,Murkowski,I,AK,http://www.ontheissues.org/Senate/Lisa_Murkowski.htm,2012,2014,2018
203,Mark_Begich,Mark,Begich,D,AK,http://www.ontheissues.org/Senate/Mark_Begich.htm,2012,2014,2018
204,John_McCain,John,McCain,R,AZ,http://www.ontheissues.org/Senate/John_McCain.htm,2012,2014,2018
205,Jeff_Flake,Jeff,Flake,R,AZ,http://www.ontheissues.org/Senate/Jeff_Flake.htm,2012,2014,2018
206,Mark_Pryor,Mark,Pryor,D,AR,http://www.ontheissues.org/Senate/Mark_Pryor.htm,2012,2014,2018
207,John_Boozman,John,Boozman,R,AR,http://www.ontheissues.org/Senate/John_Boozman.htm,2012,2014,2018
208,Dianne_Feinstein,Dianne,Feinstein,D,CA,http://www.ontheissues.org/Senate/Dianne_Feinstein.htm,2012,2014,2018
209,Barbara_Boxer,Barbara,Boxer,D,CA,http://www.ontheissues.org/Senate/Barbara_Boxer.htm,2012,2014,2018
210,Mark_Udall,Mark,Udall,D,CO,http://www.ontheissues.org/Senate/Mark_Udall.htm,2012,2014,2018
211,Michael_Bennet,Michael,Bennet,D,CO,http://www.ontheissues.org/Senate/Michael_Bennet.htm,2012,2014,2018
212,Richard_Blumenthal,Richard,Blumenthal,D,CT,http://www.ontheissues.org/Senate/Richard_Blumenthal.htm,2012,2014,2018
213,Chris_Murphy,Chris,Murphy,D,CT,http://www.ontheissues.org/Senate/Chris_Murphy.htm,2012,2014,2018
214,Tom_Carper,Tom,Carper,D,DE,http://www.ontheissues.org/Senate/Tom_Carper.htm,2012,2014,2018
215,Chris_Coons,Chris,Coons,D,DE,http://www.ontheissues.org/Senate/Chris_Coons.htm,2012,2014,2018
216,Bill_Nelson,Bill,Nelson,D,FL,http://www.ontheissues.org/Senate/Bill_Nelson.htm,2012,2014,2018
217,Marco_Rubio,Marco,Rubio,R,FL,http://www.ontheissues.org/Senate/Marco_Rubio.htm,2012,2014,2018
218,Saxby_Chambliss,Saxby,Chambliss,R,GA,http://www.ontheissues.org/Senate/Saxby_Chambliss.htm,2012,2014,2018
219,Johnny_Isakson,Johnny,Isakson,R,GA,http://www.ontheissues.org/Senate/Johnny_Isakson.htm,2012,2014,2018
220,Daniel_Inouye,Daniel,Inouye,D,HI,http://www.ontheissues.org/Senate/Daniel_Inouye.htm,2012,2014,2018
221,Mazie_Hirono,Mazie,Hirono,D,HI,http://www.ontheissues.org/Senate/Mazie_Hirono.htm,2012,2014,2018
222,Michael_Crapo,Michael,Crapo,R,ID,http://www.ontheissues.org/Senate/Michael_Crapo.htm,2012,2014,2018
223,Jim_Risch,Jim,Risch,R,ID,http://www.ontheissues.org/Senate/Jim_Risch.htm,2012,2014,2018
224,Richard_Durbin,Richard,Durbin,D,IL,http://www.ontheissues.org/Senate/Richard_Durbin.htm,2012,2014,2018
225,Mark_Kirk,Mark,Kirk,R,IL,http://www.ontheissues.org/Senate/Mark_Kirk.htm,2012,2014,2018
226,Daniel_Coats,Daniel,Coats,R,IN,http://www.ontheissues.org/Senate/Daniel_Coats.htm,2012,2014,2018
227,Joe_Donnelly,Joe,Donnelly,D,IN,http://www.ontheissues.org/Senate/Joe_Donnelly.htm,2012,2014,2018
228,Chuck_Grassley,Chuck,Grassley,R,IA,http://www.ontheissues.org/Senate/Chuck_Grassley.htm,2012,2014,2018
229,Tom_Harkin,Tom,Harkin,D,IA,http://www.ontheissues.org/Senate/Tom_Harkin.htm,2012,2014,2018
230,Pat_Roberts,Pat,Roberts,R,KS,http://www.ontheissues.org/Senate/Pat_Roberts.htm,2012,2014,2018
231,Jerry_Moran,Jerry,Moran,R,KS,http://www.ontheissues.org/Senate/Jerry_Moran.htm,2012,2014,2018
232,Mitch_McConnell,Mitch,McConnell,R,KY,http://www.ontheissues.org/Senate/Mitch_McConnell.htm,2012,2014,2018
233,Rand_Paul,Rand,Paul,R,KY,http://www.ontheissues.org/Senate/Rand_Paul.htm,2012,2014,2018
234,Mary_Landrieu,Mary,Landrieu,D,LA,http://www.ontheissues.org/Senate/Mary_Landrieu.htm,2012,2014,2018
235,David_Vitter,David,Vitter,R,LA,http://www.ontheissues.org/Senate/David_Vitter.htm,2012,2014,2018
236,Susan_Collins,Susan,Collins,R,ME,http://www.ontheissues.org/Senate/Susan_Collins.htm,2012,2014,2018
237,Angus_King,Angus,King,I,ME,http://www.ontheissues.org/Senate/Angus_King.htm,2012,2014,2018
238,Barbara_Mikulski,Barbara,Mikulski,D,MD,http://www.ontheissues.org/Senate/Barbara_Mikulski.htm,2012,2014,2018
239,Ben_Cardin,Ben,Cardin,D,MD,http://www.ontheissues.org/Senate/Ben_Cardin.htm,2012,2014,2018
240,John_Kerry,John,Kerry,D,MA,http://www.ontheissues.org/Senate/John_Kerry.htm,2012,2014,2018
241,Elizabeth_Warren,Elizabeth,Warren,D,MA,http://www.ontheissues.org/Senate/Elizabeth_Warren.htm,2012,2014,2018
242,Carl_Levin,Carl,Levin,D,MI,http://www.ontheissues.org/Senate/Carl_Levin.htm,2012,2014,2018
243,Debbie_Stabenow,Debbie,Stabenow,D,MI,http://www.ontheissues.org/Senate/Debbie_Stabenow.htm,2012,2014,2018
244,Amy_Klobuchar,Amy,Klobuchar,D,MN,http://www.ontheissues.org/Senate/Amy_Klobuchar.htm,2012,2014,2018
245,Al_Franken,Al,Franken,R,MN,http://www.ontheissues.org/Senate/Al_Franken.htm,2012,2014,2018
246,Thad_Cochran,Thad,Cochran,R,MS,http://www.ontheissues.org/Senate/Thad_Cochran.htm,2012,2014,2018
247,Roger_Wicker,Roger,Wicker,R,MS,http://www.ontheissues.org/Senate/Roger_Wicker.htm,2012,2014,2018
248,Claire_McCaskill,Claire,McCaskill,D,MO,http://www.ontheissues.org/Senate/Claire_McCaskill.htm,2012,2014,2018
249,Roy_Blunt,Roy,Blunt,R,MO,http://www.ontheissues.org/Senate/Roy_Blunt.htm,2012,2014,2018
250,Max_Baucus,Max,Baucus,D,MT,http://www.ontheissues.org/Senate/Max_Baucus.htm,2012,2014,2018
251,Jon_Tester,Jon,Tester,D,MT,http://www.ontheissues.org/Senate/Jon_Tester.htm,2012,2014,2018
252,Mike_Johanns,Mike,Johanns,R,NE,http://www.ontheissues.org/Senate/Mike_Johanns.htm,2012,2014,2018
253,Deb_Fischer,Deb,Fischer,R,NE,http://www.ontheissues.org/Senate/Deb_Fischer.htm,2012,2014,2018
254,Harry_Reid,Harry,Reid,D,NV,http://www.ontheissues.org/Senate/Harry_Reid.htm,2012,2014,2018
255,Dean_Heller,Dean,Heller,R,NV,http://www.ontheissues.org/Senate/Dean_Heller.htm,2012,2014,2018
256,Jeanne_Shaheen,Jeanne,Shaheen,D,NH,http://www.ontheissues.org/Senate/Jeanne_Shaheen.htm,2012,2014,2018
257,Kelly_Ayotte,Kelly,Ayotte,R,NH,http://www.ontheissues.org/Senate/Kelly_Ayotte.htm,2012,2014,2018
258,Frank_Lautenberg,Frank,Lautenberg,D,NJ,http://www.ontheissues.org/Senate/Frank_Lautenberg.htm,2012,2014,2018
259,Bob_Menendez,Bob,Menendez,D,NJ,http://www.ontheissues.org/Senate/Bob_Menendez.htm,2012,2014,2018
260,Tom_Udall,Tom,Udall,D,NM,http://www.ontheissues.org/Senate/Tom_Udall.htm,2012,2014,2018
261,Martin_Heinrich,Martin,Heinrich,R,NM,http://www.ontheissues.org/Senate/Martin_Heinrich.htm,2012,2014,2018
262,Charles_Schumer,Charles,Schumer,D,NY,http://www.ontheissues.org/Senate/Charles_Schumer.htm,2012,2014,2018
263,Kirsten_Gillibrand,Kirsten,Gillibrand,D,NY,http://www.ontheissues.org/Senate/Kirsten_Gillibrand.htm,2012,2014,2018
264,Richard_Burr,Richard,Burr,R,NC,http://www.ontheissues.org/Senate/Richard_Burr.htm,2012,2014,2018
265,Kay_Hagan,Kay,Hagan,D,NC,http://www.ontheissues.org/Senate/Kay_Hagan.htm,2012,2014,2018
266,John_Hoeven,John,Hoeven,R,ND,http://www.ontheissues.org/Senate/John_Hoeven.htm,2012,2014,2018
267,Heidi_Heitkamp,Heidi,Heitkamp,D,ND,http://www.ontheissues.org/Senate/Heidi_Heitkamp.htm,2012,2014,2018
268,Sherrod_Brown,Sherrod,Brown,D,OH,http://www.ontheissues.org/Senate/Sherrod_Brown.htm,2012,2014,2018
269,Rob_Portman,Rob,Portman,R,OH,http://www.ontheissues.org/Senate/Rob_Portman.htm,2012,2014,2018
270,James_Inhofe,James,Inhofe,R,OK,http://www.ontheissues.org/Senate/James_Inhofe.htm,2012,2014,2018
271,Tom_Coburn,Tom,Coburn,R,OK,http://www.ontheissues.org/Senate/Tom_Coburn.htm,2012,2014,2018
272,Ron_Wyden,Ron,Wyden,D,OR,http://www.ontheissues.org/Senate/Ron_Wyden.htm,2012,2014,2018
273,Jeff_Merkley,Jeff,Merkley,D,OR,http://www.ontheissues.org/Senate/Jeff_Merkley.htm,2012,2014,2018
274,Bob_Casey,Bob,Casey,D,PA,http://www.ontheissues.org/Senate/Bob_Casey.htm,2012,2014,2018
275,Pat_Toomey,Pat,Toomey,R,PA,http://www.ontheissues.org/Senate/Pat_Toomey.htm,2012,2014,2018
276,Jack_Reed,Jack,Reed,D,RI,http://www.ontheissues.org/Senate/Jack_Reed.htm,2012,2014,2018
277,Sheldon_Whitehouse,Sheldon,Whitehouse,D,RI,http://www.ontheissues.org/Senate/Sheldon_Whitehouse.htm,2012,2014,2018
278,Lindsey_Graham,Lindsey,Graham,R,SC,http://www.ontheissues.org/Senate/Lindsey_Graham.htm,2012,2014,2018
279,Jim_DeMint,Jim,DeMint,R,SC,http://www.ontheissues.org/Senate/Jim_DeMint.htm,2012,2014,2018
280,Tim_Johnson,Tim,Johnson,D,SD,http://www.ontheissues.org/Senate/Tim_Johnson.htm,2012,2014,2018
281,John_Thune,John,Thune,R,SD,http://www.ontheissues.org/Senate/John_Thune.htm,2012,2014,2018
282,Lamar_Alexander,Lamar,Alexander,R,TN,http://www.ontheissues.org/Senate/Lamar_Alexander.htm,2012,2014,2018
283,Bob_Corker,Bob,Corker,R,TN,http://www.ontheissues.org/Senate/Bob_Corker.htm,2012,2014,2018
284,John_Cornyn,John,Cornyn,R,TX,http://www.ontheissues.org/Senate/John_Cornyn.htm,2012,2014,2018
285,Ted_Cruz,Ted,Cruz,R,TX,http://www.ontheissues.org/Senate/Ted_Cruz.htm,2012,2014,2018
286,Orrin_Hatch,Orrin,Hatch,R,UT,http://www.ontheissues.org/Senate/Orrin_Hatch.htm,2012,2014,2018
287,Mike_Lee,Mike,Lee,R,UT,http://www.ontheissues.org/Senate/Mike_Lee.htm,2012,2014,2018
288,Patrick_Leahy,Patrick,Leahy,D,VT,http://www.ontheissues.org/Senate/Patrick_Leahy.htm,2012,2014,2018
289,Bernie_Sanders,Bernie,Sanders,I,VT,http://www.ontheissues.org/Senate/Bernie_Sanders.htm,2012,2014,2018
290,Mark_Warner,Mark,Warner,D,VA,http://www.ontheissues.org/Senate/Mark_Warner.htm,2012,2014,2018
291,Tim_Kaine,Tim,Kaine,D,VA,http://www.ontheissues.org/Senate/Tim_Kaine.htm,2012,2014,2018
292,Patty_Murray,Patty,Murray,D,WA,http://www.ontheissues.org/Senate/Patty_Murray.htm,2012,2014,2018
293,Maria_Cantwell,Maria,Cantwell,D,WA,http://www.ontheissues.org/Senate/Maria_Cantwell.htm,2012,2014,2018
294,Jay_Rockefeller,Jay,Rockefeller,D,WV,http://www.ontheissues.org/Senate/Jay_Rockefeller.htm,2012,2014,2018
295,Joe_Manchin_III,Joe,Manchin,D,WV,http://www.ontheissues.org/Senate/Joe_Manchin_III.htm,2012,2014,2018
296,Ron_Johnson,Ron,Johnson,O,WI,http://www.ontheissues.org/Senate/Ron_Johnson.htm,2012,2014,2018
297,Tammy_Baldwin,Tammy,Baldwin,D,WI,http://www.ontheissues.org/Senate/Tammy_Baldwin.htm,2012,2014,2018
298,Michael_Enzi,Michael,Enzi,R,WY,http://www.ontheissues.org/Senate/Michael_Enzi.htm,2012,2014,2018
299,John_Barrasso,John,Barrasso,R,WY,http://www.ontheissues.org/Senate/John_Barrasso.htm,2012,2014,2018
300,Richard_Shelby,Richard,Shelby,R,AL,http://www.ontheissues.org/Senate/Richard_Shelby.htm,2010,2012,2016
301,Jeff_Sessions,Jeff,Sessions,R,AL,http://www.ontheissues.org/Senate/Jeff_Sessions.htm,2010,2012,2016
302,Lisa_Murkowski,Lisa,Murkowski,I,AK,http://www.ontheissues.org/Senate/Lisa_Murkowski.htm,2010,2012,2016
303,Mark_Begich,Mark,Begich,D,AK,http://www.ontheissues.org/Senate/Mark_Begich.htm,2010,2012,2016
304,John_McCain,John,McCain,R,AZ,http://www.ontheissues.org/Senate/John_McCain.htm,2010,2012,2016
305,Jon_Kyl,Jon,Kyl,R,AZ,http://www.ontheissues.org/Senate/Jon_Kyl.htm,2010,2012,2016
306,Mark_Pryor,Mark,Pryor,D,AR,http://www.ontheissues.org/Senate/Mark_Pryor.htm,2010,2012,2016
307,John_Boozman,John,Boozman,R,AR,http://www.ontheissues.org/Senate/John_Boozman.htm,2010,2012,2016
308,Dianne_Feinstein,Dianne,Feinstein,D,CA,http://www.ontheissues.org/Senate/Dianne_Feinstein.htm,2010,2012,2016
309,Barbara_Boxer,Barbara,Boxer,D,CA,http://www.ontheissues.org/Senate/Barbara_Boxer.htm,2010,2012,2016
310,Mark_Udall,Mark,Udall,D,CO,http://www.ontheissues.org/Senate/Mark_Udall.htm,2010,2012,2016
311,Michael_Bennet,Michael,Bennet,D,CO,http://www.ontheissues.org/Senate/Michael_Bennet.htm,2010,2012,2016
312,Joseph_Lieberman,Joseph,Lieberman,I,CT,http://www.ontheissues.org/Senate/Joseph_Lieberman.htm,2010,2012,2016
313,Richard_Blumenthal,Richard,Blumenthal,D,CT,http://www.ontheissues.org/Senate/Richard_Blumenthal.htm,2010,2012,2016
314,Tom_Carper,Tom,Carper,D,DE,http://www.ontheissues.org/Senate/Tom_Carper.htm,2010,2012,2016
315,Michael_Castle,Michael,Castle,D,DE,http://www.ontheissues.org/Senate/Michael_Castle.htm,2010,2012,2016
316,Bill_Nelson,Bill,Nelson,D,FL,http://www.ontheissues.org/Senate/Bill_Nelson.htm,2010,2012,2016
317,Marco_Rubio,Marco,Rubio,R,FL,http://www.ontheissues.org/Senate/Marco_Rubio.htm,2010,2012,2016
318,Saxby_Chambliss,Saxby,Chambliss,R,GA,http://www.ontheissues.org/Senate/Saxby_Chambliss.htm,2010,2012,2016
319,Johnny_Isakson,Johnny,Isakson,R,GA,http://www.ontheissues.org/Senate/Johnny_Isakson.htm,2010,2012,2016
320,Daniel_Inouye,Daniel,Inouye,D,HI,http://www.ontheissues.org/Senate/Daniel_Inouye.htm,2010,2012,2016
321,Daniel_Akaka,Daniel,Akaka,D,HI,http://www.ontheissues.org/Senate/Daniel_Akaka.htm,2010,2012,2016
322,Michael_Crapo,Michael,Crapo,R,ID,http://www.ontheissues.org/Senate/Michael_Crapo.htm,2010,2012,2016
323,Jim_Risch,Jim,Risch,R,ID,http://www.ontheissues.org/Senate/Jim_Risch.htm,2010,2012,2016
324,Richard_Durbin,Richard,Durbin,D,IL,http://www.ontheissues.org/Senate/Richard_Durbin.htm,2010,2012,2016
325,Mark_Kirk,Mark,Kirk,R,IL,http://www.ontheissues.org/Senate/Mark_Kirk.htm,2010,2012,2016
326,Richard_Lugar,Richard,Lugar,R,IN,http://www.ontheissues.org/Senate/Richard_Lugar.htm,2010,2012,2016
327,Daniel_Coats,Daniel,Coats,R,IN,http://www.ontheissues.org/Senate/Daniel_Coats.htm,2010,2012,2016
328,Chuck_Grassley,Chuck,Grassley,R,IA,http://www.ontheissues.org/Senate/Chuck_Grassley.htm,2010,2012,2016
329,Tom_Harkin,Tom,Harkin,D,IA,http://www.ontheissues.org/Senate/Tom_Harkin.htm,2010,2012,2016
330,Pat_Roberts,Pat,Roberts,R,KS,http://www.ontheissues.org/Senate/Pat_Roberts.htm,2010,2012,2016
331,Jerry_Moran,Jerry,Moran,R,KS,http://www.ontheissues.org/Senate/Jerry_Moran.htm,2010,2012,2016
332,Mitch_McConnell,Mitch,McConnell,R,KY,http://www.ontheissues.org/Senate/Mitch_McConnell.htm,2010,2012,2016
333,Rand_Paul,Rand,Paul,R,KY,http://www.ontheissues.org/Senate/Rand_Paul.htm,2010,2012,2016
334,Mary_Landrieu,Mary,Landrieu,D,LA,http://www.ontheissues.org/Senate/Mary_Landrieu.htm,2010,2012,2016
335,David_Vitter,David,Vitter,R,LA,http://www.ontheissues.org/Senate/David_Vitter.htm,2010,2012,2016
336,Olympia_Snowe,Olympia,Snowe,R,ME,http://www.ontheissues.org/Senate/Olympia_Snowe.htm,2010,2012,2016
337,Susan_Collins,Susan,Collins,R,ME,http://www.ontheissues.org/Senate/Susan_Collins.htm,2010,2012,2016
338,Barbara_Mikulski,Barbara,Mikulski,D,MD,http://www.ontheissues.org/Senate/Barbara_Mikulski.htm,2010,2012,2016
339,Ben_Cardin,Ben,Cardin,D,MD,http://www.ontheissues.org/Senate/Ben_Cardin.htm,2010,2012,2016
340,John_Kerry,John,Kerry,D,MA,http://www.ontheissues.org/Senate/John_Kerry.htm,2010,2012,2016
341,Scott_Brown,Scott,Brown,R,MA,http://www.ontheissues.org/Senate/Scott_Brown.htm,2010,2012,2016
342,Carl_Levin,Carl,Levin,D,MI,http://www.ontheissues.org/Senate/Carl_Levin.htm,2010,2012,2016
343,Debbie_Stabenow,Debbie,Stabenow,D,MI,http://www.ontheissues.org/Senate/Debbie_Stabenow.htm,2010,2012,2016
344,Amy_Klobuchar,Amy,Klobuchar,D,MN,http://www.ontheissues.org/Senate/Amy_Klobuchar.htm,2010,2012,2016
345,Al_Franken,Al,Franken,R,MN,http://www.ontheissues.org/Senate/Al_Franken.htm,2010,2012,2016
346,Thad_Cochran,Thad,Cochran,R,MS,http://www.ontheissues.org/Senate/Thad_Cochran.htm,2010,2012,2016
347,Roger_Wicker,Roger,Wicker,R,MS,http://www.ontheissues.org/Senate/Roger_Wicker.htm,2010,2012,2016
348,Claire_McCaskill,Claire,McCaskill,D,MO,http://www.ontheissues.org/Senate/Claire_McCaskill.htm,2010,2012,2016
349,Roy_Blunt,Roy,Blunt,R,MO,http://www.ontheissues.org/Senate/Roy_Blunt.htm,2010,2012,2016
350,Max_Baucus,Max,Baucus,D,MT,http://www.ontheissues.org/Senate/Max_Baucus.htm,2010,2012,2016
351,Jon_Tester,Jon,Tester,D,MT,http://www.ontheissues.org/Senate/Jon_Tester.htm,2010,2012,2016
352,Mike_Johanns,Mike,Johanns,R,NE,http://www.ontheissues.org/Senate/Mike_Johanns.htm,2010,2012,2016
353,Ben_Nelson,Ben,Nelson,D,NE,http://www.ontheissues.org/Senate/Ben_Nelson.htm,2010,2012,2016
354,Harry_Reid,Harry,Reid,D,NV,http://www.ontheissues.org/Senate/Harry_Reid.htm,2010,2012,2016
355,Jeanne_Shaheen,Jeanne,Shaheen,D,NH,http://www.ontheissues.org/Senate/Jeanne_Shaheen.htm,2010,2012,2016
356,Kelly_Ayotte,Kelly,Ayotte,R,NH,http://www.ontheissues.org/Senate/Kelly_Ayotte.htm,2010,2012,2016
357,Frank_Lautenberg,Frank,Lautenberg,D,NJ,http://www.ontheissues.org/Senate/Frank_Lautenberg.htm,2010,2012,2016
358,Bob_Menendez,Bob,Menendez,D,NJ,http://www.ontheissues.org/Senate/Bob_Menendez.htm,2010,2012,2016
359,Tom_Udall,Tom,Udall,D,NM,http://www.ontheissues.org/Senate/Tom_Udall.htm,2010,2012,2016
360,Jeff_Bingaman,Jeff,Bingaman,D,NM,http://www.ontheissues.org/Senate/Jeff_Bingaman.htm,2010,2012,2016
361,Charles_Schumer,Charles,Schumer,D,NY,http://www.ontheissues.org/Senate/Charles_Schumer.htm,2010,2012,2016
362,Kirsten_Gillibrand,Kirsten,Gillibrand,D,NY,http://www.ontheissues.org/Senate/Kirsten_Gillibrand.htm,2010,2012,2016
363,Richard_Burr,Richard,Burr,R,NC,http://www.ontheissues.org/Senate/Richard_Burr.htm,2010,2012,2016
364,Kay_Hagan,Kay,Hagan,D,NC,http://www.ontheissues.org/Senate/Kay_Hagan.htm,2010,2012,2016
365,Kent_Conrad,Kent,Conrad,D,ND,http://www.ontheissues.org/Senate/Kent_Conrad.htm,2010,2012,2016
366,John_Hoeven,John,Hoeven,R,ND,http://www.ontheissues.org/Senate/John_Hoeven.htm,2010,2012,2016
367,Rob_Portman,Rob,Portman,R,OH,http://www.ontheissues.org/Senate/Rob_Portman.htm,2010,2012,2016
368,Sherrod_Brown,Sherrod,Brown,D,OH,http://www.ontheissues.org/Senate/Sherrod_Brown.htm,2010,2012,2016
369,James_Inhofe,James,Inhofe,R,OK,http://www.ontheissues.org/Senate/James_Inhofe.htm,2010,2012,2016
370,Tom_Coburn,Tom,Coburn,R,OK,http://www.ontheissues.org/Senate/Tom_Coburn.htm,2010,2012,2016
371,Ron_Wyden,Ron,Wyden,D,OR,http://www.ontheissues.org/Senate/Ron_Wyden.htm,2010,2012,2016
372,Jeff_Merkley,Jeff,Merkley,D,OR,http://www.ontheissues.org/Senate/Jeff_Merkley.htm,2010,2012,2016
373,Bob_Casey,Bob,Casey,D,PA,http://www.ontheissues.org/Senate/Bob_Casey.htm,2010,2012,2016
374,Pat_Toomey,Pat,Toomey,R,PA,http://www.ontheissues.org/Senate/Pat_Toomey.htm,2010,2012,2016
375,Jack_Reed,Jack,Reed,D,RI,http://www.ontheissues.org/Senate/Jack_Reed.htm,2010,2012,2016
376,Sheldon_Whitehouse,Sheldon,Whitehouse,D,RI,http://www.ontheissues.org/Senate/Sheldon_Whitehouse.htm,2010,2012,2016
377,Lindsey_Graham,Lindsey,Graham,R,SC,http://www.ontheissues.org/Senate/Lindsey_Graham.htm,2010,2012,2016
378,Jim_DeMint,Jim,DeMint,R,SC,http://www.ontheissues.org/Senate/Jim_DeMint.htm,2010,2012,2016
379,Tim_Johnson,Tim,Johnson,D,SD,http://www.ontheissues.org/Senate/Tim_Johnson.htm,2010,2012,2016
380,John_Thune,John,Thune,R,SD,http://www.ontheissues.org/Senate/John_Thune.htm,2010,2012,2016
381,Lamar_Alexander,Lamar,Alexander,R,TN,http://www.ontheissues.org/Senate/Lamar_Alexander.htm,2010,2012,2016
382,Bob_Corker,Bob,Corker,R,TN,http://www.ontheissues.org/Senate/Bob_Corker.htm,2010,2012,2016
383,Kay_Bailey_Hutchison,Kay,Bailey Hutchison,R,TX,http://www.ontheissues.org/Senate/Kay_Bailey_Hutchison.htm,2010,2012,2016
384,John_Cornyn,John,Cornyn,R,TX,http://www.ontheissues.org/Senate/John_Cornyn.htm,2010,2012,2016
385,Orrin_Hatch,Orrin,Hatch,R,UT,http://www.ontheissues.org/Senate/Orrin_Hatch.htm,2010,2012,2016
386,Mike_Lee,Mike,Lee,R,UT,http://www.ontheissues.org/Senate/Mike_Lee.htm,2010,2012,2016
387,Patrick_Leahy,Patrick,Leahy,D,VT,http://www.ontheissues.org/Senate/Patrick_Leahy.htm,2010,2012,2016
388,Bernie_Sanders,Bernie,Sanders,I,VT,http://www.ontheissues.org/Senate/Bernie_Sanders.htm,2010,2012,2016
389,Jim_Webb,Jim,Webb,D,VA,http://www.ontheissues.org/Senate/Jim_Webb.htm,2010,2012,2016
390,Mark_Warner,Mark,Warner,D,VA,http://www.ontheissues.org/Senate/Mark_Warner.htm,2010,2012,2016
391,Patty_Murray,Patty,Murray,D,WA,http://www.ontheissues.org/Senate/Patty_Murray.htm,2010,2012,2016
392,Maria_Cantwell,Maria,Cantwell,D,WA,http://www.ontheissues.org/Senate/Maria_Cantwell.htm,2010,2012,2016
393,Jay_Rockefeller,Jay,Rockefeller,D,WV,http://www.ontheissues.org/Senate/Jay_Rockefeller.htm,2010,2012,2016
394,Joe_Manchin_III,Joe,Manchin,D,WV,http://www.ontheissues.org/Senate/Joe_Manchin_III.htm,2010,2012,2016
395,Herbert_Kohl,Herbert,Kohl,D,WI,http://www.ontheissues.org/Senate/Herbert_Kohl.htm,2010,2012,2016
396,Ron_Johnson,Ron,Johnson,O,WI,http://www.ontheissues.org/Senate/Ron_Johnson.htm,2010,2012,2016
397,Michael_Enzi,Michael,Enzi,R,WY,http://www.ontheissues.org/Senate/Michael_Enzi.htm,2010,2012,2016
398,John_Barrasso,John,Barrasso,R,WY,http://www.ontheissues.org/Senate/John_Barrasso.htm,2010,2012,2016
399,Richard_Shelby,Richard,Shelby,R,AL,http://www.ontheissues.org/Senate/Richard_Shelby.htm,2008,2010,2014
400,Jeff_Sessions,Jeff,Sessions,R,AL,http://www.ontheissues.org/Senate/Jeff_Sessions.htm,2008,2010,2014
401,Lisa_Murkowski,Lisa,Murkowski,R,AK,http://www.ontheissues.org/Senate/Lisa_Murkowski.htm,2008,2010,2014
402,Mark_Begich,Mark,Begich,D,AK,http://www.ontheissues.org/Senate/Mark_Begich.htm,2008,2010,2014
403,John_McCain,John,McCain,R,AZ,http://www.ontheissues.org/Senate/John_McCain.htm,2008,2010,2014
404,Jon_Kyl,Jon,Kyl,R,AZ,http://www.ontheissues.org/Senate/Jon_Kyl.htm,2008,2010,2014
405,Blanche_Lambert_Lincoln,Blanche,Lambert Lincoln,D,AR,http://www.ontheissues.org/Senate/Blanche_Lambert_Lincoln.htm,2008,2010,2014
406,Mark_Pryor,Mark,Pryor,D,AR,http://www.ontheissues.org/Senate/Mark_Pryor.htm,2008,2010,2014
407,Dianne_Feinstein,Dianne,Feinstein,D,CA,http://www.ontheissues.org/Senate/Dianne_Feinstein.htm,2008,2010,2014
408,Barbara_Boxer,Barbara,Boxer,D,CA,http://www.ontheissues.org/Senate/Barbara_Boxer.htm,2008,2010,2014
409,Mark_Udall,Mark,Udall,D,CO,http://www.ontheissues.org/Senate/Mark_Udall.htm,2008,2010,2014
410,Michael_Bennet,Michael,Bennet,D,CO,http://www.ontheissues.org/Senate/Michael_Bennet.htm,2008,2010,2014
411,Chris_Dodd,Chris,Dodd,D,CT,http://www.ontheissues.org/Senate/Chris_Dodd.htm,2008,2010,2014
412,Joseph_Lieberman,Joseph,Lieberman,I,CT,http://www.ontheissues.org/Senate/Joseph_Lieberman.htm,2008,2010,2014
413,Ted_Kaufman,Ted,Kaufman,D,DE,http://www.ontheissues.org/Senate/Ted_Kaufman.htm,2008,2010,2014
414,Joe_Biden,Joe,Biden,D,DE,http://www.ontheissues.org/Senate/Joe_Biden.htm,2008,2010,2014
415,Bill_Nelson,Bill,Nelson,D,FL,http://www.ontheissues.org/Senate/Bill_Nelson.htm,2008,2010,2014
416,Mel_Martinez,Mel,Martinez,R,FL,http://www.ontheissues.org/Senate/Mel_Martinez.htm,2008,2010,2014
417,George_LeMieux,George,LeMieux,R,FL,http://www.ontheissues.org/Senate/George_LeMieux.htm,2008,2010,2014
418,Saxby_Chambliss,Saxby,Chambliss,R,GA,http://www.ontheissues.org/Senate/Saxby_Chambliss.htm,2008,2010,2014
419,Johnny_Isakson,Johnny,Isakson,R,GA,http://www.ontheissues.org/Senate/Johnny_Isakson.htm,2008,2010,2014
420,Daniel_Inouye,Daniel,Inouye,D,HI,http://www.ontheissues.org/Senate/Daniel_Inouye.htm,2008,2010,2014
421,Daniel_Akaka,Daniel,Akaka,D,HI,http://www.ontheissues.org/Senate/Daniel_Akaka.htm,2008,2010,2014
422,Michael_Crapo,Michael,Crapo,R,ID,http://www.ontheissues.org/Senate/Michael_Crapo.htm,2008,2010,2014
423,Jim_Risch,Jim,Risch,R,ID,http://www.ontheissues.org/Senate/Jim_Risch.htm,2008,2010,2014
424,Richard_Durbin,Richard,Durbin,D,IL,http://www.ontheissues.org/Senate/Richard_Durbin.htm,2008,2010,2014
425,Roland_Burris,Roland,Burris,D,IL,http://www.ontheissues.org/Senate/Roland_Burris.htm,2008,2010,2014
426,Richard_Lugar,Richard,Lugar,R,IN,http://www.ontheissues.org/Senate/Richard_Lugar.htm,2008,2010,2014
427,Evan_Bayh,Evan,Bayh,D,IN,http://www.ontheissues.org/Senate/Evan_Bayh.htm,2008,2010,2014
428,Chuck_Grassley,Chuck,Grassley,R,IA,http://www.ontheissues.org/Senate/Chuck_Grassley.htm,2008,2010,2014
429,Tom_Harkin,Tom,Harkin,D,IA,http://www.ontheissues.org/Senate/Tom_Harkin.htm,2008,2010,2014
430,Sam_Brownback,Sam,Brownback,R,KS,http://www.ontheissues.org/Senate/Sam_Brownback.htm,2008,2010,2014
431,Pat_Roberts,Pat,Roberts,R,KS,http://www.ontheissues.org/Senate/Pat_Roberts.htm,2008,2010,2014
432,Mitch_McConnell,Mitch,McConnell,R,KY,http://www.ontheissues.org/Senate/Mitch_McConnell.htm,2008,2010,2014
433,Jim_Bunning,Jim,Bunning,R,KY,http://www.ontheissues.org/Senate/Jim_Bunning.htm,2008,2010,2014
434,Mary_Landrieu,Mary,Landrieu,D,LA,http://www.ontheissues.org/Senate/Mary_Landrieu.htm,2008,2010,2014
435,David_Vitter,David,Vitter,R,LA,http://www.ontheissues.org/Senate/David_Vitter.htm,2008,2010,2014
436,Olympia_Snowe,Olympia,Snowe,R,ME,http://www.ontheissues.org/Senate/Olympia_Snowe.htm,2008,2010,2014
437,Susan_Collins,Susan,Collins,R,ME,http://www.ontheissues.org/Senate/Susan_Collins.htm,2008,2010,2014
438,Barbara_Mikulski,Barbara,Mikulski,D,MD,http://www.ontheissues.org/Senate/Barbara_Mikulski.htm,2008,2010,2014
439,Ben_Cardin,Ben,Cardin,D,MD,http://www.ontheissues.org/Senate/Ben_Cardin.htm,2008,2010,2014
440,Ted_Kennedy,Ted,Kennedy,D,MA,http://www.ontheissues.org/Senate/Ted_Kennedy.htm,2008,2010,2014
441,John_Kerry,John,Kerry,D,MA,http://www.ontheissues.org/Senate/John_Kerry.htm,2008,2010,2014
442,Carl_Levin,Carl,Levin,D,MI,http://www.ontheissues.org/Senate/Carl_Levin.htm,2008,2010,2014
443,Debbie_Stabenow,Debbie,Stabenow,D,MI,http://www.ontheissues.org/Senate/Debbie_Stabenow.htm,2008,2010,2014
444,Amy_Klobuchar,Amy,Klobuchar,D,MN,http://www.ontheissues.org/Senate/Amy_Klobuchar.htm,2008,2010,2014
445,Al_Franken,Al,Franken,R,MN,http://www.ontheissues.org/Senate/Al_Franken.htm,2008,2010,2014
446,Thad_Cochran,Thad,Cochran,R,MS,http://www.ontheissues.org/Senate/Thad_Cochran.htm,2008,2010,2014
447,Roger_Wicker,Roger,Wicker,R,MS,http://www.ontheissues.org/Senate/Roger_Wicker.htm,2008,2010,2014
448,Kit_Bond,Kit,Bond,R,MO,http://www.ontheissues.org/Senate/Kit_Bond.htm,2008,2010,2014
449,Claire_McCaskill,Claire,McCaskill,D,MO,http://www.ontheissues.org/Senate/Claire_McCaskill.htm,2008,2010,2014
450,Max_Baucus,Max,Baucus,D,MT,http://www.ontheissues.org/Senate/Max_Baucus.htm,2008,2010,2014
451,Jon_Tester,Jon,Tester,D,MT,http://www.ontheissues.org/Senate/Jon_Tester.htm,2008,2010,2014
452,Mike_Johanns,Mike,Johanns,R,NE,http://www.ontheissues.org/Senate/Mike_Johanns.htm,2008,2010,2014
453,Ben_Nelson,Ben,Nelson,D,NE,http://www.ontheissues.org/Senate/Ben_Nelson.htm,2008,2010,2014
454,Harry_Reid,Harry,Reid,D,NV,http://www.ontheissues.org/Senate/Harry_Reid.htm,2008,2010,2014
455,John_Ensign,John,Ensign,R,NV,http://www.ontheissues.org/Senate/John_Ensign.htm,2008,2010,2014
456,Judd_Gregg,Judd,Gregg,R,NH,http://www.ontheissues.org/Senate/Judd_Gregg.htm,2008,2010,2014
457,Jeanne_Shaheen,Jeanne,Shaheen,D,NH,http://www.ontheissues.org/Senate/Jeanne_Shaheen.htm,2008,2010,2014
458,Frank_Lautenberg,Frank,Lautenberg,D,NJ,http://www.ontheissues.org/Senate/Frank_Lautenberg.htm,2008,2010,2014
459,Bob_Menendez,Bob,Menendez,D,NJ,http://www.ontheissues.org/Senate/Bob_Menendez.htm,2008,2010,2014
460,Tom_Udall,Tom,Udall,D,NM,http://www.ontheissues.org/Senate/Tom_Udall.htm,2008,2010,2014
461,Jeff_Bingaman,Jeff,Bingaman,D,NM,http://www.ontheissues.org/Senate/Jeff_Bingaman.htm,2008,2010,2014
462,Charles_Schumer,Charles,Schumer,D,NY,http://www.ontheissues.org/Senate/Charles_Schumer.htm,2008,2010,2014
463,Kirsten_Gillibrand,Kirsten,Gillibrand,D,NY,http://www.ontheissues.org/Senate/Kirsten_Gillibrand.htm,2008,2010,2014
464,Richard_Burr,Richard,Burr,R,NC,http://www.ontheissues.org/Senate/Richard_Burr.htm,2008,2010,2014
465,Kay_Hagan,Kay,Hagan,D,NC,http://www.ontheissues.org/Senate/Kay_Hagan.htm,2008,2010,2014
466,Kent_Conrad,Kent,Conrad,D,ND,http://www.ontheissues.org/Senate/Kent_Conrad.htm,2008,2010,2014
467,Byron_Dorgan,Byron,Dorgan,D,ND,http://www.ontheissues.org/Senate/Byron_Dorgan.htm,2008,2010,2014
468,George_Voinovich,George,Voinovich,R,OH,http://www.ontheissues.org/Senate/George_Voinovich.htm,2008,2010,2014
469,Sherrod_Brown,Sherrod,Brown,D,OH,http://www.ontheissues.org/Senate/Sherrod_Brown.htm,2008,2010,2014
470,James_Inhofe,James,Inhofe,R,OK,http://www.ontheissues.org/Senate/James_Inhofe.htm,2008,2010,2014
471,Tom_Coburn,Tom,Coburn,R,OK,http://www.ontheissues.org/Senate/Tom_Coburn.htm,2008,2010,2014
472,Ron_Wyden,Ron,Wyden,D,OR,http://www.ontheissues.org/Senate/Ron_Wyden.htm,2008,2010,2014
473,Jeff_Merkley,Jeff,Merkley,D,OR,http://www.ontheissues.org/Senate/Jeff_Merkley.htm,2008,2010,2014
474,Arlen_Specter,Arlen,Specter,D,PA,http://www.ontheissues.org/Senate/Arlen_Specter.htm,2008,2010,2014
475,Bob_Casey,Bob,Casey,D,PA,http://www.ontheissues.org/Senate/Bob_Casey.htm,2008,2010,2014
476,Jack_Reed,Jack,Reed,D,RI,http://www.ontheissues.org/Senate/Jack_Reed.htm,2008,2010,2014
477,Sheldon_Whitehouse,Sheldon,Whitehouse,D,RI,http://www.ontheissues.org/Senate/Sheldon_Whitehouse.htm,2008,2010,2014
478,Lindsey_Graham,Lindsey,Graham,R,SC,http://www.ontheissues.org/Senate/Lindsey_Graham.htm,2008,2010,2014
479,Jim_DeMint,Jim,DeMint,R,SC,http://www.ontheissues.org/Senate/Jim_DeMint.htm,2008,2010,2014
480,Tim_Johnson,Tim,Johnson,D,SD,http://www.ontheissues.org/Senate/Tim_Johnson.htm,2008,2010,2014
481,John_Thune,John,Thune,R,SD,http://www.ontheissues.org/Senate/John_Thune.htm,2008,2010,2014
482,Lamar_Alexander,Lamar,Alexander,R,TN,http://www.ontheissues.org/Senate/Lamar_Alexander.htm,2008,2010,2014
483,Bob_Corker,Bob,Corker,R,TN,http://www.ontheissues.org/Senate/Bob_Corker.htm,2008,2010,2014
484,Kay_Bailey_Hutchison,Kay,Bailey Hutchison,R,TX,http://www.ontheissues.org/Senate/Kay_Bailey_Hutchison.htm,2008,2010,2014
485,John_Cornyn,John,Cornyn,R,TX,http://www.ontheissues.org/Senate/John_Cornyn.htm,2008,2010,2014
486,Orrin_Hatch,Orrin,Hatch,R,UT,http://www.ontheissues.org/Senate/Orrin_Hatch.htm,2008,2010,2014
487,Robert_Bennett,Robert,Bennett,R,UT,http://www.ontheissues.org/Senate/Robert_Bennett.htm,2008,2010,2014
488,Patrick_Leahy,Patrick,Leahy,D,VT,http://www.ontheissues.org/Senate/Patrick_Leahy.htm,2008,2010,2014
489,Bernie_Sanders,Bernie,Sanders,I,VT,http://www.ontheissues.org/Senate/Bernie_Sanders.htm,2008,2010,2014
490,Jim_Webb,Jim,Webb,D,VA,http://www.ontheissues.org/Senate/Jim_Webb.htm,2008,2010,2014
491,Mark_Warner,Mark,Warner,D,VA,http://www.ontheissues.org/Senate/Mark_Warner.htm,2008,2010,2014
492,Patty_Murray,Patty,Murray,D,WA,http://www.ontheissues.org/Senate/Patty_Murray.htm,2008,2010,2014
493,Maria_Cantwell,Maria,Cantwell,D,WA,http://www.ontheissues.org/Senate/Maria_Cantwell.htm,2008,2010,2014
494,Robert_Byrd,Robert,Byrd,D,WV,http://www.ontheissues.org/Senate/Robert_Byrd.htm,2008,2010,2014
495,Jay_Rockefeller,Jay,Rockefeller,D,WV,http://www.ontheissues.org/Senate/Jay_Rockefeller.htm,2008,2010,2014
496,Herbert_Kohl,Herbert,Kohl,D,WI,http://www.ontheissues.org/Senate/Herbert_Kohl.htm,2008,2010,2014
497,Russell_Feingold,Russell,Feingold,D,WI,http://www.ontheissues.org/Senate/Russell_Feingold.htm,2008,2010,2014
498,Michael_Enzi,Michael,Enzi,R,WY,http://www.ontheissues.org/Senate/Michael_Enzi.htm,2008,2010,2014
499,John_Barrasso,John,Barrasso,R,WY,http://www.ontheissues.org/Senate/John_Barrasso.htm,2008,2010,2014
500,Richard_Shelby,Richard,Shelby,R,AL,http://www.ontheissues.org/Senate/Richard_Shelby.htm,2006,2008,2012
501,Jeff_Sessions,Jeff,Sessions,R,AL,http://www.ontheissues.org/Senate/Jeff_Sessions.htm,2006,2008,2012
502,Ted_Stevens,Ted,Stevens,R,AK,http://www.ontheissues.org/Senate/Ted_Stevens.htm,2006,2008,2012
503,Lisa_Murkowski,Lisa,Murkowski,R,AK,http://www.ontheissues.org/Senate/Lisa_Murkowski.htm,2006,2008,2012
504,John_McCain,John,McCain,R,AZ,http://www.ontheissues.org/Senate/John_McCain.htm,2006,2008,2012
505,Jon_Kyl,Jon,Kyl,R,AZ,http://www.ontheissues.org/Senate/Jon_Kyl.htm,2006,2008,2012
506,Blanche_Lambert_Lincoln,Blanche,Lambert Lincoln,D,AR,http://www.ontheissues.org/Senate/Blanche_Lambert_Lincoln.htm,2006,2008,2012
507,Mark_Pryor,Mark,Pryor,D,AR,http://www.ontheissues.org/Senate/Mark_Pryor.htm,2006,2008,2012
508,Dianne_Feinstein,Dianne,Feinstein,D,CA,http://www.ontheissues.org/Senate/Dianne_Feinstein.htm,2006,2008,2012
509,Barbara_Boxer,Barbara,Boxer,D,CA,http://www.ontheissues.org/Senate/Barbara_Boxer.htm,2006,2008,2012
510,Wayne_Allard,Wayne,Allard,R,CO,http://www.ontheissues.org/Senate/Wayne_Allard.htm,2006,2008,2012
511,Ken_Salazar,Ken,Salazar,D,CO,http://www.ontheissues.org/Senate/Ken_Salazar.htm,2006,2008,2012
512,Chris_Dodd,Chris,Dodd,D,CT,http://www.ontheissues.org/Senate/Chris_Dodd.htm,2006,2008,2012
513,Joseph_Lieberman,Joseph,Lieberman,D,CT,http://www.ontheissues.org/Senate/Joseph_Lieberman.htm,2006,2008,2012
514,Joe_Biden,Joe,Biden,D,DE,http://www.ontheissues.org/Senate/Joe_Biden.htm,2006,2008,2012
515,Tom_Carper,Tom,Carper,D,DE,http://www.ontheissues.org/Senate/Tom_Carper.htm,2006,2008,2012
516,Bill_Nelson,Bill,Nelson,D,FL,http://www.ontheissues.org/Senate/Bill_Nelson.htm,2006,2008,2012
517,Mel_Martinez,Mel,Martinez,R,FL,http://www.ontheissues.org/Senate/Mel_Martinez.htm,2006,2008,2012
518,Saxby_Chambliss,Saxby,Chambliss,R,GA,http://www.ontheissues.org/Senate/Saxby_Chambliss.htm,2006,2008,2012
519,Johnny_Isakson,Johnny,Isakson,R,GA,http://www.ontheissues.org/Senate/Johnny_Isakson.htm,2006,2008,2012
520,Daniel_Inouye,Daniel,Inouye,D,HI,http://www.ontheissues.org/Senate/Daniel_Inouye.htm,2006,2008,2012
521,Daniel_Akaka,Daniel,Akaka,D,HI,http://www.ontheissues.org/Senate/Daniel_Akaka.htm,2006,2008,2012
522,Larry_Craig,Larry,Craig,R,ID,http://www.ontheissues.org/Senate/Larry_Craig.htm,2006,2008,2012
523,Michael_Crapo,Michael,Crapo,R,ID,http://www.ontheissues.org/Senate/Michael_Crapo.htm,2006,2008,2012
524,Richard_Durbin,Richard,Durbin,D,IL,http://www.ontheissues.org/Senate/Richard_Durbin.htm,2006,2008,2012
525,Barack_Obama,Barack,Obama,D,IL,http://www.ontheissues.org/Senate/Barack_Obama.htm,2006,2008,2012
526,Richard_Lugar,Richard,Lugar,R,IN,http://www.ontheissues.org/Senate/Richard_Lugar.htm,2006,2008,2012
527,Evan_Bayh,Evan,Bayh,D,IN,http://www.ontheissues.org/Senate/Evan_Bayh.htm,2006,2008,2012
528,Chuck_Grassley,Chuck,Grassley,R,IA,http://www.ontheissues.org/Senate/Chuck_Grassley.htm,2006,2008,2012
529,Tom_Harkin,Tom,Harkin,D,IA,http://www.ontheissues.org/Senate/Tom_Harkin.htm,2006,2008,2012
530,Sam_Brownback,Sam,Brownback,R,KS,http://www.ontheissues.org/Senate/Sam_Brownback.htm,2006,2008,2012
531,Pat_Roberts,Pat,Roberts,R,KS,http://www.ontheissues.org/Senate/Pat_Roberts.htm,2006,2008,2012
532,Mitch_McConnell,Mitch,McConnell,R,KY,http://www.ontheissues.org/Senate/Mitch_McConnell.htm,2006,2008,2012
533,Jim_Bunning,Jim,Bunning,R,KY,http://www.ontheissues.org/Senate/Jim_Bunning.htm,2006,2008,2012
534,Mary_Landrieu,Mary,Landrieu,D,LA,http://www.ontheissues.org/Senate/Mary_Landrieu.htm,2006,2008,2012
535,David_Vitter,David,Vitter,R,LA,http://www.ontheissues.org/Senate/David_Vitter.htm,2006,2008,2012
536,Olympia_Snowe,Olympia,Snowe,R,ME,http://www.ontheissues.org/Senate/Olympia_Snowe.htm,2006,2008,2012
537,Susan_Collins,Susan,Collins,R,ME,http://www.ontheissues.org/Senate/Susan_Collins.htm,2006,2008,2012
538,Barbara_Mikulski,Barbara,Mikulski,D,MD,http://www.ontheissues.org/Senate/Barbara_Mikulski.htm,2006,2008,2012
539,Ben_Cardin,Ben,Cardin,D,MD,http://www.ontheissues.org/Senate/Ben_Cardin.htm,2006,2008,2012
540,Ted_Kennedy,Ted,Kennedy,D,MA,http://www.ontheissues.org/Senate/Ted_Kennedy.htm,2006,2008,2012
541,John_Kerry,John,Kerry,D,MA,http://www.ontheissues.org/Senate/John_Kerry.htm,2006,2008,2012
542,Carl_Levin,Carl,Levin,D,MI,http://www.ontheissues.org/Senate/Carl_Levin.htm,2006,2008,2012
543,Debbie_Stabenow,Debbie,Stabenow,D,MI,http://www.ontheissues.org/Senate/Debbie_Stabenow.htm,2006,2008,2012
544,Norm_Coleman,Norm,Coleman,R,MN,http://www.ontheissues.org/Senate/Norm_Coleman.htm,2006,2008,2012
545,Amy_Klobuchar,Amy,Klobuchar,D,MN,http://www.ontheissues.org/Senate/Amy_Klobuchar.htm,2006,2008,2012
546,Thad_Cochran,Thad,Cochran,R,MS,http://www.ontheissues.org/Senate/Thad_Cochran.htm,2006,2008,2012
547,Trent_Lott,Trent,Lott,R,MS,http://www.ontheissues.org/Senate/Trent_Lott.htm,2006,2008,2012
548,Roger_Wicker,Roger,Wicker,R,MS,http://www.ontheissues.org/Senate/Roger_Wicker.htm,2006,2008,2012
549,Kit_Bond,Kit,Bond,R,MO,http://www.ontheissues.org/Senate/Kit_Bond.htm,2006,2008,2012
550,Claire_McCaskill,Claire,McCaskill,D,MO,http://www.ontheissues.org/Senate/Claire_McCaskill.htm,2006,2008,2012
551,Max_Baucus,Max,Baucus,D,MT,http://www.ontheissues.org/Senate/Max_Baucus.htm,2006,2008,2012
552,Jon_Tester,Jon,Tester,D,MT,http://www.ontheissues.org/Senate/Jon_Tester.htm,2006,2008,2012
553,Chuck_Hagel,Chuck,Hagel,R,NE,http://www.ontheissues.org/Senate/Chuck_Hagel.htm,2006,2008,2012
554,Ben_Nelson,Ben,Nelson,D,NE,http://www.ontheissues.org/Senate/Ben_Nelson.htm,2006,2008,2012
555,Harry_Reid,Harry,Reid,D,NV,http://www.ontheissues.org/Senate/Harry_Reid.htm,2006,2008,2012
556,John_Ensign,John,Ensign,R,NV,http://www.ontheissues.org/Senate/John_Ensign.htm,2006,2008,2012
557,Judd_Gregg,Judd,Gregg,R,NH,http://www.ontheissues.org/Senate/Judd_Gregg.htm,2006,2008,2012
558,John_Sununu,John,Sununu,R,NH,http://www.ontheissues.org/Senate/John_Sununu.htm,2006,2008,2012
559,Jon_Corzine,Jon,Corzine,D,NJ,http://www.ontheissues.org/Senate/Jon_Corzine.htm,2006,2008,2012
560,Frank_Lautenberg,Frank,Lautenberg,D,NJ,http://www.ontheissues.org/Senate/Frank_Lautenberg.htm,2006,2008,2012
561,Pete_Domenici,Pete,Domenici,R,NM,http://www.ontheissues.org/Senate/Pete_Domenici.htm,2006,2008,2012
562,Jeff_Bingaman,Jeff,Bingaman,D,NM,http://www.ontheissues.org/Senate/Jeff_Bingaman.htm,2006,2008,2012
563,Charles_Schumer,Charles,Schumer,D,NY,http://www.ontheissues.org/Senate/Charles_Schumer.htm,2006,2008,2012
564,Hillary_Clinton,Hillary,Clinton,D,NY,http://www.ontheissues.org/Senate/Hillary_Clinton.htm,2006,2008,2012
565,Elizabeth_Dole,Elizabeth,Dole,R,NC,http://www.ontheissues.org/Senate/Elizabeth_Dole.htm,2006,2008,2012
566,Richard_Burr,Richard,Burr,R,NC,http://www.ontheissues.org/Senate/Richard_Burr.htm,2006,2008,2012
567,Kent_Conrad,Kent,Conrad,D,ND,http://www.ontheissues.org/Senate/Kent_Conrad.htm,2006,2008,2012
568,Byron_Dorgan,Byron,Dorgan,D,ND,http://www.ontheissues.org/Senate/Byron_Dorgan.htm,2006,2008,2012
569,George_Voinovich,George,Voinovich,R,OH,http://www.ontheissues.org/Senate/George_Voinovich.htm,2006,2008,2012
570,Sherrod_Brown,Sherrod,Brown,D,OH,http://www.ontheissues.org/Senate/Sherrod_Brown.htm,2006,2008,2012
571,James_Inhofe,James,Inhofe,R,OK,http://www.ontheissues.org/Senate/James_Inhofe.htm,2006,2008,2012
572,Tom_Coburn,Tom,Coburn,R,OK,http://www.ontheissues.org/Senate/Tom_Coburn.htm,2006,2008,2012
573,Ron_Wyden,Ron,Wyden,D,OR,http://www.ontheissues.org/Senate/Ron_Wyden.htm,2006,2008,2012
574,Gordon_Harold_Smith,Gordon,Harold Smith,R,OR,http://www.ontheissues.org/Senate/Gordon_Harold_Smith.htm,2006,2008,2012
575,Arlen_Specter,Arlen,Specter,R,PA,http://www.ontheissues.org/Senate/Arlen_Specter.htm,2006,2008,2012
576,Bob_Casey,Bob,Casey,D,PA,http://www.ontheissues.org/Senate/Bob_Casey.htm,2006,2008,2012
577,Jack_Reed,Jack,Reed,D,RI,http://www.ontheissues.org/Senate/Jack_Reed.htm,2006,2008,2012
578,Sheldon_Whitehouse,Sheldon,Whitehouse,D,RI,http://www.ontheissues.org/Senate/Sheldon_Whitehouse.htm,2006,2008,2012
579,Lindsey_Graham,Lindsey,Graham,R,SC,http://www.ontheissues.org/Senate/Lindsey_Graham.htm,2006,2008,2012
580,Jim_DeMint,Jim,DeMint,R,SC,http://www.ontheissues.org/Senate/Jim_DeMint.htm,2006,2008,2012
581,Tim_Johnson,Tim,Johnson,D,SD,http://www.ontheissues.org/Senate/Tim_Johnson.htm,2006,2008,2012
582,John_Thune,John,Thune,R,SD,http://www.ontheissues.org/Senate/John_Thune.htm,2006,2008,2012
583,Lamar_Alexander,Lamar,Alexander,R,TN,http://www.ontheissues.org/Senate/Lamar_Alexander.htm,2006,2008,2012
584,Bob_Corker,Bob,Corker,R,TN,http://www.ontheissues.org/Senate/Bob_Corker.htm,2006,2008,2012
585,Kay_Bailey_Hutchison,Kay,Bailey Hutchison,R,TX,http://www.ontheissues.org/Senate/Kay_Bailey_Hutchison.htm,2006,2008,2012
586,John_Cornyn,John,Cornyn,R,TX,http://www.ontheissues.org/Senate/John_Cornyn.htm,2006,2008,2012
587,Orrin_Hatch,Orrin,Hatch,R,UT,http://www.ontheissues.org/Senate/Orrin_Hatch.htm,2006,2008,2012
588,Robert_Bennett,Robert,Bennett,R,UT,http://www.ontheissues.org/Senate/Robert_Bennett.htm,2006,2008,2012
589,Patrick_Leahy,Patrick,Leahy,D,VT,http://www.ontheissues.org/Senate/Patrick_Leahy.htm,2006,2008,2012
590,Bernie_Sanders,Bernie,Sanders,I,VT,http://www.ontheissues.org/Senate/Bernie_Sanders.htm,2006,2008,2012
591,John_Warner,John,Warner,R,VA,http://www.ontheissues.org/Senate/John_Warner.htm,2006,2008,2012
592,Jim_Webb,Jim,Webb,R,VA,http://www.ontheissues.org/Senate/Jim_Webb.htm,2006,2008,2012
593,Patty_Murray,Patty,Murray,D,WA,http://www.ontheissues.org/Senate/Patty_Murray.htm,2006,2008,2012
594,Maria_Cantwell,Maria,Cantwell,D,WA,http://www.ontheissues.org/Senate/Maria_Cantwell.htm,2006,2008,2012
595,Robert_Byrd,Robert,Byrd,D,WV,http://www.ontheissues.org/Senate/Robert_Byrd.htm,2006,2008,2012
596,John_Rockefeller,John,Rockefeller,D,WV,http://www.ontheissues.org/Senate/John_Rockefeller.htm,2006,2008,2012
597,Herbert_Kohl,Herbert,Kohl,D,WI,http://www.ontheissues.org/Senate/Herbert_Kohl.htm,2006,2008,2012
598,Russell_Feingold,Russell,Feingold,D,WI,http://www.ontheissues.org/Senate/Russell_Feingold.htm,2006,2008,2012
599,Craig_Thomas,Craig,Thomas,R,WY,http://www.ontheissues.org/Senate/Craig_Thomas.htm,2006,2008,2012
600,Michael_Enzi,Michael,Enzi,R,WY,http://www.ontheissues.org/Senate/Michael_Enzi.htm,2006,2008,2012
601,John_Barrasso,John,Barrasso,R,WY,http://www.ontheissues.org/Senate/John_Barrasso.htm,2006,2008,2012
602,Jeff_Sessions,Jeff,Sessions,R,,http://www.ontheissues.org/Senate/Jeff_Sessions.htm,2004,2006,2010
603,Richard_Shelby,Richard,Shelby,R,,http://www.ontheissues.org/Senate/Richard_Shelby.htm,2004,2006,2010
604,Lisa_Murkowski,Lisa,Murkowski,R,,http://www.ontheissues.org/Senate/Lisa_Murkowski.htm,2004,2006,2010
605,Ted_Stevens,Ted,Stevens,R,,http://www.ontheissues.org/Senate/Ted_Stevens.htm,2004,2006,2010
606,John_McCain,John,McCain,R,,http://www.ontheissues.org/Senate/John_McCain.htm,2004,2006,2010
607,Jon_Kyl,Jon,Kyl,R,,http://www.ontheissues.org/Senate/Jon_Kyl.htm,2004,2006,2010
608,Blanche_Lambert_Lincoln,Blanche,Lambert Lincoln,D,,http://www.ontheissues.org/Senate/Blanche_Lambert_Lincoln.htm,2004,2006,2010
609,Mark_Pryor,Mark,Pryor,D,,http://www.ontheissues.org/Senate/Mark_Pryor.htm,2004,2006,2010
610,Barbara_Boxer,Barbara,Boxer,D,,http://www.ontheissues.org/Senate/Barbara_Boxer.htm,2004,2006,2010
611,Dianne_Feinstein,Dianne,Feinstein,D,,http://www.ontheissues.org/Senate/Dianne_Feinstein.htm,2004,2006,2010
612,Wayne_Allard,Wayne,Allard,R,,http://www.ontheissues.org/Senate/Wayne_Allard.htm,2004,2006,2010
613,Ken_Salazar,Ken,Salazar,D,,http://www.ontheissues.org/Senate/Ken_Salazar.htm,2004,2006,2010
614,Chris_Dodd,Chris,Dodd,D,,http://www.ontheissues.org/Senate/Chris_Dodd.htm,2004,2006,2010
615,Joseph_Lieberman,Joseph,Lieberman,D,,http://www.ontheissues.org/Senate/Joseph_Lieberman.htm,2004,2006,2010
616,Joe_Biden,Joe,Biden,D,,http://www.ontheissues.org/Senate/Joe_Biden.htm,2004,2006,2010
617,Tom_Carper,Tom,Carper,D,,http://www.ontheissues.org/Senate/Tom_Carper.htm,2004,2006,2010
618,Bill_Nelson,Bill,Nelson,D,,http://www.ontheissues.org/Senate/Bill_Nelson.htm,2004,2006,2010
619,Mel_Martinez,Mel,Martinez,R,,http://www.ontheissues.org/Senate/Mel_Martinez.htm,2004,2006,2010
620,Saxby_Chambliss,Saxby,Chambliss,R,,http://www.ontheissues.org/Senate/Saxby_Chambliss.htm,2004,2006,2010
621,Johnny_Isakson,Johnny,Isakson,R,,http://www.ontheissues.org/Senate/Johnny_Isakson.htm,2004,2006,2010
622,Daniel_Akaka,Daniel,Akaka,D,,http://www.ontheissues.org/Senate/Daniel_Akaka.htm,2004,2006,2010
623,Daniel_Inouye,Daniel,Inouye,D,,http://www.ontheissues.org/Senate/Daniel_Inouye.htm,2004,2006,2010
624,Larry_Craig,Larry,Craig,R,,http://www.ontheissues.org/Senate/Larry_Craig.htm,2004,2006,2010
625,Michael_Crapo,Michael,Crapo,R,,http://www.ontheissues.org/Senate/Michael_Crapo.htm,2004,2006,2010
626,Richard_Durbin,Richard,Durbin,D,,http://www.ontheissues.org/Senate/Richard_Durbin.htm,2004,2006,2010
627,Barack_Obama,Barack,Obama,D,,http://www.ontheissues.org/Senate/Barack_Obama.htm,2004,2006,2010
628,Evan_Bayh,Evan,Bayh,D,,http://www.ontheissues.org/Senate/Evan_Bayh.htm,2004,2006,2010
629,Richard_Lugar,Richard,Lugar,R,,http://www.ontheissues.org/Senate/Richard_Lugar.htm,2004,2006,2010
630,Chuck_Grassley,Chuck,Grassley,R,,http://www.ontheissues.org/Senate/Chuck_Grassley.htm,2004,2006,2010
631,Tom_Harkin,Tom,Harkin,D,,http://www.ontheissues.org/Senate/Tom_Harkin.htm,2004,2006,2010
632,Pat_Roberts,Pat,Roberts,R,,http://www.ontheissues.org/Senate/Pat_Roberts.htm,2004,2006,2010
633,Sam_Brownback,Sam,Brownback,R,,http://www.ontheissues.org/Senate/Sam_Brownback.htm,2004,2006,2010
634,Jim_Bunning,Jim,Bunning,R,,http://www.ontheissues.org/Senate/Jim_Bunning.htm,2004,2006,2010
635,Mitch_McConnell,Mitch,McConnell,R,,http://www.ontheissues.org/Senate/Mitch_McConnell.htm,2004,2006,2010
636,Mary_Landrieu,Mary,Landrieu,D,,http://www.ontheissues.org/Senate/Mary_Landrieu.htm,2004,2006,2010
637,David_Vitter,David,Vitter,R,,http://www.ontheissues.org/Senate/David_Vitter.htm,2004,2006,2010
638,Olympia_Snowe,Olympia,Snowe,R,,http://www.ontheissues.org/Senate/Olympia_Snowe.htm,2004,2006,2010
639,Susan_Collins,Susan,Collins,R,,http://www.ontheissues.org/Senate/Susan_Collins.htm,2004,2006,2010
640,Barbara_Mikulski,Barbara,Mikulski,D,,http://www.ontheissues.org/Senate/Barbara_Mikulski.htm,2004,2006,2010
641,Paul_Sarbanes,Paul,Sarbanes,D,,http://www.ontheissues.org/Senate/Paul_Sarbanes.htm,2004,2006,2010
642,Ted_Kennedy,Ted,Kennedy,D,,http://www.ontheissues.org/Senate/Ted_Kennedy.htm,2004,2006,2010
643,John_Kerry,John,Kerry,D,,http://www.ontheissues.org/Senate/John_Kerry.htm,2004,2006,2010
644,Carl_Levin,Carl,Levin,D,,http://www.ontheissues.org/Senate/Carl_Levin.htm,2004,2006,2010
645,Debbie_Stabenow,Debbie,Stabenow,D,,http://www.ontheissues.org/Senate/Debbie_Stabenow.htm,2004,2006,2010
646,Mark_Dayton,Mark,Dayton,D,,http://www.ontheissues.org/Senate/Mark_Dayton.htm,2004,2006,2010
647,Norm_Coleman,Norm,Coleman,R,,http://www.ontheissues.org/Senate/Norm_Coleman.htm,2004,2006,2010
648,Thad_Cochran,Thad,Cochran,R,,http://www.ontheissues.org/Senate/Thad_Cochran.htm,2004,2006,2010
649,Trent_Lott,Trent,Lott,R,,http://www.ontheissues.org/Senate/Trent_Lott.htm,2004,2006,2010
650,Kit_Bond,Kit,Bond,R,,http://www.ontheissues.org/Senate/Kit_Bond.htm,2004,2006,2010
651,Conrad_Burns,Conrad,Burns,R,,http://www.ontheissues.org/Senate/Conrad_Burns.htm,2004,2006,2010
652,Max_Baucus,Max,Baucus,D,,http://www.ontheissues.org/Senate/Max_Baucus.htm,2004,2006,2010
653,Ben_Nelson,Ben,Nelson,D,,http://www.ontheissues.org/Senate/Ben_Nelson.htm,2004,2006,2010
654,Chuck_Hagel,Chuck,Hagel,R,,http://www.ontheissues.org/Senate/Chuck_Hagel.htm,2004,2006,2010
655,Harry_Reid,Harry,Reid,D,,http://www.ontheissues.org/Senate/Harry_Reid.htm,2004,2006,2010
656,John_Ensign,John,Ensign,R,,http://www.ontheissues.org/Senate/John_Ensign.htm,2004,2006,2010
657,Judd_Gregg,Judd,Gregg,R,,http://www.ontheissues.org/Senate/Judd_Gregg.htm,2004,2006,2010
658,Frank_Lautenberg,Frank,Lautenberg,D,,http://www.ontheissues.org/Senate/Frank_Lautenberg.htm,2004,2006,2010
659,Jon_Corzine,Jon,Corzine,D,,http://www.ontheissues.org/Senate/Jon_Corzine.htm,2004,2006,2010
660,Jeff_Bingaman,Jeff,Bingaman,D,,http://www.ontheissues.org/Senate/Jeff_Bingaman.htm,2004,2006,2010
661,Pete_Domenici,Pete,Domenici,R,,http://www.ontheissues.org/Senate/Pete_Domenici.htm,2004,2006,2010
662,Charles_Schumer,Charles,Schumer,D,,http://www.ontheissues.org/Senate/Charles_Schumer.htm,2004,2006,2010
663,Hillary_Clinton,Hillary,Clinton,D,,http://www.ontheissues.org/Senate/Hillary_Clinton.htm,2004,2006,2010
664,Elizabeth_Dole,Elizabeth,Dole,R,,http://www.ontheissues.org/Senate/Elizabeth_Dole.htm,2004,2006,2010
665,Richard_Burr,Richard,Burr,R,,http://www.ontheissues.org/Senate/Richard_Burr.htm,2004,2006,2010
666,Byron_Dorgan,Byron,Dorgan,D,,http://www.ontheissues.org/Senate/Byron_Dorgan.htm,2004,2006,2010
667,Kent_Conrad,Kent,Conrad,D,,http://www.ontheissues.org/Senate/Kent_Conrad.htm,2004,2006,2010
668,George_Voinovich,George,Voinovich,R,,http://www.ontheissues.org/Senate/George_Voinovich.htm,2004,2006,2010
669,Mike_DeWine,Mike,DeWine,R,,http://www.ontheissues.org/Senate/Mike_DeWine.htm,2004,2006,2010
670,James_Inhofe,James,Inhofe,R,,http://www.ontheissues.org/Senate/James_Inhofe.htm,2004,2006,2010
671,Tom_Coburn,Tom,Coburn,R,,http://www.ontheissues.org/Senate/Tom_Coburn.htm,2004,2006,2010
672,Gordon_Harold_Smith,Gordon,Harold Smith,R,,http://www.ontheissues.org/Senate/Gordon_Harold_Smith.htm,2004,2006,2010
673,Ron_Wyden,Ron,Wyden,D,,http://www.ontheissues.org/Senate/Ron_Wyden.htm,2004,2006,2010
674,Arlen_Specter,Arlen,Specter,R,,http://www.ontheissues.org/Senate/Arlen_Specter.htm,2004,2006,2010
675,Rick_Santorum,Rick,Santorum,R,,http://www.ontheissues.org/Senate/Rick_Santorum.htm,2004,2006,2010
676,Jack_Reed,Jack,Reed,D,,http://www.ontheissues.org/Senate/Jack_Reed.htm,2004,2006,2010
677,Lincoln_Chafee,Lincoln,Chafee,R,,http://www.ontheissues.org/Senate/Lincoln_Chafee.htm,2004,2006,2010
678,Jim_DeMint,Jim,DeMint,R,,http://www.ontheissues.org/Senate/Jim_DeMint.htm,2004,2006,2010
679,Lindsey_Graham,Lindsey,Graham,R,,http://www.ontheissues.org/Senate/Lindsey_Graham.htm,2004,2006,2010
680,Tim_Johnson,Tim,Johnson,D,,http://www.ontheissues.org/Senate/Tim_Johnson.htm,2004,2006,2010
681,John_Thune,John,Thune,R,,http://www.ontheissues.org/Senate/John_Thune.htm,2004,2006,2010
682,Bill_Frist,Bill,Frist,R,,http://www.ontheissues.org/Senate/Bill_Frist.htm,2004,2006,2010
683,Lamar_Alexander,Lamar,Alexander,R,,http://www.ontheissues.org/Senate/Lamar_Alexander.htm,2004,2006,2010
684,John_Cornyn,John,Cornyn,R,,http://www.ontheissues.org/Senate/John_Cornyn.htm,2004,2006,2010
685,Kay_Bailey_Hutchison,Kay,Bailey Hutchison,R,,http://www.ontheissues.org/Senate/Kay_Bailey_Hutchison.htm,2004,2006,2010
686,Orrin_Hatch,Orrin,Hatch,R,,http://www.ontheissues.org/Senate/Orrin_Hatch.htm,2004,2006,2010
687,Robert_Bennett,Robert,Bennett,R,,http://www.ontheissues.org/Senate/Robert_Bennett.htm,2004,2006,2010
688,Jim_Jeffords,Jim,Jeffords,I,,http://www.ontheissues.org/Senate/Jim_Jeffords.htm,2004,2006,2010
689,Patrick_Leahy,Patrick,Leahy,D,,http://www.ontheissues.org/Senate/Patrick_Leahy.htm,2004,2006,2010
690,George_Allen,George,Allen,R,,http://www.ontheissues.org/Senate/George_Allen.htm,2004,2006,2010
691,John_Warner,John,Warner,R,,http://www.ontheissues.org/Senate/John_Warner.htm,2004,2006,2010
692,Maria_Cantwell,Maria,Cantwell,D,,http://www.ontheissues.org/Senate/Maria_Cantwell.htm,2004,2006,2010
693,Patty_Murray,Patty,Murray,D,,http://www.ontheissues.org/Senate/Patty_Murray.htm,2004,2006,2010
694,John_Rockefeller,John,Rockefeller,D,,http://www.ontheissues.org/Senate/John_Rockefeller.htm,2004,2006,2010
695,Robert_Byrd,Robert,Byrd,D,,http://www.ontheissues.org/Senate/Robert_Byrd.htm,2004,2006,2010
696,Herbert_Kohl,Herbert,Kohl,D,,http://www.ontheissues.org/Senate/Herbert_Kohl.htm,2004,2006,2010
697,Russell_Feingold,Russell,Feingold,D,,http://www.ontheissues.org/Senate/Russell_Feingold.htm,2004,2006,2010
698,Craig_Thomas,Craig,Thomas,R,,http://www.ontheissues.org/Senate/Craig_Thomas.htm,2004,2006,2010
699,Michael_Enzi,Michael,Enzi,R,,http://www.ontheissues.org/Senate/Michael_Enzi.htm,2004,2006,2010
