,state_abbr,year,candidate,party,votes_total
1,AL,2010,Richard Shelby,REP,968181.0
2,AL,2010,William Barnes,DEM,515619.0
3,AK,2010,Lisa Murkowski,REP,101091.0
4,AK,2010,Joe Miller,REP,90860.0
5,AK,2010,Scott McAdams,DEM,60045.0
6,AK,2010,Haase,LIB,1459.0
7,AK,2010,Tim Carter,NAF,927.0
8,AK,2010,Ted Gianoutsos,NAF,458.0
9,AK,2010,Sid Hill,W,13.0
10,AZ,2010,John McCain,REP,1005615.0
11,AZ,2010,Rodney Glassman,DEM,592011.0
12,AZ,2010,David Nolan,LIB,80097.0
13,AZ,2010,Jerry Joslyn,GRE,24603.0
14,AZ,2010,Ian Gilyeat,W,5938.0
15,AZ,2010,Santos Chavez,W,39.0
16,AZ,2010,Sydney Dudikoff,W,14.0
17,AZ,2010,Ray Caplette,W,7.0
18,AR,2010,John Boozman,REP,451618.0
19,AR,2010,Blanche Lincoln,DEM,288156.0
20,AR,2010,Trevor Drown,IND,25234.0
21,AR,2010,John Gray,GRE,14430.0
22,AR,2010,Stephan Hercher,W,143.0
23,CA,2010,Barbara Boxer,DEM,5218137.0
24,CA,2010,Carly Fiorina,REP,4217386.0
25,CA,2010,Gail Lightfoot,LIB,175235.0
26,CA,2010,Marsha Feinland,PAF,135088.0
27,CA,2010,Duane Roberts,GRE,128512.0
28,CA,2010,Edward Noonan,AIP,125435.0
29,CA,2010,James Harris,W,41.0
30,CA,2010,Connor Vlakancic,W,11.0
31,CA,2010,Jerry Carroll,W,10.0
32,CA,2010,Hans Kugler,W,5.0
33,CO,2010,Michael Bennet,DEM,854685.0
34,CO,2010,Ken Buck,REP,824789.0
35,CO,2010,Bob Kinsey,GRE,38884.0
36,CO,2010,Maclyn Stringer,LIB,22646.0
37,CO,2010,Jason Napolitano,UN,19450.0
38,CO,2010,Charley Miller,UN,11351.0
39,CO,2010,J. Moromisato,UN,5780.0
40,CO,2010,Robert Rank,W,52.0
41,CO,2010,Michele Newman,W,20.0
42,CO,2010,Bruce Lohmiller,W,11.0
43,CT,2010,Richard Blumenthal,DEM,636040.0
44,CT,2010,Linda McMahon,REP,498341.0
45,CT,2010,Warren Mosler,IND,11275.0
46,CT,2010,John Mertens,CFL,6735.0
47,CT,2010,Brian Hill,W,559.0
48,CT,2010,Jeff Russell,W,45.0
49,CT,2010,Todd Vachon,W,45.0
50,CT,2010,Carl Vassar,W,31.0
51,CT,2010,Jay Giles,W,17.0
52,CT,2010,John Traceski,W,15.0
53,CT,2010,Matthew Coleman,W,7.0
54,CT,2010,Dave Olszta,W,5.0
55,FL,2010,Marco Rubio,REP,2645743.0
56,FL,2010,Charlie Crist,NPA,1607549.0
57,FL,2010,Kendrick Meek,DEM,1092936.0
58,FL,2010,Alexander Snitker,LIB,24850.0
59,FL,2010,Sue Askeland,NPA,15340.0
60,FL,2010,Rick Tyler,NPA,7397.0
61,FL,2010,Bernie DeCastro,CPF,4792.0
62,FL,2010,Lewis Armstrong,NPA,4443.0
63,FL,2010,Bobbie Bean,NPA,4301.0
64,FL,2010,Bruce Riggs,NPA,3647.0
65,FL,2010,Piotr Blass,W,47.0
66,FL,2010,Richard Lock,W,18.0
67,FL,2010,Belinda Quarterman-Noah,W,18.0
68,FL,2010,George Drake,W,13.0
69,FL,2010,Robert Monroe,W,6.0
70,FL,2010,Howard Knepper,W,4.0
71,FL,2010,Carol Ann LaRosa,W,2.0
72,GA,2010,Johnny Isakson,REP,1489904.0
73,GA,2010,Michael Thurmond,DEM,996516.0
74,GA,2010,Chuck Donovan,LIB,68750.0
75,GA,2010,Steve Davis,W,52.0
76,GA,2010,Raymond Beckworth,W,24.0
77,GA,2010,Brian Brown,W,12.0
78,HI,2010,Daniel Inouye,DEM,277228.0
79,HI,2010,Cam Cavasso,REP,79939.0
80,HI,2010,Jim Brewer,GRE,7762.0
81,HI,2010,Lloyd Mallan,LIB,2957.0
82,HI,2010,Jeff Jarrett,N,2697.0
83,ID,2010,Mike Crapo,REP,319953.0
84,ID,2010,P. Sullivan,DEM,112057.0
85,ID,2010,Randy Bergquist,CON,17429.0
86,ID,2010,Frederick Reinisch,W,91.0
87,IL,2010,Mark Kirk,REP,1778698.0
88,IL,2010,Alexander Giannoulias,DEM,1719478.0
89,IL,2010,LeAlan Jones,GRE,117914.0
90,IL,2010,Mike Labno,LIB,87247.0
91,IL,2010,Robert Zadek,W,561.0
92,IL,2010,Will Boyd,W,468.0
93,IL,2010,Corey Dabney,W,33.0
94,IL,2010,Susanne Atanus,W,19.0
95,IL,2010,Shon-Tiyon Horton,W,16.0
96,IL,2010,Avner Nagar,W,15.0
97,IL,2010,Stan Jagla,W,12.0
98,IL,2010,Darren Raichart,W,9.0
99,IL,2010,Lowell Seida,W,3.0
100,IN,2010,Dan Coats,REP,952116.0
101,IN,2010,Brad Ellsworth,DEM,697775.0
102,IN,2010,Rebecca Sink-Burris,LIB,94330.0
103,IN,2010,Jim Miller,W,161.0
104,IN,2010,Jack Rooney,W,99.0
105,IA,2010,Chuck Grassley,REP,718215.0
106,IA,2010,Roxanne Conlin,DEM,371686.0
107,IA,2010,John Heiderscheit,LIB,25290.0
108,KS,2010,Jerry  Moran,REP,587175.0
109,KS,2010,Lisa  Johnston,DEM,220971.0
110,KS,2010,Michael Wm.  Dann,LIB,17922.0
111,KS,2010,Joseph (Joe) Bellis,REF,11624.0
112,KY,2010,Rand Paul,REP,755706.0
113,KY,2010,Jack Conway,DEM,600052.0
114,KY,2010,Billy Wilson,W,338.0
115,LA,2010,David Vitter,REP,715415.0
116,LA,2010,Charlie Melancon,DEM,476572.0
117,LA,2010,Randall Hayes,LIB,13957.0
118,LA,2010,Michael Brown,NPA,9973.0
119,LA,2010,Michael Spears,OTH,9190.0
120,LA,2010,Ernest Wooton,OTH,8167.0
121,LA,2010,R.A. Galan,NPA,7474.0
122,LA,2010,William McShan,REF,5879.0
123,LA,2010,William Lang,OTH,5734.0
124,LA,2010,Milton Gordon,NPA,4810.0
125,LA,2010,Thomas LaFargue,OTH,4043.0
126,LA,2010,Sam Melton,NPA,3780.0
127,MD,2010,Barbara Mikulski,DEM,1140531.0
128,MD,2010,Eric Wargotz,REP,655666.0
129,MD,2010,Kenniss Henry,GRE,20717.0
130,MD,2010,Richard Shawver,CON,14746.0
131,MD,2010,Claud Asbury,W,204.0
132,MD,2010,Donald Kaplan,W,110.0
133,MD,2010,James Lynch,W,84.0
134,MD,2010,Lih Young,W,80.0
135,MD,2010,Denise Whittington,W,56.0
136,MD,2010,Robert Evans,W,14.0
137,MD,2010,Mary Podlesak,W,6.0
138,MO,2010,Roy Blunt,REP,1054160.0
139,MO,2010,Robin Carnahan,DEM,789736.0
140,MO,2010,Jonathan Dine,LIB,58663.0
141,MO,2010,Jerry Beck,CON,41309.0
142,MO,2010,Dale Hoinoski,W,14.0
143,MO,2010,Frazier Miller,W,7.0
144,MO,2010,Jeff Wirick,W,4.0
145,MO,2010,Charlie Bailey,W,3.0
146,MO,2010,Richie Wolfe,W,2.0
147,MO,2010,Mark Memoly,W,1.0
148,NV,2010,Harry Reid,DEM,362785.0
149,NV,2010,Sharron Angle,REP,321361.0
150,NV,2010,Scott Ashjian,TPN,5811.0
151,NV,2010,Michael Haines,IND,4261.0
152,NV,2010,Tim Fasano,IAP,3185.0
153,NV,2010,Jesse Holland,IND,3175.0
154,NV,2010,Jeffrey Reeves,IND,2510.0
155,NV,2010,Wil Stand,IND,2119.0
156,NH,2010,Kelly Ayotte,REP,273218.0
157,NH,2010,Paul Hodes,DEM,167545.0
158,NH,2010,Chris Booth,IND,9194.0
159,NH,2010,Ken Blevens,LIB,4753.0
160,NY,2010,Charles Schumer,DEM,3047880.0
161,NY,2010,Jay Townsend,REP,1480423.0
162,NY,2010,Colia Clark,GRE,42341.0
163,NY,2010,Randy Credico,LIB,24871.0
164,NC,2010,Richard Burr,REP,1458046.0
165,NC,2010,Elaine Marshall,DEM,1145074.0
166,NC,2010,Michael Beitler,LIB,55687.0
167,NC,2010,Jim Nolan,W,64.0
168,NC,2010,Michael Genay,W,10.0
169,ND,2010,John Hoeven,REP,181689.0
170,ND,2010,Tracy Potter,DNL,52955.0
171,ND,2010,Keith Hanson,LIB,3890.0
172,OH,2010,Rob Portman,REP,2168742.0
173,OH,2010,Lee Fisher,DEM,1503297.0
174,OH,2010,Eric Deaton,CON,65856.0
175,OH,2010,Michael Pryce,IND,50101.0
176,OH,2010,Daniel LaBotz,SUS,26454.0
177,OH,2010,Arthur Sullivan,W,648.0
178,OK,2010,Tom Coburn,REP,718482.0
179,OK,2010,Jim Rogers,DEM,265814.0
180,OK,2010,Stephen Wallace,IND,25048.0
181,OK,2010,Ronald Dwyer,IND,7807.0
182,OR,2010,Ron Wyden,DEM,825507.0
183,OR,2010,Jim Huffman,REP,582227.0
184,OR,2010,Bruce Cronk,WF,18940.0
185,OR,2010,Tom Stutzman,PRO,14466.0
186,PA,2010,Pat Toomey,REP,2028945.0
187,PA,2010,Joe Sestak,DEM,1948716.0
188,SC,2010,Jim DeMint,REP,810771.0
189,SC,2010,Alvin Greene,DEM,364598.0
190,SC,2010,Tom Clements,GRE,121472.0
191,SD,2010,John Thune,REP,
192,UT,2010,Mike Lee,REP,390179.0
193,UT,2010,Sam Granato,DEM,207685.0
194,UT,2010,Scott Bradley,CON,35937.0
195,UT,2010,Brian Kamerath,W,20.0
196,UT,2010,Loy Brunson,W,6.0
197,UT,2010,Cody Judy,W,2.0
198,VT,2010,Patrick Leahy,DEM,151281.0
199,VT,2010,Len Britton,REP,72699.0
200,VT,2010,Daniel Freilich,IND,3544.0
201,VT,2010,Cris Ericson,USM,2731.0
202,VT,2010,Stephen Cain,IND,2356.0
203,VT,2010,Pete Diamondstone,SUS,1433.0
204,VT,2010,Johenry Nunes,IND,1021.0
205,WA,2010,Patty Murray,DEM,1314930.0
206,WA,2010,Dino Rossi,REP,1196164.0
207,WI,2010,Ron Johnson,REP,1125999.0
208,WI,2010,Russ Feingold,DEM,1020958.0
209,WI,2010,Rob Taylor,CPW,23473.0
210,WI,2010,Ernest Pagels,W,134.0
211,WI,2010,Michael LaForest,W,129.0
212,AZ,2012,Jeff Flake,REP,1024459.0
213,AZ,2012,Richard Carmona,DEM,943660.0
214,AZ,2012,Marc Victor,IND,91591.0
215,CA,2012,Dianne Feinstein,DEM,6538196.0
216,CA,2012,Elizabeth Emken,REP,4081156.0
217,CT,2012,Chris Murphy,DEM,815077.0
218,CT,2012,Linda McMahon,REP,637857.0
219,CT,2012,Paul Passarelli,LIB,24883.0
220,DE,2012,Thomas Carper,DEM,265374.0
221,DE,2012,Kevin Wade,REP,115694.0
222,DE,2012,Alexander Pires,OTH,15300.0
223,DE,2012,Andrew Groff,GRN,3191.0
224,FL,2012,Bill Nelson,DEM,4521534.0
225,FL,2012,Connie Mack,REP,3457254.0
226,FL,2012,William Gaylor,NPA,126043.0
227,FL,2012,Chris Borgia,OTH,82040.0
228,HI,2012,Mazie Hirono,DEM,266435.0
229,HI,2012,Linda Lingle,REP,159002.0
230,IN,2012,Joe Donnelly,DEM,1268407.0
231,IN,2012,Richard Mourdock,REP,1126832.0
232,IN,2012,Andrew Horning,LIB,146453.0
233,ME,2012,Angus King,NPA,368130.0
234,ME,2012,Charles Summers,REP,213644.0
235,ME,2012,Cynthia Dill,DEM,91694.0
236,ME,2012,Stephen Woods,IND,10297.0
237,ME,2012,Danny Dalton,NPA,6510.0
238,ME,2012,Andrew Dodge,NPA,6313.0
239,MD,2012,Benjamin Cardin,DEM,1335706.0
240,MD,2012,Daniel Bongino,REP,642443.0
241,MD,2012,Rob Sobhani,UNA,409785.0
242,MD,2012,Dean Ahmad,LIB,29345.0
243,MA,2012,Elizabeth Warren,DEM,1678408.0
244,MA,2012,Scott Brown,REP,1449180.0
245,MI,2012,Debbie Stabenow,DEM,2732886.0
246,MI,2012,Pete Hoekstra,REP,1765548.0
247,MI,2012,Scotty Boman,LIB,84463.0
248,MI,2012,Harley Mikkelson,GRN,27896.0
249,MI,2012,Richard Matkin,UST,26022.0
250,MI,2012,John Litle,OTH,11234.0
251,MN,2012,Amy Klobuchar,DEM,1856196.0
252,MN,2012,Kurt Bills,REP,868977.0
253,MN,2012,Stephen Williams,OTH,73640.0
254,MN,2012,Tim Davis,GRP,30578.0
255,MN,2012,Michael Cavlan,OTH,14009.0
256,MS,2012,Roger Wicker,REP,673223.0
257,MS,2012,Albert Gore,DEM,472930.0
258,MS,2012,Thomas Cramer,CST,14486.0
259,MS,2012,Shawn O'Hara,RP,12559.0
260,MO,2012,Claire McCaskill,DEM,1484683.0
261,MO,2012,Todd Akin,REP,1063698.0
262,MO,2012,Jonathan Dine,LIB,164991.0
263,MT,2012,Jon Tester,DEM,234465.0
264,MT,2012,Denny Rehberg,REP,215701.0
265,MT,2012,Dan Cox,LIB,31287.0
266,NE,2012,Deb Fischer,REP,444319.0
267,NE,2012,Bob Kerrey,DEM,318930.0
268,NV,2012,Dean Heller,REP,456471.0
269,NV,2012,Shelley Berkley,DEM,444337.0
270,NV,2012,David VanDerBeek,OTH,48544.0
271,NV,2012,None of these candidates,NPD,44892.0
272,NJ,2012,Robert Menendez,DEM,1828417.0
273,NJ,2012,Joe Kyrillos,REP,1244734.0
274,NJ,2012,Kenneth Kaplan,IND,15169.0
275,NJ,2012,Ken Wolski,IND,14323.0
276,NJ,2012,Gwen Diakos,IND,8429.0
277,NJ,2012,David Dranikoff,IND,3427.0
278,NJ,2012,Inder Soni,IND,3276.0
279,NJ,2012,Robert Turkavage,IND,3204.0
280,NJ,2012,Eugene Lavergne,IND,2041.0
281,NJ,2012,Gregory Pason,IND,1964.0
282,NJ,2012,Daryl Brooks,IND,1876.0
283,NM,2012,Martin Heinrich,DEM,389274.0
284,NM,2012,Heather Wilson,REP,346938.0
285,NM,2012,Jon Barrie,OTH,27710.0
286,NY,2012,Kirsten Gillibrand,DEM,4212518.0
287,NY,2012,Wendy Long,REP,1561893.0
288,NY,2012,Colia Clark,GRN,36547.0
289,NY,2012,Chris Edes,LIB,28315.0
290,NY,2012,John Mangelli,OTH,20223.0
291,ND,2012,Heidi Heitkamp,DEM,160752.0
292,ND,2012,Rick Berg,REP,157758.0
293,OH,2012,Sherrod Brown,DEM,2645901.0
294,OH,2012,Josh Mandel,REP,2371230.0
295,OH,2012,Scott Rupert,IND,241102.0
296,PA,2012,Robert Casey,DEM,2943289.0
297,PA,2012,Thomas Smith,REP,2453730.0
298,PA,2012,Rayburn Smith,LIB,94362.0
299,RI,2012,Sheldon Whitehouse,DEM,265687.0
300,RI,2012,Barry Hinckley,REP,144620.0
301,TN,2012,Bob Corker,REP,1496668.0
302,TN,2012,Mark Clayton,DEM,700753.0
303,TN,2012,Martin Pleasant,GRN,37964.0
304,TN,2012,Shaun Crowell,IND,20813.0
305,TN,2012,Kermit Steck,CST,18490.0
306,TN,2012,Michel Long,IND,8043.0
307,TN,2012,James Higdon,IND,8036.0
308,TN,2012,Troy Scoggin,IND,7105.0
309,TN,2012,David Gatchell,IND,6469.0
310,TX,2012,Ted Cruz,REP,4456599.0
311,TX,2012,Paul Sadler,DEM,3183314.0
312,TX,2012,John Myers,LIB,161462.0
313,TX,2012,David Collins,GRN,67791.0
314,UT,2012,Orrin Hatch,REP,595972.0
315,UT,2012,Scott Howell,DEM,275880.0
316,UT,2012,Shaun McCausland,CST,28367.0
317,UT,2012,Daniel Geery,OTH,7444.0
318,UT,2012,Baron Hill,OTH,0.0
319,VT,2012,Bernard Sanders,IND,208253.0
320,VT,2012,John MacGovern,REP,72629.0
321,VT,2012,Cris Ericson,IND,5912.0
322,VT,2012,Peter Moss,IND,2543.0
323,VT,2012,Pete Diamondstone,LUN,2511.0
324,VT,2012,Laurel LaFramboise,IND,896.0
325,VA,2012,Timothy Kaine,DEM,1944992.0
326,VA,2012,George Allen,REP,1758857.0
327,WA,2012,Maria Cantwell,DEM,1714271.0
328,WA,2012,Michael Baumgartner,REP,1135453.0
329,WV,2012,Joe Manchin,DEM,394532.0
330,WV,2012,John Raese,REP,237825.0
331,WV,2012,Bob Baber,OTH,19231.0
332,WI,2012,Tammy Baldwin,DEM,1544274.0
333,WI,2012,Tommy Thompson,REP,1377253.0
334,WI,2012,Joseph Kexel,LIB,61908.0
335,WI,2012,Nimrod Allen,IND,16327.0
336,WY,2012,John Barrasso,REP,184531.0
337,WY,2012,Tim Chesnut,DEM,52596.0
338,WY,2012,Joel Otto,OTH,6138.0
339,AL,2014,Jeff Sessions,GOP,
340,AK,2014,Dan Sullivan,GOP,119579.0
341,AK,2014,Mark Begich,DEM,111668.0
342,AK,2014,Mark Fish,LIB,9026.0
343,AK,2014,Ted Gianoutsos,NPA,4725.0
344,AR,2014,Tom Cotton,GOP,476309.0
345,AR,2014,Mark Pryor,DEM,332669.0
346,AR,2014,Nathan LaFrance,LIB,17103.0
347,AR,2014,Mark Swaney,GRN,16717.0
348,CO,2014,Cory Gardner,GOP,965974.0
349,CO,2014,Mark Udall,DEM,916245.0
350,CO,2014,Gaylon Kent,LIB,51225.0
351,CO,2014,Steve Shogan,UNA,28604.0
352,CO,2014,Raul Acosta,UNA,23342.0
353,CO,2014,Bill Hammons,UTY,6217.0
354,DC,2014,Paul Strauss,DEM,99082.0
355,DC,2014,David Schwartzman,DCG,13703.0
356,DC,2014,Glenda Richmond,IND,8947.0
357,DC,2014,John Daniel,LIB,6399.0
358,DE,2014,Christopher Coons,DEM,130645.0
359,DE,2014,Kevin Wade,GOP,98819.0
360,DE,2014,Andrew Groff,GRN,4560.0
361,GA,2014,David Perdue,GOP,1355392.0
362,GA,2014,Michelle Nunn,DEM,1154388.0
363,GA,2014,Amanda Swafford,LIB,48930.0
364,HI,2014,Brian Schatz,DEM,246720.0
365,HI,2014,Cam Cavasso,GOP,97972.0
366,HI,2014,Michael Kokoski,LIB,8936.0
367,ID,2014,Jim Risch,GOP,285322.0
368,ID,2014,Nels Mitchell,DEM,151697.0
369,IL,2014,Richard Durbin,DEM,1850862.0
370,IL,2014,Jim Oberweis,GOP,1503942.0
371,IL,2014,Sharon Hansen,LIB,130762.0
372,IA,2014,Joni Ernst,GOP,586921.0
373,IA,2014,Bruce Braley,DEM,491708.0
374,IA,2014,Rick Stewart,IND,26662.0
375,IA,2014,Douglas Butzier,LIB,8315.0
376,IA,2014,Bob Quast,OTH,5928.0
377,IA,2014,Ruth Smith,IND,4711.0
378,KS,2014,Pat Roberts,GOP,449974.0
379,KS,2014,Greg Orman,IND,358898.0
380,KS,2014,Randall Batson,LIB,36002.0
381,KY,2014,Mitch McConnell,GOP,806795.0
382,KY,2014,Alison Lundergan Grimes,DEM,584699.0
383,KY,2014,David Patterson,LIB,44240.0
384,LA,2014,Mary Landrieu,DEM,618840.0
385,LA,2014,William Cassidy,GOP,602439.0
386,LA,2014,Rob Maness,GOP,202413.0
387,LA,2014,Thomas Clements,GOP,14158.0
388,LA,2014,Brannon McMorris,LIB,13024.0
389,LA,2014,Wayne Ables,DEM,11318.0
390,LA,2014,William Waymire,DEM,4669.0
391,LA,2014,Vallian Senegal,DEM,3831.0
392,ME,2014,Susan Collins,GOP,412211.0
393,ME,2014,Shenna Bellows,DEM,189653.0
394,MA,2014,Edward Markey,DEM,1285736.0
395,MA,2014,Brian Herr,GOP,789378.0
396,MI,2014,Gary Peters,DEM,1693781.0
397,MI,2014,Terri Lynn Land,GOP,1283850.0
398,MI,2014,Jim Fulner,LIB,62504.0
399,MI,2014,Richard Matkin,UST,37155.0
400,MI,2014,Chris Wahmhoff,GRN,26040.0
401,MN,2014,Al Franken,DEM,1052794.0
402,MN,2014,Mike McFadden,GOP,849932.0
403,MN,2014,Steve Carlson,INP,47604.0
404,MN,2014,Heather Johnson,LIB,29686.0
405,MS,2014,Thad Cochran,GOP,370208.0
406,MS,2014,Travis Childers,DEM,228974.0
407,MS,2014,Shawn O'Hara,RP,13660.0
408,MT,2014,Steve Daines,GOP,210863.0
409,MT,2014,Amanda Curtis,DEM,145601.0
410,MT,2014,Roger Roots,LIB,7712.0
411,NE,2014,Ben Sasse,GOP,339868.0
412,NE,2014,Dave Domina,DEM,162874.0
413,NE,2014,Jim Jenkins,PEC,15513.0
414,NE,2014,Todd Watson,PEC,6114.0
415,NH,2014,Jeanne Shaheen,DEM,250722.0
416,NH,2014,Scott Brown,GOP,234846.0
417,NJ,2014,Cory Booker,DEM,1016204.0
418,NJ,2014,Jeff Bell,GOP,772991.0
419,NJ,2014,Joseph Baratelli,IND,16304.0
420,NJ,2014,Hank Schroeder,IND,5519.0
421,NJ,2014,Jeff Boss,IND,4405.0
422,NJ,2014,Eugene Lavergne,IND,3790.0
423,NJ,2014,Antonio Sabas,IND,3422.0
424,NM,2014,Tom Udall,DEM,280074.0
425,NM,2014,Allen Weh,GOP,225706.0
426,NC,2014,Thom Tillis,GOP,1413269.0
427,NC,2014,Kay Hagan,DEM,1364758.0
428,NC,2014,Sean Haugh,LIB,108183.0
429,OK,2014,James Inhofe,GOP,557537.0
430,OK,2014,Matt Silverstein,DEM,233932.0
431,OK,2014,Joan Farr,IND,10534.0
432,OK,2014,Ray Woods,IND,9890.0
433,OK,2014,Aaron DeLozier,IND,7786.0
434,OR,2014,Jeff Merkley,DEM,744516.0
435,OR,2014,Monica Wehby,GOP,498191.0
436,OR,2014,Mike Montchalin,LIB,40649.0
437,OR,2014,Christina Lugo,PAG,28897.0
438,OR,2014,James Leuenberger,CST,22205.0
439,RI,2014,John Reed,DEM,222776.0
440,RI,2014,Mark Zaccaria,GOP,92389.0
441,SC,2014,Lindsey Graham,GOP,665605.0
442,SC,2014,Brad Hutto,DEM,475532.0
443,SC,2014,Thomas Ravenel,PEC,47205.0
444,SC,2014,Victor Kocher,LIB,33481.0
445,SD,2014,Mike Rounds,GOP,140721.0
446,SD,2014,Rick Weiland,DEM,82408.0
447,SD,2014,Larry Pressler,IND,47728.0
448,SD,2014,Gordon Howie,IND,8469.0
449,TN,2014,Lamar Alexander,GOP,849748.0
450,TN,2014,Gordon Ball,DEM,437175.0
451,TN,2014,Joe Wilmoth,CST,36056.0
452,TN,2014,Martin Pleasant,GRN,12530.0
453,TN,2014,Tom Emerson,IND,11146.0
454,TN,2014,Danny Page,IND,7711.0
455,TN,2014,Rick Tyler,IND,5751.0
456,TN,2014,Joshua James,IND,5671.0
457,TN,2014,Bartholomew Phillips,IND,2380.0
458,TN,2014,Edmund Gauthier,IND,2308.0
459,TN,2014,Eric Schechter,IND,1668.0
460,TN,2014,C. Salekin,IND,784.0
461,TX,2014,John Cornyn,GOP,2855068.0
462,TX,2014,David Alameel,DEM,1594252.0
463,TX,2014,Rebecca Paddock,LIB,133467.0
464,TX,2014,Emily Sanchez,GRN,54587.0
465,VA,2014,Mark Warner,DEM,1071283.0
466,VA,2014,Ed Gillespie,GOP,1054556.0
467,VA,2014,Robert Sarvis,LIB,53396.0
468,WV,2014,Shelley Capito,GOP,280123.0
469,WV,2014,Natalie Tennant,DEM,155456.0
470,WV,2014,John Buckley,LIB,7360.0
471,WV,2014,Bob Baber,MNT,5448.0
472,WV,2014,Phil Hudok,CST,2544.0
473,WY,2014,Michael Enzi,GOP,119534.0
474,WY,2014,Charlie Hardy,DEM,29043.0
475,WY,2014,Curt Gottshall,IND,13175.0
476,WY,2014,Joseph Porambo,LIB,3602.0
477,AL,2016,Richard Shelby,GOP,1323184.0
478,AL,2016,Ron Crumpton,DEM,737542.0
479,AK,2016,Lisa Murkowski,GOP,111382.0
480,AK,2016,Joe Miller,LIB,74245.0
481,AK,2016,Margaret Stock,NPA,34579.0
482,AK,2016,Ray Metcalfe,DEM,28026.0
483,AK,2016,Breck Craig,NPA,2027.0
484,AK,2016,Ted Gianoutsos,NPA,1385.0
485,AZ,2016,John McCain,GOP,1089324.0
486,AZ,2016,Ann Kirkpatrick,DEM,839542.0
487,AZ,2016,Gary Swing,GRN,112151.0
488,AR,2016,John Boozman,GOP,657856.0
489,AR,2016,Conner Eldridge,DEM,397970.0
490,AR,2016,Frank Gilbert,LIB,43720.0
491,CA,2016,Kamala Harris,DEM,6495907.0
492,CA,2016,Loretta Sanchez,DEM,3918486.0
493,CO,2016,Michael Bennet,DEM,1246357.0
494,CO,2016,Darryl Glenn,GOP,1149326.0
495,CO,2016,Lily Williams,LIB,88492.0
496,CO,2016,Arn Menconi,GRN,31679.0
497,CO,2016,Bill Hammons,UTY,8408.0
498,CO,2016,Dan Chapin,UNA,7471.0
499,CO,2016,Paul Fiorino,UNA,2738.0
500,CT,2016,Richard Blumenthal,DEM,986291.0
501,CT,2016,Dan Carter,GOP,546489.0
502,CT,2016,Richard Lion,LIB,17907.0
503,CT,2016,Jeffery Russell,GRN,16437.0
504,FL,2016,Marco Rubio,GOP,4822182.0
505,FL,2016,Patrick Murphy,DEM,4105251.0
506,FL,2016,Paul Stanton,LIB,196188.0
507,FL,2016,Bruce Nathan,NPA,52274.0
508,FL,2016,Tony Khoury,NPA,45604.0
509,FL,2016,Steven Machat,NPA,26789.0
510,FL,2016,Basil Dalack,NPA,22134.0
511,GA,2016,Johnny Isakson,GOP,2110737.0
512,GA,2016,Jim Barksdale,DEM,1565006.0
513,GA,2016,Allen Buckley,LIB,159914.0
514,HI,2016,Brian Schatz,DEM,306543.0
515,HI,2016,John Carroll,GOP,92620.0
516,HI,2016,Joy Allison,CST,9096.0
517,HI,2016,Michael Kokoski,LIB,6806.0
518,ID,2016,Mike Crapo,GOP,447342.0
519,ID,2016,Jerry Sturgill,DEM,188104.0
520,ID,2016,Ray Writz,CST,41645.0
521,IL,2016,Tammy Duckworth,DEM,2908363.0
522,IL,2016,Mark Kirk,GOP,2150099.0
523,IL,2016,Kenton McMillen,LIB,172068.0
524,IL,2016,Scott Summers,GRN,113965.0
525,IN,2016,Todd Young,GOP,1423001.0
526,IN,2016,Evan Bayh,DEM,1157799.0
527,IN,2016,Lucy Brenton,LIB,149365.0
528,IA,2016,Charles Grassley,GOP,923280.0
529,IA,2016,Patty Judge,DEM,546974.0
530,IA,2016,Charles Aldrich,LIB,41609.0
531,IA,2016,Jim Hennager,OTH,17571.0
532,IA,2016,Michael Luick-Thrams,PEC,4416.0
533,KS,2016,Jerry Moran,GOP,716661.0
534,KS,2016,Patrick Wiesner,DEM,368672.0
535,KS,2016,Robert Garrard,LIB,63428.0
536,KY,2016,Rand Paul,GOP,1090151.0
537,KY,2016,Jim Gray,DEM,813222.0
538,LA,2016,John Kennedy,GOP,482380.0
539,LA,2016,Foster Campbell,DEM,337682.0
540,LA,2016,Charles Boustany,GOP,297744.0
541,LA,2016,Caroline Fayard,DEM,240748.0
542,LA,2016,John Fleming,GOP,203959.0
543,LA,2016,Rob Maness,GOP,90812.0
544,LA,2016,David Duke,GOP,58581.0
545,LA,2016,Derrick Edwards,DEM,51724.0
546,LA,2016,Gary Landrieu,DEM,45520.0
547,LA,2016,Donald Crawford,GOP,25503.0
548,LA,2016,Joseph Cao,GOP,21011.0
549,LA,2016,Beryl Billiot,NPA,19340.0
550,LA,2016,Thomas Clements,LIB,11363.0
551,LA,2016,Troy Hebert,NPA,9484.0
552,LA,2016,Joshua Pellerin,DEM,7386.0
553,LA,2016,Peter Williams,DEM,6844.0
554,LA,2016,Vinny Mendoza,DEM,4923.0
555,LA,2016,Kaitlin Marone,NPA,4102.0
556,LA,2016,Le Roy Gillam,LIB,4063.0
557,LA,2016,Charles Marsala,GOP,3683.0
558,LA,2016,Abhay Patel,GOP,1574.0
559,LA,2016,Arden Wells,NPA,1481.0
560,LA,2016,Bob Lang,OTH,1424.0
561,LA,2016,Gregory Taylor,OTH,1150.0
562,MD,2016,Chris Van Hollen,DEM,1488845.0
563,MD,2016,Kathy Szeliga,GOP,898902.0
564,MD,2016,Margaret Flowers,GRN,78752.0
565,MO,2016,Roy Blunt,GOP,1370240.0
566,MO,2016,Jason Kander,DEM,1283222.0
567,MO,2016,Jonathan Dine,LIB,67067.0
568,MO,2016,Johnathan McFarland,GRN,30413.0
569,MO,2016,Fred Ryman,CST,25194.0
570,NV,2016,Catherine Cortez Masto,DEM,520658.0
571,NV,2016,Joe Heck,GOP,494427.0
572,NV,2016,None of these candidates,NPD,42085.0
573,NV,2016,Tom Jones,IAP,17104.0
574,NV,2016,Tom Sawyer,NPD,14163.0
575,NV,2016,Tony Gumina,NPD,10719.0
576,NV,2016,Jarrod Williams,NPD,6864.0
577,NH,2016,Maggie Hassan,DEM,354268.0
578,NH,2016,Kelly Ayotte,GOP,353525.0
579,NH,2016,Aaron Day,IND,17702.0
580,NH,2016,Brian Chabot,LIB,12988.0
581,NY,2016,Charles Schumer,DEM,4788374.0
582,NY,2016,Wendy Long,GOP,1865072.0
583,NY,2016,Robin Wilson,GRN,102238.0
584,NY,2016,Alex Merced,LIB,43856.0
585,NC,2016,Richard Burr,GOP,2371192.0
586,NC,2016,Deborah Ross,DEM,2102666.0
587,NC,2016,Sean Haugh,LIB,165319.0
588,ND,2016,John Hoeven,GOP,267964.0
589,ND,2016,Eliot Glassheim,DEM,57976.0
590,ND,2016,Robert Marquette,LIB,10521.0
591,ND,2016,James Germalic,IND,4661.0
592,OH,2016,Rob Portman,GOP,3048467.0
593,OH,2016,Ted Strickland,DEM,1929873.0
594,OH,2016,Tom Connors,IND,89977.0
595,OH,2016,Joseph DeMare,GRN,84521.0
596,OH,2016,Scott Rupert,IND,74682.0
597,OK,2016,James Lankford,GOP,979728.0
598,OK,2016,Mike Workman,DEM,355389.0
599,OK,2016,Robert Murphy,LIB,43345.0
600,OK,2016,Sean Braddy,IND,40322.0
601,OK,2016,Mark Beard,IND,27357.0
602,OR,2016,Ron Wyden,DEM,1038632.0
603,OR,2016,Mark Callahan,GOP,616203.0
604,OR,2016,Shanti Lewallen,WF,56153.0
605,OR,2016,Steven Reynolds,IP,54915.0
606,OR,2016,Eric Navickas,PAG,43905.0
607,OR,2016,Jim Lindsay,LIB,21690.0
608,PA,2016,Pat Toomey,GOP,2893833.0
609,PA,2016,Katie McGinty,DEM,2793668.0
610,PA,2016,Edward Clifford,LIB,230562.0
611,SC,2016,Tim Scott,GOP,1228844.0
612,SC,2016,Thomas Dixon,DEM,752001.0
613,SC,2016,Bill Bledsoe,CST,37124.0
614,SC,2016,Rebel Michael Scarborough,AMR,11861.0
615,SD,2016,John Thune,GOP,265494.0
616,SD,2016,Jay Williams,DEM,104125.0
617,UT,2016,Mike Lee,GOP,659769.0
618,UT,2016,Misty Snow,DEM,265674.0
619,UT,2016,Stoney Fonua,IAP,22662.0
620,UT,2016,Bill Barron,UNA,22406.0
621,VT,2016,Patrick Leahy,DEM,191855.0
622,VT,2016,Scott Milne,GOP,103266.0
623,VT,2016,Cris Ericson,IND,9140.0
624,VT,2016,Jerry Trudell,IND,5403.0
625,VT,2016,Pete Diamondstone,LUN,3233.0
626,WA,2016,Patty Murray,DEM,1765333.0
627,WA,2016,Chris Vance,GOP,1220755.0
628,WI,2016,Ron Johnson,GOP,1478170.0
629,WI,2016,Russ Feingold,DEM,1378922.0
630,WI,2016,Phil Anderson,LIB,87392.0
