,candidate,full_name,year,full_name_year,max_state,state_abbr,url_name,votes,votes_state,winner,%_votes_state,1,2,3,4,5,6,7,8,9,10,11,12,13,14,15,16,17,18,19,20
0,Al Franken,Al_Franken,2014,Al_Franken_2014,1052794,MN,http://www.ontheissues.org/Senate/Al_Franken.htm,1052794.0,1980016,1,53.2%,-5.0,-3.0,-5.0,-2.0,-5.0,-5.0,-3.0,-2.0,-2.0,-5.0,-5.0,-5.0,-3.0,-5.0,-5.0,-5.0,-5.0,-5.0,-5.0,-5.0
1,Alex Merced,Alex_Merced,2016,Alex_Merced_2016,4788374,NY,http://www.ontheissues.org/Senate/Alex_Merced.htm,43856.0,6799540,0,0.6%,-5.0,5.0,-5.0,-5.0,5.0,2.0,5.0,5.0,-5.0,5.0,5.0,-5.0,5.0,-3.0,-2.0,-5.0,-5.0,5.0,-5.0,5.0
2,Alexander Pires,Alex_Pires,2012,Alex_Pires_2012,265374,DE,http://www.ontheissues.org/Senate/Alex_Pires.htm,15300.0,399559,0,3.8%,-5.0,-5.0,-5.0,0.0,0.0,-5.0,-3.0,,0.0,0.0,-3.0,0.0,0.0,0.0,0.0,,0.0,0.0,0.0,0.0
3,Alexander Giannoulias,Alexi_Giannoulias,2010,Alexi_Giannoulias_2010,1778698,IL,http://www.ontheissues.org/Senate/Alexi_Giannoulias.htm,1719478.0,3703901,0,46.4%,-5.0,-5.0,-5.0,-5.0,-5.0,-5.0,-3.0,,0.0,-5.0,-3.0,-5.0,-3.0,-5.0,3.0,,-2.0,-5.0,0.0,5.0
4,Alison Lundergan Grimes,Alison_Grimes,2014,Alison_Grimes_2014,806795,KY,http://www.ontheissues.org/Senate/Alison_Grimes.htm,584699.0,1435734,0,40.7%,-5.0,-5.0,-5.0,0.0,-5.0,-3.0,-3.0,3.0,3.0,2.0,-3.0,-2.0,-3.0,0.0,3.0,-2.0,-2.0,2.0,-2.0,-5.0
5,Allen Buckley,Allen_Buckley,2016,Allen_Buckley_2016,2110737,GA,http://www.ontheissues.org/Senate/Allen_Buckley.htm,159914.0,3835657,0,4.2%,-2.0,5.0,-2.0,0.0,5.0,0.0,-3.0,0.0,5.0,5.0,2.0,5.0,-3.0,2.0,-5.0,0.0,3.0,-5.0,-5.0,5.0
6,Allen Weh,Allen_Weh,2014,Allen_Weh_2014,280074,NM,http://www.ontheissues.org/Senate/Allen_Weh.htm,225706.0,505780,0,44.6%,5.0,0.0,3.0,0.0,5.0,-3.0,5.0,5.0,3.0,5.0,2.0,5.0,0.0,2.0,5.0,5.0,5.0,5.0,0.0,5.0
7,Alvin Greene,Alvin_Greene,2010,Alvin_Greene_2010,810771,SC,http://www.ontheissues.org/Senate/Alvin_Greene.htm,364598.0,1318794,0,27.6%,-2.0,5.0,5.0,0.0,-5.0,0.0,-3.0,,3.0,2.0,-5.0,-2.0,-5.0,0.0,-5.0,,-2.0,0.0,-5.0,0.0
8,Amanda Curtis,Amanda_Curtis,2014,Amanda_Curtis_2014,210863,MT,http://www.ontheissues.org/Senate/Amanda_Curtis.htm,145601.0,364176,0,40.0%,-5.0,-5.0,-5.0,0.0,-3.0,-5.0,-5.0,-2.0,-5.0,-3.0,-3.0,-5.0,0.0,0.0,0.0,-5.0,0.0,-3.0,-5.0,-3.0
9,Amanda Swafford,Amanda_Swafford,2014,Amanda_Swafford_2014,1355392,GA,http://www.ontheissues.org/Senate/Amanda_Swafford.htm,48930.0,2558710,0,1.9%,-5.0,2.0,-5.0,5.0,5.0,2.0,5.0,-2.0,3.0,5.0,5.0,-2.0,2.0,2.0,-5.0,3.0,-2.0,5.0,-5.0,5.0
10,Amy Klobuchar,Amy_Klobuchar,2012,Amy_Klobuchar_2012,1856196,MN,http://www.ontheissues.org/Senate/Amy_Klobuchar.htm,1856196.0,2843400,1,65.3%,-5.0,-5.0,-5.0,0.0,-5.0,-5.0,-3.0,-2.0,3.0,-3.0,-5.0,0.0,-3.0,-3.0,-2.0,-5.0,-2.0,-5.0,3.0,-5.0
11,Angus King,Angus_King,2012,Angus_King_2012,368130,ME,http://www.ontheissues.org/Senate/Angus_King.htm,368130.0,696588,1,52.8%,-5.0,-5.0,-5.0,-2.0,-3.0,-3.0,-3.0,-2.0,-2.0,-3.0,2.0,-2.0,2.0,0.0,-2.0,-5.0,3.0,-3.0,3.0,0.0
12,Ann Kirkpatrick,Ann_Kirkpatrick,2016,Ann_Kirkpatrick_2016,1089324,AZ,http://www.ontheissues.org/Senate/Ann_Kirkpatrick.htm,839542.0,2041017,0,41.1%,-5.0,-5.0,-5.0,3.0,-3.0,-5.0,-3.0,-2.0,3.0,5.0,-5.0,5.0,2.0,-5.0,5.0,-5.0,-2.0,2.0,-5.0,-5.0
13,Barbara Boxer,Barbara_Boxer,2010,Barbara_Boxer_2010,5218441,CA,http://www.ontheissues.org/Senate/Barbara_Boxer.htm,5218441.0,10000093,1,52.2%,-5.0,-5.0,-5.0,-5.0,-5.0,-5.0,-5.0,-5.0,-2.0,-5.0,-5.0,-5.0,-3.0,-5.0,3.0,-2.0,-2.0,-5.0,-2.0,-5.0
14,Barbara Mikulski,Barbara_Mikulski,2010,Barbara_Mikulski_2010,1140531,MD,http://www.ontheissues.org/Senate/Barbara_Mikulski.htm,1140531.0,1833304,1,62.2%,-5.0,-5.0,-5.0,-2.0,-5.0,-5.0,-5.0,-5.0,-2.0,-5.0,-5.0,-2.0,-3.0,-5.0,3.0,-2.0,-2.0,-5.0,-5.0,-5.0
15,Baron Hill,Baron_Hill,2012,Baron_Hill_2012,595972,UT,http://www.ontheissues.org/Senate/Baron_Hill.htm,0.0,907663,0,0.0%,3.0,-5.0,-2.0,3.0,-3.0,-3.0,-5.0,-2.0,-2.0,5.0,-3.0,-2.0,2.0,-3.0,3.0,-2.0,0.0,-5.0,-2.0,-5.0
16,Barry Hinckley,Barry_Hinckley,2012,Barry_Hinckley_2012,265687,RI,http://www.ontheissues.org/Senate/Barry_Hinckley.htm,144620.0,410307,0,35.2%,-2.0,0.0,-5.0,0.0,5.0,2.0,5.0,,0.0,5.0,5.0,5.0,0.0,0.0,0.0,,-5.0,5.0,0.0,-3.0
17,Ben Sasse,Ben_Sasse,2014,Ben_Sasse_2014,339868,NE,http://www.ontheissues.org/Senate/Ben_Sasse.htm,339868.0,524369,1,64.8%,5.0,0.0,5.0,5.0,5.0,5.0,2.0,0.0,0.0,5.0,5.0,5.0,0.0,5.0,5.0,-2.0,3.0,5.0,-2.0,5.0
18,Benjamin Cardin,Benjamin_Cardin,2012,Benjamin_Cardin_2012,1335706,MD,http://www.ontheissues.org/Senate/Benjamin_Cardin.htm,1335706.0,2417279,1,55.3%,-5.0,-5.0,-5.0,-5.0,-5.0,-3.0,-5.0,-5.0,-2.0,-5.0,-5.0,-5.0,2.0,-5.0,3.0,-2.0,-2.0,-5.0,-5.0,-5.0
19,Bernard Sanders,Bernie_Sanders,2012,Bernie_Sanders_2012,208253,VT,http://www.ontheissues.org/Senate/Bernie_Sanders.htm,208253.0,292744,1,71.1%,-5.0,-5.0,-5.0,-5.0,-5.0,-5.0,-5.0,-5.0,-5.0,-3.0,-5.0,-2.0,-5.0,-5.0,-5.0,-5.0,-5.0,-5.0,-5.0,-3.0
20,William Cassidy,Bill_Cassidy,2014,Bill_Cassidy_2014,618840,LA,http://www.ontheissues.org/Senate/Bill_Cassidy.htm,602439.0,1470692,0,41.0%,5.0,2.0,3.0,5.0,5.0,5.0,5.0,3.0,0.0,5.0,5.0,0.0,0.0,-3.0,0.0,-5.0,3.0,5.0,0.0,0.0
21,Bill Nelson,Bill_Nelson,2012,Bill_Nelson_2012,4521534,FL,http://www.ontheissues.org/Senate/Bill_Nelson.htm,4521534.0,8186871,1,55.2%,-2.0,-5.0,-5.0,-2.0,-5.0,-5.0,-5.0,-5.0,-2.0,-3.0,-3.0,-2.0,5.0,-3.0,-2.0,-5.0,3.0,-5.0,0.0,-5.0
22,Blanche Lincoln,Blanche_Lambert_Lincoln,2010,Blanche_Lambert_Lincoln_2010,451618,AR,http://www.ontheissues.org/Senate/Blanche_Lambert_Lincoln.htm,288156.0,779957,0,36.9%,-2.0,-5.0,-5.0,-2.0,-3.0,-3.0,-5.0,,-2.0,-3.0,-3.0,-2.0,2.0,,0.0,,3.0,-3.0,-2.0,
23,Robert Casey,Bob_Casey,2012,Bob_Casey_2012,2943289,PA,http://www.ontheissues.org/Senate/Bob_Casey.htm,2943289.0,5491381,1,53.6%,3.0,-5.0,-2.0,3.0,-5.0,-5.0,-5.0,-5.0,0.0,2.0,-5.0,-2.0,-5.0,-3.0,-2.0,-2.0,3.0,-5.0,5.0,-5.0
24,Bob Corker,Bob_Corker,2012,Bob_Corker_2012,1496668,TN,http://www.ontheissues.org/Senate/Bob_Corker.htm,1496668.0,2304341,1,64.9%,5.0,-3.0,5.0,3.0,2.0,0.0,2.0,0.0,3.0,5.0,5.0,3.0,0.0,5.0,5.0,-2.0,5.0,-3.0,0.0,5.0
25,Bob Kerrey,Bob_Kerrey,2012,Bob_Kerrey_2012,444319,NE,http://www.ontheissues.org/Senate/Bob_Kerrey.htm,318930.0,763249,0,41.8%,-5.0,-5.0,-5.0,-5.0,-3.0,-3.0,-3.0,,0.0,-5.0,-3.0,0.0,2.0,,-2.0,,-2.0,2.0,-5.0,
26,Brad Ellsworth,Brad_Ellsworth,2010,Brad_Ellsworth_2010,952116,IN,http://www.ontheissues.org/Senate/Brad_Ellsworth.htm,697775.0,1744221,0,40.0%,0.0,-5.0,-2.0,3.0,-5.0,-5.0,0.0,,-2.0,5.0,2.0,3.0,-3.0,,-5.0,,3.0,-3.0,0.0,
27,Brad Hutto,Brad_Hutto,2014,Brad_Hutto_2014,665605,SC,http://www.ontheissues.org/Senate/Brad_Hutto.htm,475532.0,1221823,0,38.9%,-2.0,-5.0,-5.0,0.0,-3.0,-5.0,-3.0,-2.0,3.0,2.0,2.0,-2.0,0.0,2.0,-2.0,-2.0,-5.0,-3.0,0.0,2.0
28,Brian Herr,Brian_Herr,2014,Brian_Herr_2014,1285736,MA,http://www.ontheissues.org/Senate/Brian_Herr.htm,789378.0,2075114,0,38.0%,-5.0,0.0,-5.0,0.0,5.0,0.0,2.0,0.0,0.0,5.0,2.0,3.0,0.0,-3.0,3.0,-5.0,-2.0,0.0,0.0,5.0
29,Brian Schatz,Brian_Schatz,2014,Brian_Schatz_2014,246720,HI,http://www.ontheissues.org/Senate/Brian_Schatz.htm,246720.0,353628,1,69.8%,-5.0,-5.0,-5.0,0.0,0.0,-5.0,-3.0,-5.0,3.0,-5.0,5.0,-2.0,2.0,5.0,-2.0,-5.0,-2.0,-5.0,3.0,-3.0
30,Brian Schatz,Brian_Schatz,2016,Brian_Schatz_2016,306543,HI,http://www.ontheissues.org/Senate/Brian_Schatz.htm,306543.0,415065,1,73.9%,-5.0,-5.0,-5.0,0.0,0.0,-5.0,-3.0,-5.0,3.0,-5.0,5.0,-2.0,2.0,5.0,-2.0,-5.0,-2.0,-5.0,3.0,-3.0
31,Bruce Braley,Bruce_Braley,2014,Bruce_Braley_2014,586921,IA,http://www.ontheissues.org/Senate/Bruce_Braley.htm,491708.0,1124245,0,43.7%,-5.0,-5.0,-5.0,3.0,-5.0,-5.0,-5.0,-5.0,-2.0,-5.0,-5.0,3.0,-5.0,-5.0,0.0,-5.0,-2.0,-5.0,5.0,-5.0
32,Cam Cavasso,Cam_Cavasso,2010,Cam_Cavasso_2010,277167,HI,http://www.ontheissues.org/Senate/Cam_Cavasso.htm,79924.0,370506,0,21.6%,5.0,0.0,5.0,5.0,5.0,5.0,5.0,3.0,5.0,5.0,5.0,5.0,0.0,0.0,3.0,5.0,3.0,0.0,0.0,5.0
33,Cam Cavasso,Cam_Cavasso,2014,Cam_Cavasso_2014,246720,HI,http://www.ontheissues.org/Senate/Cam_Cavasso.htm,97972.0,353628,0,27.7%,5.0,0.0,5.0,5.0,5.0,5.0,5.0,3.0,5.0,5.0,5.0,5.0,0.0,0.0,3.0,5.0,3.0,0.0,0.0,5.0
34,Carly Fiorina,Carly_Fiorina,2010,Carly_Fiorina_2010,5218441,CA,http://www.ontheissues.org/Senate/Carly_Fiorina.htm,4217366.0,10000093,0,42.2%,3.0,0.0,3.0,0.0,5.0,0.0,2.0,,0.0,5.0,5.0,5.0,-3.0,,3.0,,3.0,2.0,0.0,
35,Catherine Cortez Masto,Catherine_Cortez_Masto,2016,Catherine_Cortez_Masto_2016,520658,NV,http://www.ontheissues.org/Senate/Catherine_Cortez_Masto.htm,520658.0,1106020,1,47.1%,-5.0,-5.0,3.0,0.0,-5.0,-5.0,-5.0,-5.0,3.0,-3.0,-3.0,-5.0,-5.0,-3.0,0.0,-5.0,3.0,-5.0,-2.0,-3.0
36,Charles Boustany,Charles_Boustany,2016,Charles_Boustany_2016,482380,LA,http://www.ontheissues.org/Senate/Charles_Boustany.htm,297744.0,1932481,0,15.4%,5.0,2.0,5.0,3.0,5.0,5.0,5.0,5.0,-2.0,5.0,5.0,5.0,2.0,5.0,3.0,-2.0,5.0,5.0,5.0,2.0
37,Charlie Melancon,Charles_Melancon,2010,Charles_Melancon_2010,715415,LA,http://www.ontheissues.org/Senate/Charles_Melancon.htm,476572.0,1219990,0,39.1%,3.0,0.0,5.0,0.0,-3.0,-5.0,-3.0,,-2.0,5.0,-3.0,5.0,-3.0,,0.0,,-2.0,2.0,3.0,
38,Charles Schumer,Charles_Schumer,2010,Charles_Schumer_2010,3047775,NY,http://www.ontheissues.org/Senate/Charles_Schumer.htm,3047775.0,4596589,1,66.3%,-5.0,-5.0,-5.0,-2.0,-5.0,-5.0,-5.0,-2.0,3.0,-5.0,-5.0,-5.0,-3.0,-5.0,3.0,-5.0,3.0,-5.0,3.0,-5.0
39,Charles Schumer,Charles_Schumer,2016,Charles_Schumer_2016,4788374,NY,http://www.ontheissues.org/Senate/Charles_Schumer.htm,4788374.0,6799540,1,70.4%,-5.0,-5.0,-5.0,-2.0,-5.0,-5.0,-5.0,-2.0,3.0,-5.0,-5.0,-5.0,-3.0,-5.0,3.0,-5.0,3.0,-5.0,3.0,-5.0
40,Charlie Crist,Charlie_Crist,2010,Charlie_Crist_2010,2645743,FL,http://www.ontheissues.org/Senate/Charlie_Crist.htm,1637299.0,5375978,0,30.5%,-2.0,-5.0,-2.0,5.0,-5.0,-3.0,0.0,-5.0,5.0,5.0,2.0,3.0,-5.0,-5.0,5.0,-2.0,0.0,-5.0,5.0,2.0
41,Charlie Hardy,Charlie_Hardy,2014,Charlie_Hardy_2014,119534,WY,http://www.ontheissues.org/Senate/Charlie_Hardy.htm,29043.0,165354,0,17.6%,-5.0,-5.0,-5.0,3.0,-5.0,0.0,2.0,-5.0,-2.0,5.0,-3.0,-5.0,0.0,-5.0,-5.0,-5.0,-5.0,-3.0,-2.0,-3.0
42,Charles Summers,Charlie_Summers,2012,Charlie_Summers_2012,368130,ME,http://www.ontheissues.org/Senate/Charlie_Summers.htm,213644.0,696588,0,30.7%,-2.0,2.0,5.0,0.0,2.0,2.0,5.0,,3.0,5.0,5.0,5.0,-3.0,,3.0,,5.0,5.0,5.0,
43,Christopher Coons,Chris_Coons,2014,Chris_Coons_2014,130645,DE,http://www.ontheissues.org/Senate/Chris_Coons.htm,130645.0,234024,1,55.8%,-2.0,-5.0,-5.0,5.0,-3.0,-5.0,-3.0,-2.0,3.0,-5.0,-5.0,-2.0,-3.0,-5.0,-2.0,-5.0,3.0,-5.0,5.0,-5.0
44,Chris Murphy,Chris_Murphy,2012,Chris_Murphy_2012,815077,CT,http://www.ontheissues.org/Senate/Chris_Murphy.htm,815077.0,1477817,1,55.2%,-5.0,-5.0,-5.0,0.0,-5.0,-5.0,-5.0,-5.0,-2.0,-5.0,-3.0,-2.0,-5.0,-5.0,-2.0,-5.0,-2.0,-5.0,-2.0,-5.0
45,Chris Van Hollen,Chris_Van_Hollen,2016,Chris_Van_Hollen_2016,1488845,MD,http://www.ontheissues.org/Senate/Chris_Van_Hollen.htm,1488845.0,2466499,1,60.4%,-5.0,-5.0,-5.0,-5.0,-5.0,-5.0,-5.0,-5.0,-2.0,-5.0,-3.0,-5.0,2.0,-5.0,0.0,-5.0,3.0,-5.0,-5.0,-5.0
46,Chris Vance,Chris_Vance,2016,Chris_Vance_2016,1765333,WA,http://www.ontheissues.org/Senate/Chris_Vance.htm,1220755.0,2986088,0,40.9%,0.0,0.0,-2.0,0.0,2.0,-3.0,5.0,-2.0,0.0,0.0,0.0,-5.0,5.0,5.0,5.0,0.0,3.0,2.0,0.0,2.0
47,Charles Grassley,Chuck_Grassley,2010,Chuck_Grassley_2010,718215,IA,http://www.ontheissues.org/Senate/Chuck_Grassley.htm,718215.0,1116063,1,64.4%,5.0,5.0,5.0,5.0,2.0,2.0,5.0,-2.0,3.0,5.0,5.0,5.0,5.0,5.0,3.0,3.0,5.0,2.0,5.0,2.0
48,Charles Grassley,Chuck_Grassley,2016,Chuck_Grassley_2016,923280,IA,http://www.ontheissues.org/Senate/Chuck_Grassley.htm,923280.0,1533850,1,60.2%,5.0,5.0,5.0,5.0,2.0,2.0,5.0,-2.0,3.0,5.0,5.0,5.0,5.0,5.0,3.0,3.0,5.0,2.0,5.0,2.0
49,Claire McCaskill,Claire_McCaskill,2012,Claire_McCaskill_2012,1484683,MO,http://www.ontheissues.org/Senate/Claire_McCaskill.htm,1484683.0,2713372,1,54.7%,-5.0,-5.0,-5.0,0.0,-5.0,-3.0,-3.0,-2.0,3.0,-3.0,-5.0,3.0,0.0,-3.0,3.0,-5.0,-2.0,-3.0,3.0,-5.0
50,Colia Clark,Colia_Clark,2012,Colia_Clark_2012,4212518,NY,http://www.ontheissues.org/Senate/Colia_Clark.htm,36547.0,5859496,0,0.6%,-5.0,-5.0,-5.0,-5.0,-3.0,-5.0,-5.0,,-5.0,-5.0,-5.0,-5.0,-5.0,,-5.0,,-5.0,-5.0,-5.0,
51,Conner Eldridge,Conner_Eldridge,2016,Conner_Eldridge_2016,657856,AR,http://www.ontheissues.org/Senate/Conner_Eldridge.htm,397970.0,1099546,0,36.2%,-2.0,-5.0,-2.0,0.0,-3.0,-5.0,-3.0,3.0,3.0,5.0,2.0,-2.0,-5.0,5.0,5.0,-2.0,3.0,0.0,3.0,2.0
52,Connie Mack,Connie_Mack,2012,Connie_Mack_2012,4521534,FL,http://www.ontheissues.org/Senate/Connie_Mack.htm,3457254.0,8186871,0,42.2%,3.0,2.0,3.0,3.0,2.0,2.0,-5.0,,5.0,-5.0,2.0,0.0,2.0,,-5.0,,2.0,2.0,5.0,
53,Cory Booker,Cory_Booker,2014,Cory_Booker_2014,1016204,NJ,http://www.ontheissues.org/Senate/Cory_Booker.htm,1016204.0,1822635,1,55.8%,-5.0,-5.0,-2.0,-5.0,-5.0,-3.0,5.0,-5.0,-2.0,-5.0,2.0,-5.0,-3.0,-5.0,3.0,-5.0,-2.0,-5.0,-2.0,-3.0
54,Cory Gardner,Cory_Gardner,2014,Cory_Gardner_2014,965974,CO,http://www.ontheissues.org/Senate/Cory_Gardner.htm,965974.0,1991607,1,48.5%,5.0,-3.0,5.0,5.0,5.0,5.0,5.0,5.0,0.0,5.0,5.0,3.0,0.0,5.0,5.0,-5.0,3.0,5.0,-2.0,5.0
55,Cynthia Dill,Cynthia_Dill,2012,Cynthia_Dill_2012,368130,ME,http://www.ontheissues.org/Senate/Cynthia_Dill.htm,91694.0,696588,0,13.2%,-5.0,-5.0,-5.0,0.0,-5.0,-3.0,-5.0,,-5.0,-3.0,-5.0,-2.0,-5.0,,-5.0,,0.0,-5.0,-5.0,
56,Daniel Bongino,Dan_Bongino,2012,Dan_Bongino_2012,1335706,MD,http://www.ontheissues.org/Senate/Dan_Bongino.htm,642443.0,2417279,0,26.6%,3.0,0.0,0.0,0.0,5.0,0.0,5.0,,0.0,5.0,5.0,3.0,5.0,,5.0,,3.0,5.0,0.0,
57,Dan Carter,Dan_Carter,2016,Dan_Carter_2016,986291,CT,http://www.ontheissues.org/Senate/Dan_Carter.htm,546489.0,1567124,0,34.9%,0.0,0.0,0.0,0.0,5.0,0.0,0.0,0.0,0.0,5.0,5.0,5.0,-5.0,5.0,5.0,-2.0,5.0,0.0,5.0,5.0
58,Dan Sullivan,Dan_Sullivan,2014,Dan_Sullivan_2014,119579,AK,http://www.ontheissues.org/Senate/Dan_Sullivan.htm,119579.0,244998,1,48.8%,5.0,0.0,5.0,0.0,5.0,0.0,0.0,5.0,5.0,5.0,0.0,5.0,2.0,2.0,5.0,3.0,5.0,5.0,0.0,2.0
59,Dan Coats,Daniel_Coats,2010,Daniel_Coats_2010,952116,IN,http://www.ontheissues.org/Senate/Daniel_Coats.htm,952116.0,1744221,1,54.6%,5.0,5.0,5.0,5.0,5.0,2.0,2.0,3.0,3.0,2.0,5.0,3.0,2.0,0.0,3.0,3.0,5.0,5.0,5.0,2.0
60,Daniel Freilich,Daniel_Freilich,2010,Daniel_Freilich_2010,151281,VT,http://www.ontheissues.org/Senate/Daniel_Freilich.htm,5090.0,229070,0,2.2%,-5.0,2.0,-2.0,-5.0,-5.0,-5.0,2.0,,3.0,-3.0,-5.0,-5.0,2.0,,3.0,,5.0,-5.0,-5.0,
61,Daniel Inouye,Daniel_Inouye,2010,Daniel_Inouye_2010,277167,HI,http://www.ontheissues.org/Senate/Daniel_Inouye.htm,277167.0,370506,1,74.8%,-5.0,-5.0,-5.0,-2.0,-3.0,-5.0,-5.0,-2.0,-5.0,-5.0,-5.0,-5.0,2.0,-3.0,3.0,-2.0,-2.0,-3.0,0.0,-5.0
62,Darryl Glenn,Darryl_Glenn,2016,Darryl_Glenn_2016,1246357,CO,http://www.ontheissues.org/Senate/Darryl_Glenn.htm,1149326.0,2534471,0,45.3%,5.0,0.0,5.0,5.0,2.0,2.0,5.0,-2.0,5.0,5.0,5.0,5.0,0.0,5.0,5.0,-2.0,5.0,5.0,-2.0,5.0
63,Dave Domina,Dave_Domina,2014,Dave_Domina_2014,339868,NE,http://www.ontheissues.org/Senate/Dave_Domina.htm,162874.0,524369,0,31.1%,-2.0,-5.0,-5.0,0.0,-5.0,-5.0,-5.0,0.0,-5.0,-3.0,-5.0,-5.0,-3.0,0.0,3.0,-5.0,-2.0,-5.0,0.0,2.0
64,David Alameel,David_Alameel,2014,David_Alameel_2014,2855068,TX,http://www.ontheissues.org/Senate/David_Alameel.htm,1594252.0,4637374,0,34.4%,-5.0,-5.0,-5.0,0.0,0.0,-5.0,-5.0,0.0,0.0,0.0,0.0,-5.0,-5.0,0.0,0.0,-5.0,3.0,5.0,0.0,-3.0
65,David Perdue,David_Perdue,2014,David_Perdue_2014,1355392,GA,http://www.ontheissues.org/Senate/David_Perdue.htm,1355392.0,2558710,1,53.0%,5.0,5.0,5.0,5.0,2.0,2.0,2.0,5.0,0.0,5.0,2.0,5.0,-3.0,2.0,5.0,3.0,0.0,5.0,-2.0,5.0
66,David Vitter,David_Vitter,2010,David_Vitter_2010,715415,LA,http://www.ontheissues.org/Senate/David_Vitter.htm,715415.0,1219990,1,58.6%,5.0,2.0,5.0,5.0,5.0,2.0,5.0,0.0,3.0,5.0,5.0,5.0,2.0,5.0,3.0,-2.0,5.0,5.0,5.0,2.0
67,Dean Heller,Dean_Heller,2012,Dean_Heller_2012,456471,NV,http://www.ontheissues.org/Senate/Dean_Heller.htm,456471.0,994244,1,45.9%,3.0,-5.0,3.0,0.0,5.0,0.0,2.0,0.0,-2.0,5.0,5.0,5.0,2.0,5.0,0.0,-5.0,5.0,2.0,3.0,-3.0
68,Deb Fischer,Deb_Fischer,2012,Deb_Fischer_2012,444319,NE,http://www.ontheissues.org/Senate/Deb_Fischer.htm,444319.0,763249,1,58.2%,5.0,2.0,5.0,5.0,5.0,2.0,2.0,5.0,5.0,5.0,5.0,5.0,0.0,5.0,5.0,-5.0,5.0,5.0,-5.0,5.0
69,Debbie Stabenow,Debbie_Stabenow,2012,Debbie_Stabenow_2012,2732886,MI,http://www.ontheissues.org/Senate/Debbie_Stabenow.htm,2732886.0,4648049,1,58.8%,-5.0,-5.0,-5.0,3.0,-5.0,-3.0,-5.0,-5.0,3.0,-5.0,-3.0,-2.0,-3.0,-5.0,-2.0,-5.0,-2.0,-3.0,-5.0,-5.0
70,Deborah Ross,Deborah_Ross,2016,Deborah_Ross_2016,2371192,NC,http://www.ontheissues.org/Senate/Deborah_Ross.htm,2102666.0,4639177,0,45.3%,-5.0,-5.0,-5.0,0.0,-3.0,-5.0,-3.0,5.0,-5.0,-5.0,-5.0,-5.0,-5.0,-5.0,3.0,-5.0,3.0,-3.0,-2.0,-5.0
71,Denny Rehberg,Dennis_Rehberg,2012,Dennis_Rehberg_2012,234465,MT,http://www.ontheissues.org/Senate/Dennis_Rehberg.htm,215701.0,481453,0,44.8%,5.0,5.0,5.0,5.0,2.0,5.0,5.0,,-2.0,5.0,5.0,5.0,2.0,,3.0,,5.0,5.0,5.0,
72,Dianne Feinstein,Dianne_Feinstein,2012,Dianne_Feinstein_2012,6538196,CA,http://www.ontheissues.org/Senate/Dianne_Feinstein.htm,6538196.0,10619352,1,61.6%,-5.0,-5.0,-5.0,-2.0,-3.0,-3.0,-3.0,-5.0,3.0,-5.0,-3.0,-5.0,2.0,-3.0,-2.0,-2.0,-2.0,-5.0,3.0,-5.0
73,Dino Rossi,Dino_Rossi,2010,Dino_Rossi_2010,1314930,WA,http://www.ontheissues.org/Senate/Dino_Rossi.htm,1196164.0,2511094,0,47.6%,5.0,0.0,5.0,5.0,5.0,0.0,2.0,,5.0,5.0,5.0,5.0,0.0,,5.0,,5.0,2.0,3.0,
74,Ed Gillespie,Ed_Gillespie,2014,Ed_Gillespie_2014,1071283,VA,http://www.ontheissues.org/Senate/Ed_Gillespie.htm,1054556.0,2179235,0,48.4%,-2.0,-3.0,5.0,5.0,5.0,2.0,0.0,3.0,3.0,5.0,5.0,3.0,2.0,5.0,5.0,0.0,5.0,5.0,0.0,5.0
75,Edward Markey,Ed_Markey,2014,Ed_Markey_2014,1285736,MA,http://www.ontheissues.org/Senate/Ed_Markey.htm,1285736.0,2075114,1,62.0%,-5.0,-5.0,-5.0,-5.0,-5.0,-5.0,-5.0,-5.0,-5.0,-5.0,-5.0,-5.0,-3.0,-3.0,-2.0,-5.0,-2.0,-5.0,-5.0,-5.0
76,Elaine Marshall,Elaine_Marshall,2010,Elaine_Marshall_2010,1458046,NC,http://www.ontheissues.org/Senate/Elaine_Marshall.htm,1145074.0,2660079,0,43.0%,-5.0,-5.0,-5.0,0.0,-5.0,-5.0,-5.0,,3.0,-3.0,-3.0,-5.0,-5.0,,-5.0,,-2.0,-5.0,0.0,
77,Eliot Glassheim,Eliot_Glassheim,2016,Eliot_Glassheim_2016,267964,ND,http://www.ontheissues.org/Senate/Eliot_Glassheim.htm,57976.0,341122,0,17.0%,-2.0,0.0,-5.0,0.0,-3.0,-5.0,0.0,0.0,3.0,2.0,0.0,-5.0,0.0,0.0,0.0,-5.0,5.0,-5.0,0.0,-5.0
78,Elizabeth Emken,Elizabeth_Emken,2012,Elizabeth_Emken_2012,6538196,CA,http://www.ontheissues.org/Senate/Elizabeth_Emken.htm,4081156.0,10619352,0,38.4%,5.0,-3.0,5.0,0.0,5.0,-5.0,0.0,,3.0,5.0,5.0,5.0,5.0,,3.0,,5.0,5.0,0.0,
79,Elizabeth Warren,Elizabeth_Warren,2012,Elizabeth_Warren_2012,1678408,MA,http://www.ontheissues.org/Senate/Elizabeth_Warren.htm,1678408.0,3127588,1,53.7%,-5.0,-5.0,-5.0,-2.0,-5.0,-5.0,-3.0,-5.0,-2.0,-5.0,-5.0,-5.0,-3.0,0.0,-2.0,-5.0,-2.0,-5.0,3.0,-5.0
80,Emily Sanchez,Emily_Sanchez,2014,Emily_Sanchez_2014,2855068,TX,http://www.ontheissues.org/Senate/Emily_Sanchez.htm,54587.0,4637374,0,1.2%,-2.0,-5.0,-2.0,-2.0,-3.0,-3.0,5.0,-5.0,-2.0,-3.0,-5.0,-2.0,-3.0,2.0,-2.0,3.0,-2.0,-5.0,-5.0,-3.0
81,Eric Wargotz,Eric_Wargotz,2010,Eric_Wargotz_2010,1140531,MD,http://www.ontheissues.org/Senate/Eric_Wargotz.htm,655666.0,1833304,0,35.8%,-5.0,0.0,5.0,5.0,5.0,0.0,5.0,,0.0,0.0,5.0,5.0,0.0,,5.0,,0.0,5.0,0.0,
82,Evan Bayh,Evan_Bayh,2016,Evan_Bayh_2016,1423001,IN,http://www.ontheissues.org/Senate/Evan_Bayh.htm,1157799.0,2730165,0,42.4%,-2.0,-5.0,-5.0,3.0,-5.0,0.0,-5.0,-5.0,-2.0,-3.0,-5.0,-2.0,2.0,-3.0,3.0,-5.0,3.0,-3.0,-2.0,-5.0
83,Foster Campbell,Foster_Campbell,2016,Foster_Campbell_2016,482380,LA,http://www.ontheissues.org/Senate/Foster_Campbell.htm,337682.0,1932481,0,17.5%,0.0,-5.0,0.0,0.0,-3.0,0.0,-5.0,0.0,3.0,0.0,5.0,0.0,0.0,0.0,0.0,-5.0,0.0,0.0,0.0,0.0
84,Frank Gilbert,Frank_Gilbert,2016,Frank_Gilbert_2016,657856,AR,http://www.ontheissues.org/Senate/Frank_Gilbert.htm,43720.0,1099546,0,4.0%,3.0,5.0,-5.0,3.0,5.0,2.0,5.0,-2.0,-2.0,5.0,5.0,-2.0,2.0,5.0,-2.0,-2.0,-5.0,2.0,-2.0,2.0
85,Gail Lightfoot,Gail_Lightfoot,2010,Gail_Lightfoot_2010,5218441,CA,http://www.ontheissues.org/Senate/Gail_Lightfoot.htm,564286.0,10000093,0,5.6%,-2.0,2.0,-5.0,0.0,5.0,5.0,5.0,,-5.0,5.0,5.0,-2.0,5.0,,-2.0,,3.0,5.0,-5.0,
86,Gary Peters,Gary_Peters,2014,Gary_Peters_2014,1693781,MI,http://www.ontheissues.org/Senate/Gary_Peters.htm,1693781.0,3103330,1,54.6%,-5.0,-5.0,-5.0,5.0,-5.0,-5.0,-5.0,-5.0,-2.0,-5.0,-5.0,-2.0,-5.0,-3.0,0.0,-5.0,3.0,-5.0,-5.0,-5.0
87,George Allen,George_Allen,2012,George_Allen_2012,1944992,VA,http://www.ontheissues.org/Senate/George_Allen.htm,1758857.0,3703849,0,47.5%,5.0,0.0,5.0,5.0,2.0,2.0,5.0,,5.0,2.0,5.0,5.0,5.0,,5.0,,3.0,5.0,5.0,
88,Gordon Ball,Gordon_Ball,2014,Gordon_Ball_2014,849748,TN,http://www.ontheissues.org/Senate/Gordon_Ball.htm,437175.0,1372928,0,31.8%,-2.0,0.0,-2.0,0.0,-3.0,-5.0,-5.0,-5.0,-2.0,5.0,5.0,-5.0,-3.0,-3.0,3.0,0.0,3.0,0.0,0.0,2.0
89,Gordon Howie,Gordon_Howie,2014,Gordon_Howie_2014,140721,SD,http://www.ontheissues.org/Senate/Gordon_Howie.htm,8469.0,279326,0,3.0%,5.0,5.0,5.0,5.0,5.0,2.0,5.0,5.0,5.0,5.0,5.0,5.0,5.0,5.0,5.0,5.0,-2.0,5.0,3.0,5.0
90,Greg Orman,Greg_Orman,2014,Greg_Orman_2014,449974,KS,http://www.ontheissues.org/Senate/Greg_Orman.htm,358898.0,844874,0,42.5%,-5.0,0.0,-2.0,0.0,-3.0,-3.0,-3.0,-2.0,0.0,-3.0,2.0,3.0,0.0,2.0,3.0,-2.0,-5.0,-5.0,0.0,-3.0
91,Gwen Diakos,Gwen_Diakos,2012,Gwen_Diakos_2012,1828417,NJ,http://www.ontheissues.org/Senate/Gwen_Diakos.htm,8429.0,3126860,0,0.3%,5.0,0.0,-5.0,0.0,0.0,0.0,-3.0,,0.0,0.0,0.0,-2.0,0.0,,3.0,,0.0,0.0,0.0,
92,Harry Reid,Harry_Reid,2010,Harry_Reid_2010,362785,NV,http://www.ontheissues.org/Senate/Harry_Reid.htm,362785.0,696317,1,52.1%,-2.0,-5.0,-2.0,-2.0,-3.0,-5.0,-5.0,-2.0,-2.0,2.0,-5.0,-5.0,-5.0,-5.0,0.0,-2.0,-2.0,-3.0,-2.0,-5.0
93,Heather Johnson,Heather_Johnson,2014,Heather_Johnson_2014,1052794,MN,http://www.ontheissues.org/Senate/Heather_Johnson.htm,29686.0,1980016,0,1.5%,-2.0,2.0,-5.0,-2.0,2.0,5.0,5.0,-2.0,-5.0,5.0,5.0,3.0,5.0,5.0,-5.0,-5.0,-5.0,-5.0,-5.0,5.0
94,Heather Wilson,Heather_Wilson,2012,Heather_Wilson_2012,389274,NM,http://www.ontheissues.org/Senate/Heather_Wilson.htm,346938.0,763922,0,45.4%,3.0,0.0,5.0,5.0,0.0,2.0,5.0,,-2.0,5.0,5.0,-2.0,5.0,,3.0,,5.0,5.0,3.0,
95,Heidi Heitkamp,Heidi_Heitkamp,2012,Heidi_Heitkamp_2012,160752,ND,http://www.ontheissues.org/Senate/Heidi_Heitkamp.htm,160752.0,318510,1,50.5%,3.0,-5.0,-2.0,0.0,-5.0,-5.0,2.0,3.0,3.0,5.0,-5.0,0.0,0.0,0.0,0.0,-2.0,-2.0,5.0,3.0,2.0
96,Jack Conway,Jack_Conway,2010,Jack_Conway_2010,755411,KY,http://www.ontheissues.org/Senate/Jack_Conway.htm,599843.0,1356468,0,44.2%,-2.0,-5.0,0.0,0.0,-5.0,-5.0,2.0,,3.0,5.0,5.0,5.0,-3.0,,3.0,,5.0,2.0,5.0,
97,John Reed,Jack_Reed,2014,Jack_Reed_2014,222776,RI,http://www.ontheissues.org/Senate/Jack_Reed.htm,222776.0,315165,1,70.7%,-5.0,-5.0,-5.0,-5.0,-3.0,-5.0,-5.0,-5.0,-2.0,-5.0,-5.0,-5.0,-3.0,-5.0,3.0,-2.0,0.0,-5.0,-2.0,-5.0
98,James Inhofe,James_Inhofe,2014,James_Inhofe_2014,557537,OK,http://www.ontheissues.org/Senate/James_Inhofe.htm,557537.0,819679,1,68.0%,5.0,5.0,5.0,5.0,5.0,5.0,5.0,3.0,5.0,5.0,5.0,5.0,2.0,5.0,5.0,3.0,5.0,5.0,5.0,5.0
99,James Lankford,James_Lankford,2016,James_Lankford_2016,979728,OK,http://www.ontheissues.org/Senate/James_Lankford.htm,979728.0,1446141,1,67.7%,5.0,5.0,5.0,5.0,5.0,5.0,5.0,5.0,-5.0,5.0,5.0,5.0,2.0,5.0,5.0,-2.0,5.0,5.0,0.0,2.0
100,Jason Kander,Jason_Kander,2016,Jason_Kander_2016,1370240,MO,http://www.ontheissues.org/Senate/Jason_Kander.htm,1283222.0,2776136,0,46.2%,-5.0,-3.0,-5.0,0.0,-5.0,-3.0,5.0,-5.0,-2.0,-5.0,2.0,-2.0,-3.0,-3.0,3.0,-2.0,-2.0,-5.0,3.0,-3.0
101,Jay Townsend,Jay_Townsend,2010,Jay_Townsend_2010,3047775,NY,http://www.ontheissues.org/Senate/Jay_Townsend.htm,1480337.0,4596589,0,32.2%,5.0,2.0,0.0,0.0,5.0,0.0,2.0,,0.0,5.0,5.0,0.0,2.0,,5.0,,3.0,5.0,0.0,
102,Jay Williams,Jay_Williams,2016,Jay_Williams_2016,265494,SD,http://www.ontheissues.org/Senate/Jay_Williams.htm,104125.0,369619,0,28.2%,-5.0,-5.0,0.0,0.0,-5.0,2.0,-5.0,0.0,-5.0,-3.0,-5.0,-5.0,0.0,-5.0,0.0,-2.0,-2.0,-5.0,-2.0,0.0
103,Jeanne Shaheen,Jeanne_Shaheen,2014,Jeanne_Shaheen_2014,250722,NH,http://www.ontheissues.org/Senate/Jeanne_Shaheen.htm,250722.0,485568,1,51.6%,-5.0,-5.0,-5.0,-2.0,-5.0,-3.0,-3.0,0.0,3.0,0.0,-3.0,-2.0,2.0,-3.0,0.0,-5.0,3.0,-3.0,3.0,-5.0
104,Jeff Bell,Jeff_Bell,2014,Jeff_Bell_2014,1016204,NJ,http://www.ontheissues.org/Senate/Jeff_Bell.htm,772991.0,1822635,0,42.4%,5.0,5.0,5.0,5.0,5.0,-3.0,5.0,3.0,3.0,5.0,5.0,0.0,5.0,2.0,5.0,5.0,5.0,5.0,5.0,5.0
105,Jeff Flake,Jeff_Flake,2012,Jeff_Flake_2012,1024459,AZ,http://www.ontheissues.org/Senate/Jeff_Flake.htm,1024459.0,2059710,1,49.7%,5.0,2.0,3.0,3.0,5.0,2.0,5.0,5.0,3.0,5.0,5.0,3.0,5.0,5.0,-2.0,-2.0,5.0,5.0,-2.0,5.0
106,Jeff Merkley,Jeff_Merkley,2014,Jeff_Merkley_2014,744516,OR,http://www.ontheissues.org/Senate/Jeff_Merkley.htm,744516.0,1334458,1,55.8%,-5.0,-5.0,-2.0,3.0,-5.0,-5.0,-5.0,-2.0,3.0,-5.0,-3.0,3.0,-3.0,-3.0,-2.0,-5.0,-2.0,-5.0,-2.0,-3.0
107,Jerry Moran,Jerry_Moran,2010,Jerry_Moran_2010,587175,KS,http://www.ontheissues.org/Senate/Jerry_Moran.htm,587175.0,837692,1,70.1%,5.0,-3.0,5.0,5.0,2.0,5.0,2.0,3.0,3.0,5.0,5.0,3.0,5.0,5.0,3.0,-2.0,5.0,5.0,5.0,2.0
108,Jerry Moran,Jerry_Moran,2016,Jerry_Moran_2016,716661,KS,http://www.ontheissues.org/Senate/Jerry_Moran.htm,716661.0,1148761,1,62.4%,5.0,-3.0,5.0,5.0,2.0,5.0,2.0,3.0,3.0,5.0,5.0,3.0,5.0,5.0,3.0,-2.0,5.0,5.0,5.0,2.0
109,Jerry Sturgill,Jerry_Sturgill,2016,Jerry_Sturgill_2016,447342,ID,http://www.ontheissues.org/Senate/Jerry_Sturgill.htm,188104.0,677091,0,27.8%,0.0,0.0,0.0,0.0,0.0,0.0,0.0,-5.0,0.0,2.0,0.0,0.0,2.0,0.0,0.0,-2.0,0.0,-3.0,0.0,2.0
110,Jim Barksdale,Jim_Barksdale,2016,Jim_Barksdale_2016,2110737,GA,http://www.ontheissues.org/Senate/Jim_Barksdale.htm,1565006.0,3835657,0,40.8%,-2.0,-5.0,0.0,-2.0,-5.0,-5.0,-5.0,0.0,0.0,5.0,0.0,-5.0,-5.0,-5.0,5.0,-5.0,-5.0,-5.0,0.0,0.0
111,Jim DeMint,Jim_DeMint,2010,Jim_DeMint_2010,810771,SC,http://www.ontheissues.org/Senate/Jim_DeMint.htm,810771.0,1318794,1,61.5%,5.0,5.0,5.0,5.0,5.0,5.0,5.0,5.0,5.0,5.0,5.0,5.0,5.0,5.0,5.0,3.0,5.0,5.0,5.0,5.0
112,Jim Gray,Jim_Gray,2016,Jim_Gray_2016,1090151,KY,http://www.ontheissues.org/Senate/Jim_Gray.htm,813222.0,1903373,0,42.7%,0.0,-5.0,-5.0,0.0,-3.0,-5.0,-3.0,3.0,0.0,-3.0,0.0,0.0,2.0,-3.0,3.0,-5.0,5.0,5.0,-5.0,-3.0
113,Jim Huffman,Jim_Huffman,2010,Jim_Huffman_2010,825507,OR,http://www.ontheissues.org/Senate/Jim_Huffman.htm,566199.0,1428122,0,39.6%,-2.0,0.0,-5.0,0.0,5.0,5.0,5.0,,5.0,5.0,5.0,5.0,5.0,,3.0,,5.0,5.0,0.0,
114,Jim Oberweis,Jim_Oberweis,2014,Jim_Oberweis_2014,1850862,IL,http://www.ontheissues.org/Senate/Jim_Oberweis.htm,1503942.0,3485566,0,43.1%,5.0,0.0,5.0,3.0,2.0,2.0,0.0,0.0,0.0,5.0,5.0,5.0,5.0,0.0,-2.0,0.0,3.0,5.0,-5.0,5.0
115,Jim Risch,Jim_Risch,2014,Jim_Risch_2014,285322,ID,http://www.ontheissues.org/Senate/Jim_Risch.htm,285322.0,437019,1,65.3%,5.0,5.0,5.0,5.0,5.0,2.0,5.0,3.0,3.0,5.0,5.0,3.0,0.0,5.0,5.0,3.0,3.0,2.0,5.0,2.0
116,Joe Donnelly,Joe_Donnelly,2012,Joe_Donnelly_2012,1268407,IN,http://www.ontheissues.org/Senate/Joe_Donnelly.htm,1268407.0,2541692,1,49.9%,5.0,-5.0,3.0,0.0,-5.0,-5.0,-5.0,-2.0,-2.0,5.0,-3.0,5.0,-5.0,-3.0,3.0,-5.0,3.0,-3.0,5.0,-3.0
117,Joe Heck,Joe_Heck,2016,Joe_Heck_2016,520658,NV,http://www.ontheissues.org/Senate/Joe_Heck.htm,494427.0,1106020,0,44.7%,5.0,-3.0,3.0,0.0,5.0,5.0,5.0,3.0,3.0,5.0,5.0,3.0,-3.0,2.0,3.0,-5.0,3.0,5.0,-2.0,2.0
118,Joe Kyrillos,Joe_Kyrillos,2012,Joe_Kyrillos_2012,1828417,NJ,http://www.ontheissues.org/Senate/Joe_Kyrillos.htm,1244734.0,3126860,0,39.8%,3.0,2.0,5.0,0.0,5.0,2.0,5.0,,-2.0,-5.0,5.0,5.0,-3.0,,5.0,,5.0,5.0,5.0,
119,Joe Manchin,Joe_Manchin_III,2012,Joe_Manchin_III_2012,394532,WV,http://www.ontheissues.org/Senate/Joe_Manchin_III.htm,394532.0,651588,1,60.5%,3.0,-5.0,5.0,0.0,-5.0,-5.0,-5.0,-2.0,-2.0,5.0,-5.0,0.0,0.0,5.0,3.0,-5.0,3.0,5.0,5.0,2.0
120,Joe Miller,Joe_Miller,2010,Joe_Miller_2010,104129,AK,http://www.ontheissues.org/Senate/Joe_Miller.htm,90839.0,255013,0,35.6%,5.0,5.0,5.0,5.0,5.0,5.0,5.0,5.0,3.0,5.0,5.0,5.0,2.0,0.0,3.0,3.0,5.0,5.0,3.0,5.0
121,Joe Miller,Joe_Miller,2016,Joe_Miller_2016,111382,AK,http://www.ontheissues.org/Senate/Joe_Miller.htm,74245.0,251644,0,29.5%,5.0,5.0,5.0,5.0,5.0,5.0,5.0,5.0,3.0,5.0,5.0,5.0,2.0,0.0,3.0,3.0,5.0,5.0,3.0,5.0
122,Joe Sestak,Joe_Sestak,2010,Joe_Sestak_2010,2028945,PA,http://www.ontheissues.org/Senate/Joe_Sestak.htm,1948716.0,3977661,0,49.0%,-2.0,-5.0,-5.0,-5.0,-5.0,-5.0,-3.0,-5.0,-2.0,-5.0,-3.0,-5.0,-3.0,-5.0,-2.0,-5.0,-2.0,-5.0,-2.0,-5.0
123,John Barrasso,John_Barrasso,2012,John_Barrasso_2012,184531,WY,http://www.ontheissues.org/Senate/John_Barrasso.htm,184531.0,243265,1,75.9%,5.0,2.0,0.0,5.0,2.0,2.0,2.0,3.0,0.0,5.0,5.0,5.0,2.0,5.0,5.0,-2.0,5.0,5.0,3.0,5.0
124,John Boozman,John_Boozman,2010,John_Boozman_2010,451618,AR,http://www.ontheissues.org/Senate/John_Boozman.htm,451618.0,779957,1,57.9%,5.0,2.0,5.0,5.0,5.0,5.0,5.0,3.0,5.0,5.0,5.0,5.0,5.0,5.0,3.0,-2.0,5.0,5.0,5.0,2.0
125,John Boozman,John_Boozman,2016,John_Boozman_2016,657856,AR,http://www.ontheissues.org/Senate/John_Boozman.htm,657856.0,1099546,1,59.8%,5.0,2.0,5.0,5.0,5.0,5.0,5.0,3.0,5.0,5.0,5.0,5.0,5.0,5.0,3.0,-2.0,5.0,5.0,5.0,2.0
126,John Buckley,John_Buckley,2014,John_Buckley_2014,280123,WV,http://www.ontheissues.org/Senate/John_Buckley.htm,7360.0,450931,0,1.6%,3.0,5.0,-5.0,0.0,5.0,5.0,0.0,-2.0,0.0,5.0,2.0,-2.0,5.0,5.0,-5.0,3.0,-2.0,5.0,-5.0,5.0
127,John Carroll,John_Carroll,2016,John_Carroll_2016,306543,HI,http://www.ontheissues.org/Senate/John_Carroll.htm,92620.0,415065,0,22.3%,5.0,0.0,-2.0,0.0,2.0,5.0,-3.0,-5.0,-5.0,0.0,5.0,3.0,5.0,-3.0,5.0,5.0,3.0,5.0,0.0,-3.0
128,John Cornyn,John_Cornyn,2014,John_Cornyn_2014,2855068,TX,http://www.ontheissues.org/Senate/John_Cornyn.htm,2855068.0,4637374,1,61.6%,5.0,2.0,5.0,5.0,2.0,2.0,5.0,5.0,3.0,5.0,5.0,5.0,5.0,5.0,5.0,3.0,5.0,5.0,5.0,2.0
129,John Fleming,John_Fleming,2016,John_Fleming_2016,482380,LA,http://www.ontheissues.org/Senate/John_Fleming.htm,203959.0,1932481,0,10.6%,5.0,2.0,5.0,5.0,2.0,5.0,2.0,3.0,0.0,5.0,5.0,5.0,0.0,5.0,5.0,-2.0,3.0,5.0,0.0,0.0
130,John Hoeven,John_Hoeven,2010,John_Hoeven_2010,181689,ND,http://www.ontheissues.org/Senate/John_Hoeven.htm,181689.0,190025,1,95.6%,5.0,-3.0,5.0,5.0,5.0,2.0,-3.0,3.0,3.0,5.0,2.0,3.0,2.0,5.0,0.0,-2.0,3.0,2.0,3.0,-3.0
131,John Hoeven,John_Hoeven,2016,John_Hoeven_2016,267964,ND,http://www.ontheissues.org/Senate/John_Hoeven.htm,267964.0,341122,1,78.6%,5.0,-3.0,5.0,5.0,5.0,2.0,-3.0,3.0,3.0,5.0,2.0,3.0,2.0,5.0,0.0,-2.0,3.0,2.0,3.0,-3.0
132,John MacGovern,John_MacGovern,2012,John_MacGovern_2012,208253,VT,http://www.ontheissues.org/Senate/John_MacGovern.htm,72629.0,292744,0,24.8%,5.0,2.0,0.0,0.0,5.0,2.0,0.0,,0.0,5.0,5.0,0.0,0.0,,0.0,,-2.0,5.0,0.0,
133,John McCain,John_McCain,2010,John_McCain_2010,1005615,AZ,http://www.ontheissues.org/Senate/John_McCain.htm,1005615.0,1713114,1,58.7%,3.0,-3.0,-2.0,3.0,2.0,5.0,5.0,-2.0,3.0,5.0,2.0,-2.0,5.0,2.0,3.0,-5.0,5.0,-3.0,5.0,2.0
134,John McCain,John_McCain,2016,John_McCain_2016,1089324,AZ,http://www.ontheissues.org/Senate/John_McCain.htm,1089324.0,2041017,1,53.4%,3.0,-3.0,-2.0,3.0,2.0,5.0,5.0,-2.0,3.0,5.0,2.0,-2.0,5.0,2.0,3.0,-5.0,5.0,-3.0,5.0,2.0
135,John Kennedy,John_Neely_Kennedy,2016,John_Neely_Kennedy_2016,482380,LA,http://www.ontheissues.org/Senate/John_Neely_Kennedy.htm,482380.0,1932481,1,25.0%,3.0,-5.0,5.0,0.0,-5.0,-3.0,-3.0,-5.0,5.0,5.0,-3.0,5.0,-5.0,5.0,5.0,-2.0,-2.0,2.0,0.0,2.0
136,John Raese,John_Raese,2012,John_Raese_2012,394532,WV,http://www.ontheissues.org/Senate/John_Raese.htm,237825.0,651588,0,36.5%,5.0,2.0,5.0,5.0,5.0,5.0,5.0,5.0,5.0,5.0,5.0,5.0,5.0,0.0,5.0,5.0,5.0,5.0,5.0,5.0
137,John Thune,John_Thune,2016,John_Thune_2016,265494,SD,http://www.ontheissues.org/Senate/John_Thune.htm,265494.0,369619,1,71.8%,5.0,5.0,5.0,5.0,2.0,2.0,2.0,3.0,3.0,5.0,5.0,5.0,5.0,5.0,3.0,-2.0,5.0,5.0,5.0,5.0
138,Johnny Isakson,Johnny_Isakson,2010,Johnny_Isakson_2010,1489904,GA,http://www.ontheissues.org/Senate/Johnny_Isakson.htm,1489904.0,2555170,1,58.3%,5.0,0.0,5.0,5.0,2.0,5.0,5.0,3.0,5.0,5.0,5.0,5.0,5.0,5.0,3.0,0.0,5.0,5.0,3.0,2.0
139,Johnny Isakson,Johnny_Isakson,2016,Johnny_Isakson_2016,2110737,GA,http://www.ontheissues.org/Senate/Johnny_Isakson.htm,2110737.0,3835657,1,55.0%,5.0,0.0,5.0,5.0,2.0,5.0,5.0,3.0,5.0,5.0,5.0,5.0,5.0,5.0,3.0,0.0,5.0,5.0,3.0,2.0
140,Jon Tester,Jon_Tester,2012,Jon_Tester_2012,234465,MT,http://www.ontheissues.org/Senate/Jon_Tester.htm,234465.0,481453,1,48.7%,-5.0,-5.0,-2.0,-2.0,-5.0,-5.0,-3.0,-2.0,-2.0,5.0,-5.0,3.0,-3.0,-5.0,-2.0,-5.0,-2.0,-5.0,3.0,-5.0
141,Joni Ernst,Joni_Ernst,2014,Joni_Ernst_2014,586921,IA,http://www.ontheissues.org/Senate/Joni_Ernst.htm,586921.0,1124245,1,52.2%,5.0,2.0,5.0,5.0,5.0,2.0,5.0,5.0,0.0,5.0,5.0,5.0,5.0,5.0,5.0,5.0,3.0,5.0,-2.0,5.0
142,Joseph Cao,Joseph_Cao,2016,Joseph_Cao_2016,482380,LA,http://www.ontheissues.org/Senate/Joseph_Cao.htm,21011.0,1932481,0,1.1%,3.0,0.0,-2.0,0.0,-3.0,0.0,-3.0,-2.0,3.0,-3.0,0.0,-5.0,0.0,0.0,0.0,-2.0,3.0,0.0,0.0,-5.0
143,Josh Mandel,Josh_Mandel,2012,Josh_Mandel_2012,2645901,OH,http://www.ontheissues.org/Senate/Josh_Mandel.htm,2371230.0,5258233,0,45.1%,5.0,0.0,5.0,0.0,5.0,2.0,5.0,0.0,3.0,5.0,5.0,3.0,-3.0,0.0,3.0,-2.0,3.0,5.0,0.0,2.0
144,Kamala Harris,Kamala_Harris,2016,Kamala_Harris_2016,6495907,CA,http://www.ontheissues.org/Senate/Kamala_Harris.htm,6495907.0,10414393,1,62.4%,-5.0,-3.0,-5.0,0.0,-3.0,0.0,0.0,-2.0,3.0,-5.0,0.0,-5.0,0.0,-5.0,0.0,0.0,-2.0,-5.0,-2.0,-5.0
145,Kathy Szeliga,Kathy_Szeliga,2016,Kathy_Szeliga_2016,1488845,MD,http://www.ontheissues.org/Senate/Kathy_Szeliga.htm,898902.0,2466499,0,36.4%,5.0,-5.0,5.0,0.0,5.0,2.0,2.0,5.0,5.0,5.0,5.0,5.0,5.0,5.0,3.0,-5.0,0.0,2.0,5.0,-3.0
146,Katie McGinty,Katie_McGinty,2016,Katie_McGinty_2016,2893833,PA,http://www.ontheissues.org/Senate/Katie_McGinty.htm,2793668.0,5918063,0,47.2%,-5.0,-5.0,-5.0,0.0,-5.0,-5.0,-5.0,-5.0,-2.0,2.0,-5.0,-2.0,-3.0,-3.0,5.0,-5.0,-5.0,-3.0,-2.0,-3.0
147,Kay Hagan,Kay_Hagan,2014,Kay_Hagan_2014,1413269,NC,http://www.ontheissues.org/Senate/Kay_Hagan.htm,1364758.0,2886210,0,47.3%,-5.0,-5.0,-5.0,0.0,-3.0,-3.0,-5.0,3.0,0.0,5.0,-3.0,3.0,-5.0,-3.0,3.0,-5.0,-2.0,-3.0,0.0,-3.0
148,Kelly Ayotte,Kelly_Ayotte,2010,Kelly_Ayotte_2010,273218,NH,http://www.ontheissues.org/Senate/Kelly_Ayotte.htm,273218.0,455149,1,60.0%,5.0,-5.0,5.0,0.0,5.0,5.0,5.0,3.0,5.0,5.0,5.0,5.0,0.0,5.0,5.0,-5.0,5.0,5.0,5.0,5.0
149,Kelly Ayotte,Kelly_Ayotte,2016,Kelly_Ayotte_2016,354268,NH,http://www.ontheissues.org/Senate/Kelly_Ayotte.htm,353525.0,738483,0,47.9%,5.0,-5.0,5.0,0.0,5.0,5.0,5.0,3.0,5.0,5.0,5.0,5.0,0.0,5.0,5.0,-5.0,5.0,5.0,5.0,5.0
150,Ken Buck,Ken_Buck,2010,Ken_Buck_2010,851590,CO,http://www.ontheissues.org/Senate/Ken_Buck.htm,822731.0,1766423,0,46.6%,5.0,-3.0,3.0,0.0,5.0,0.0,5.0,5.0,3.0,5.0,5.0,5.0,0.0,0.0,5.0,0.0,3.0,5.0,0.0,5.0
151,Kendrick Meek,Kendrick_Meek,2010,Kendrick_Meek_2010,2645743,FL,http://www.ontheissues.org/Senate/Kendrick_Meek.htm,1092936.0,5375978,0,20.3%,-5.0,-5.0,-5.0,-2.0,-5.0,-5.0,-5.0,,-2.0,-5.0,-5.0,-5.0,2.0,,-2.0,,-5.0,-5.0,-2.0,
152,Kevin Wade,Kevin_Wade,2012,Kevin_Wade_2012,265374,DE,http://www.ontheissues.org/Senate/Kevin_Wade.htm,115694.0,399559,0,29.0%,5.0,0.0,5.0,5.0,5.0,0.0,2.0,5.0,0.0,2.0,5.0,5.0,0.0,2.0,5.0,-2.0,3.0,5.0,0.0,5.0
153,Kevin Wade,Kevin_Wade,2014,Kevin_Wade_2014,130645,DE,http://www.ontheissues.org/Senate/Kevin_Wade.htm,98819.0,234024,0,42.2%,5.0,0.0,5.0,5.0,5.0,0.0,2.0,5.0,0.0,2.0,5.0,5.0,0.0,2.0,5.0,-2.0,3.0,5.0,0.0,5.0
154,Kirsten Gillibrand,Kirsten_Gillibrand,2012,Kirsten_Gillibrand_2012,4212518,NY,http://www.ontheissues.org/Senate/Kirsten_Gillibrand.htm,4212518.0,5859496,1,71.9%,-5.0,-5.0,-5.0,-2.0,-5.0,-5.0,-3.0,-5.0,-2.0,-3.0,-3.0,-5.0,-3.0,-5.0,0.0,-5.0,-2.0,-5.0,0.0,-5.0
155,Kurt Bills,Kurt_Bills,2012,Kurt_Bills_2012,1856196,MN,http://www.ontheissues.org/Senate/Kurt_Bills.htm,868977.0,2843400,0,30.6%,5.0,0.0,3.0,0.0,5.0,2.0,0.0,,0.0,2.0,5.0,0.0,2.0,,5.0,,-5.0,-3.0,-2.0,
156,Lamar Alexander,Lamar_Alexander,2014,Lamar_Alexander_2014,849748,TN,http://www.ontheissues.org/Senate/Lamar_Alexander.htm,849748.0,1372928,1,61.9%,3.0,0.0,5.0,5.0,2.0,5.0,5.0,-2.0,3.0,5.0,5.0,3.0,2.0,2.0,3.0,3.0,3.0,2.0,5.0,2.0
157,Larry Pressler,Larry_Pressler,2014,Larry_Pressler_2014,140721,SD,http://www.ontheissues.org/Senate/Larry_Pressler.htm,47728.0,279326,0,17.1%,-2.0,5.0,-2.0,5.0,-3.0,0.0,5.0,3.0,5.0,5.0,-5.0,0.0,5.0,-3.0,0.0,-5.0,0.0,-3.0,5.0,5.0
158,Lee Fisher,Lee_Fisher,2010,Lee_Fisher_2010,2168736,OH,http://www.ontheissues.org/Senate/Lee_Fisher.htm,1503286.0,3814432,0,39.4%,-5.0,-5.0,-5.0,0.0,-5.0,-5.0,2.0,,5.0,-5.0,-5.0,-5.0,-5.0,,3.0,,-2.0,-5.0,5.0,
159,Len Britton,Len_Britton,2010,Len_Britton_2010,151281,VT,http://www.ontheissues.org/Senate/Len_Britton.htm,72699.0,229070,0,31.7%,-2.0,0.0,-2.0,0.0,5.0,0.0,0.0,,0.0,5.0,5.0,0.0,0.0,,3.0,,-2.0,-3.0,0.0,
160,Linda Lingle,Linda_Lingle,2012,Linda_Lingle_2012,266435,HI,http://www.ontheissues.org/Senate/Linda_Lingle.htm,159002.0,425437,0,37.4%,5.0,0.0,5.0,0.0,2.0,-3.0,-3.0,,5.0,2.0,5.0,-2.0,5.0,,5.0,,0.0,-3.0,3.0,
161,Linda McMahon,Linda_McMahon,2010,Linda_McMahon_2010,636040,CT,http://www.ontheissues.org/Senate/Linda_McMahon.htm,498341.0,1145656,0,43.5%,3.0,2.0,-2.0,0.0,5.0,-5.0,2.0,,0.0,5.0,5.0,5.0,5.0,,5.0,,3.0,5.0,-2.0,
162,Linda McMahon,Linda_McMahon,2012,Linda_McMahon_2012,815077,CT,http://www.ontheissues.org/Senate/Linda_McMahon.htm,637857.0,1477817,0,43.2%,3.0,2.0,-2.0,0.0,5.0,-5.0,2.0,,0.0,5.0,5.0,5.0,5.0,,5.0,,3.0,5.0,-2.0,
163,Lindsey Graham,Lindsey_Graham,2014,Lindsey_Graham_2014,665605,SC,http://www.ontheissues.org/Senate/Lindsey_Graham.htm,665605.0,1221823,1,54.5%,5.0,2.0,5.0,5.0,2.0,2.0,5.0,3.0,5.0,5.0,5.0,-2.0,-3.0,5.0,5.0,-2.0,5.0,5.0,5.0,2.0
164,Lisa Johnston,Lisa_Johnston,2010,Lisa_Johnston_2010,587175,KS,http://www.ontheissues.org/Senate/Lisa_Johnston.htm,220971.0,837692,0,26.4%,-5.0,0.0,-2.0,0.0,-5.0,-5.0,-3.0,,0.0,0.0,-3.0,-2.0,0.0,,-2.0,,-5.0,-3.0,0.0,
165,Lisa Murkowski,Lisa_Murkowski,2010,Lisa_Murkowski_2010,104129,AK,http://www.ontheissues.org/Senate/Lisa_Murkowski.htm,104129.0,255013,1,40.8%,3.0,-3.0,5.0,5.0,-3.0,2.0,2.0,-2.0,3.0,5.0,5.0,3.0,5.0,5.0,5.0,-2.0,5.0,5.0,5.0,2.0
166,Lisa Murkowski,Lisa_Murkowski,2016,Lisa_Murkowski_2016,111382,AK,http://www.ontheissues.org/Senate/Lisa_Murkowski.htm,111382.0,251644,1,44.3%,3.0,-3.0,5.0,5.0,-3.0,2.0,2.0,-2.0,3.0,5.0,5.0,3.0,5.0,5.0,5.0,-2.0,5.0,5.0,5.0,2.0
167,Loretta Sanchez,Loretta_Sanchez,2016,Loretta_Sanchez_2016,6495907,CA,http://www.ontheissues.org/Senate/Loretta_Sanchez.htm,3918486.0,10414393,0,37.6%,-5.0,-5.0,-5.0,-2.0,-5.0,-3.0,-5.0,-5.0,-2.0,-3.0,-3.0,-5.0,-3.0,-5.0,3.0,-2.0,-2.0,-5.0,-5.0,-3.0
168,Maggie Hassan,Maggie_Hassan,2016,Maggie_Hassan_2016,354268,NH,http://www.ontheissues.org/Senate/Maggie_Hassan.htm,354268.0,738483,1,48.0%,-5.0,-5.0,-5.0,0.0,-5.0,0.0,-5.0,3.0,3.0,-3.0,0.0,3.0,2.0,2.0,3.0,-2.0,5.0,-5.0,-2.0,-5.0
169,Marco Rubio,Marco_Rubio,2010,Marco_Rubio_2010,2645743,FL,http://www.ontheissues.org/Senate/Marco_Rubio.htm,2645743.0,5375978,1,49.2%,5.0,2.0,5.0,5.0,2.0,-3.0,5.0,5.0,3.0,5.0,5.0,3.0,2.0,2.0,5.0,-2.0,5.0,2.0,5.0,5.0
170,Marco Rubio,Marco_Rubio,2016,Marco_Rubio_2016,4822182,FL,http://www.ontheissues.org/Senate/Marco_Rubio.htm,4822182.0,9270422,1,52.0%,5.0,2.0,5.0,5.0,2.0,-3.0,5.0,5.0,3.0,5.0,5.0,3.0,2.0,2.0,5.0,-2.0,5.0,2.0,5.0,5.0
171,Margaret Flowers,Margaret_Flowers,2016,Margaret_Flowers_2016,1488845,MD,http://www.ontheissues.org/Senate/Margaret_Flowers.htm,78752.0,2466499,0,3.2%,-5.0,0.0,-5.0,-5.0,-5.0,0.0,-5.0,-5.0,-5.0,-5.0,0.0,0.0,-5.0,-5.0,-5.0,0.0,-5.0,-5.0,0.0,-5.0
172,Maria Cantwell,Maria_Cantwell,2012,Maria_Cantwell_2012,1714271,WA,http://www.ontheissues.org/Senate/Maria_Cantwell.htm,1714271.0,2849724,1,60.2%,-5.0,-5.0,-5.0,-5.0,-3.0,-5.0,-5.0,-5.0,-2.0,-5.0,-5.0,-5.0,5.0,-5.0,-2.0,-5.0,-2.0,-5.0,3.0,-3.0
173,Mark Begich,Mark_Begich,2014,Mark_Begich_2014,119579,AK,http://www.ontheissues.org/Senate/Mark_Begich.htm,111668.0,244998,0,45.6%,-5.0,-5.0,-5.0,0.0,-5.0,-5.0,-3.0,-2.0,3.0,5.0,-5.0,-2.0,0.0,-5.0,3.0,-5.0,3.0,2.0,3.0,-3.0
174,Mark Callahan,Mark_Callahan,2016,Mark_Callahan_2016,1038632,OR,http://www.ontheissues.org/Senate/Mark_Callahan.htm,616203.0,1831498,0,33.6%,5.0,0.0,5.0,5.0,5.0,0.0,5.0,5.0,0.0,5.0,5.0,5.0,0.0,5.0,3.0,-2.0,5.0,5.0,0.0,2.0
175,Mark Clayton,Mark_Clayton,2012,Mark_Clayton_2012,1496668,TN,http://www.ontheissues.org/Senate/Mark_Clayton.htm,700753.0,2304341,0,30.4%,5.0,0.0,5.0,0.0,0.0,0.0,0.0,,0.0,0.0,-3.0,5.0,-5.0,,-2.0,,-5.0,0.0,0.0,
176,Mark Kirk,Mark_Kirk,2010,Mark_Kirk_2010,1778698,IL,http://www.ontheissues.org/Senate/Mark_Kirk.htm,1778698.0,3703901,1,48.0%,-5.0,-3.0,-5.0,3.0,2.0,2.0,2.0,-5.0,3.0,-5.0,5.0,0.0,2.0,5.0,3.0,-5.0,3.0,-3.0,3.0,2.0
177,Mark Kirk,Mark_Kirk,2016,Mark_Kirk_2016,2908363,IL,http://www.ontheissues.org/Senate/Mark_Kirk.htm,2150099.0,5344495,0,40.2%,-5.0,-3.0,-5.0,3.0,2.0,2.0,2.0,-5.0,3.0,-5.0,5.0,0.0,2.0,5.0,3.0,-5.0,3.0,-3.0,3.0,2.0
178,Mark Pryor,Mark_Pryor,2014,Mark_Pryor_2014,476309,AR,http://www.ontheissues.org/Senate/Mark_Pryor.htm,332669.0,842798,0,39.5%,0.0,-5.0,-5.0,0.0,-3.0,-5.0,-5.0,0.0,0.0,2.0,-3.0,-2.0,5.0,-3.0,-2.0,3.0,5.0,-3.0,3.0,-5.0
179,Mark Swaney,Mark_Swaney,2014,Mark_Swaney_2014,476309,AR,http://www.ontheissues.org/Senate/Mark_Swaney.htm,16717.0,842798,0,2.0%,-5.0,-5.0,-5.0,-5.0,-5.0,-5.0,-5.0,-5.0,-5.0,-3.0,-5.0,-2.0,-3.0,-5.0,-5.0,-5.0,0.0,-5.0,-5.0,-5.0
180,Mark Udall,Mark_Udall,2014,Mark_Udall_2014,965974,CO,http://www.ontheissues.org/Senate/Mark_Udall.htm,916245.0,1991607,0,46.0%,-5.0,-5.0,-5.0,-5.0,-5.0,-3.0,-5.0,-5.0,-2.0,-5.0,-3.0,-2.0,2.0,-5.0,-2.0,-2.0,-2.0,-5.0,-2.0,-5.0
181,Mark Warner,Mark_Warner,2014,Mark_Warner_2014,1071283,VA,http://www.ontheissues.org/Senate/Mark_Warner.htm,1071283.0,2179235,1,49.2%,-2.0,-5.0,-2.0,3.0,-3.0,2.0,0.0,-2.0,3.0,5.0,-3.0,3.0,2.0,2.0,0.0,-5.0,3.0,-3.0,5.0,-3.0
182,Mark Zaccaria,Mark_Zaccaria,2014,Mark_Zaccaria_2014,222776,RI,http://www.ontheissues.org/Senate/Mark_Zaccaria.htm,92389.0,315165,0,29.3%,3.0,5.0,5.0,5.0,5.0,5.0,5.0,0.0,5.0,5.0,5.0,5.0,-5.0,2.0,3.0,3.0,5.0,5.0,5.0,5.0
183,Martin Heinrich,Martin_Heinrich,2012,Martin_Heinrich_2012,389274,NM,http://www.ontheissues.org/Senate/Martin_Heinrich.htm,389274.0,763922,1,51.0%,-5.0,-5.0,-5.0,-2.0,-5.0,-5.0,-5.0,-5.0,0.0,2.0,-5.0,-2.0,-5.0,0.0,0.0,-5.0,3.0,-5.0,0.0,-5.0
184,Mary Landrieu,Mary_Landrieu,2014,Mary_Landrieu_2014,618840,LA,http://www.ontheissues.org/Senate/Mary_Landrieu.htm,618840.0,1470692,1,42.1%,-2.0,-5.0,-5.0,3.0,-3.0,-3.0,-3.0,-2.0,-2.0,-3.0,-3.0,0.0,2.0,-3.0,-2.0,-2.0,3.0,2.0,3.0,-3.0
185,Matt Silverstein,Matt_Silverstein,2014,Matt_Silverstein_2014,557537,OK,http://www.ontheissues.org/Senate/Matt_Silverstein.htm,233932.0,819679,0,28.5%,0.0,-5.0,-5.0,0.0,-3.0,-3.0,-3.0,0.0,3.0,2.0,2.0,3.0,0.0,0.0,5.0,-2.0,0.0,2.0,0.0,5.0
186,Mazie Hirono,Mazie_Hirono,2012,Mazie_Hirono_2012,266435,HI,http://www.ontheissues.org/Senate/Mazie_Hirono.htm,266435.0,425437,1,62.6%,-5.0,-5.0,-5.0,3.0,-5.0,-5.0,-5.0,-5.0,-2.0,-5.0,-5.0,0.0,-3.0,-5.0,-5.0,-5.0,-2.0,-5.0,-2.0,-5.0
187,Michael Baumgartner,Michael_Baumgartner,2012,Michael_Baumgartner_2012,1714271,WA,http://www.ontheissues.org/Senate/Michael_Baumgartner.htm,1135453.0,2849724,0,39.8%,5.0,0.0,5.0,0.0,5.0,-3.0,-3.0,,0.0,2.0,2.0,5.0,0.0,,-2.0,,-5.0,5.0,3.0,
188,Michael Bennet,Michael_Bennet,2010,Michael_Bennet_2010,851590,CO,http://www.ontheissues.org/Senate/Michael_Bennet.htm,851590.0,1766423,1,48.2%,-5.0,-5.0,-5.0,0.0,-3.0,-5.0,-3.0,-2.0,0.0,-3.0,-5.0,-5.0,2.0,-5.0,5.0,-5.0,3.0,-3.0,5.0,-3.0
189,Michael Bennet,Michael_Bennet,2016,Michael_Bennet_2016,1246357,CO,http://www.ontheissues.org/Senate/Michael_Bennet.htm,1246357.0,2534471,1,49.2%,-5.0,-5.0,-5.0,0.0,-3.0,-5.0,-3.0,-2.0,0.0,-3.0,-5.0,-5.0,2.0,-5.0,5.0,-5.0,3.0,-3.0,5.0,-3.0
190,Michael Cavlan,Michael_Cavlan,2012,Michael_Cavlan_2012,1856196,MN,http://www.ontheissues.org/Senate/Michael_Cavlan.htm,14009.0,2843400,0,0.5%,-5.0,-5.0,-5.0,3.0,-5.0,-5.0,-5.0,,-2.0,-3.0,-5.0,-2.0,-5.0,,-5.0,,-5.0,-5.0,-5.0,
191,Mike Crapo,Michael_Crapo,2010,Michael_Crapo_2010,319953,ID,http://www.ontheissues.org/Senate/Michael_Crapo.htm,319953.0,449439,1,71.2%,5.0,-3.0,5.0,5.0,2.0,5.0,5.0,-2.0,5.0,5.0,5.0,5.0,2.0,5.0,5.0,5.0,5.0,5.0,3.0,2.0
192,Mike Crapo,Michael_Crapo,2016,Michael_Crapo_2016,447342,ID,http://www.ontheissues.org/Senate/Michael_Crapo.htm,447342.0,677091,1,66.1%,5.0,-3.0,5.0,5.0,2.0,5.0,5.0,-2.0,5.0,5.0,5.0,5.0,2.0,5.0,5.0,5.0,5.0,5.0,3.0,2.0
193,Michael Enzi,Michael_Enzi,2014,Michael_Enzi_2014,119534,WY,http://www.ontheissues.org/Senate/Michael_Enzi.htm,119534.0,165354,1,72.3%,5.0,5.0,5.0,3.0,2.0,5.0,5.0,3.0,3.0,5.0,5.0,5.0,2.0,5.0,5.0,3.0,5.0,5.0,-2.0,5.0
194,Michael Pryce,Michael_Pryce,2010,Michael_Pryce_2010,2168736,OH,http://www.ontheissues.org/Senate/Michael_Pryce.htm,142410.0,3814432,0,3.7%,5.0,5.0,5.0,0.0,5.0,0.0,5.0,,5.0,5.0,5.0,5.0,5.0,,0.0,,-2.0,2.0,5.0,
195,Michelle Nunn,Michelle_Nunn,2014,Michelle_Nunn_2014,1355392,GA,http://www.ontheissues.org/Senate/Michelle_Nunn.htm,1154388.0,2558710,0,45.1%,-5.0,-5.0,-2.0,0.0,-5.0,-3.0,-5.0,-5.0,0.0,-3.0,5.0,-2.0,2.0,-5.0,3.0,-5.0,0.0,2.0,0.0,-3.0
196,Mike Lee,Mike_Lee,2010,Mike_Lee_2010,390179,UT,http://www.ontheissues.org/Senate/Mike_Lee.htm,390179.0,633801,1,61.6%,5.0,2.0,5.0,5.0,5.0,2.0,2.0,5.0,-2.0,5.0,5.0,5.0,5.0,5.0,5.0,-2.0,5.0,5.0,0.0,5.0
197,Mike Lee,Mike_Lee,2016,Mike_Lee_2016,659769,UT,http://www.ontheissues.org/Senate/Mike_Lee.htm,659769.0,970511,1,68.0%,5.0,2.0,5.0,5.0,5.0,2.0,2.0,5.0,-2.0,5.0,5.0,5.0,5.0,5.0,5.0,-2.0,5.0,5.0,0.0,5.0
198,Mike McFadden,Mike_McFadden,2014,Mike_McFadden_2014,1052794,MN,http://www.ontheissues.org/Senate/Mike_McFadden.htm,849932.0,1980016,0,42.9%,0.0,2.0,-2.0,0.0,2.0,2.0,2.0,5.0,0.0,-3.0,5.0,-2.0,5.0,2.0,0.0,0.0,-2.0,5.0,0.0,5.0
199,Mike Rounds,Mike_Rounds,2014,Mike_Rounds_2014,140721,SD,http://www.ontheissues.org/Senate/Mike_Rounds.htm,140721.0,279326,1,50.4%,5.0,5.0,3.0,0.0,2.0,2.0,0.0,5.0,5.0,5.0,0.0,-2.0,5.0,0.0,5.0,-2.0,0.0,2.0,5.0,5.0
200,Michael Thurmond,Mike_Thurmond,2010,Mike_Thurmond_2010,1489904,GA,http://www.ontheissues.org/Senate/Mike_Thurmond.htm,996516.0,2555170,0,39.0%,0.0,0.0,0.0,0.0,-3.0,2.0,-3.0,,0.0,-3.0,2.0,0.0,2.0,,0.0,,-2.0,-3.0,0.0,
201,Mike Workman,Mike_Workman,2016,Mike_Workman_2016,979728,OK,http://www.ontheissues.org/Senate/Mike_Workman.htm,355389.0,1446141,0,24.6%,-5.0,0.0,-5.0,0.0,-5.0,0.0,-5.0,0.0,0.0,5.0,0.0,-5.0,-3.0,0.0,0.0,-5.0,0.0,-5.0,0.0,-3.0
202,Misty Snow,Misty_Snow,2016,Misty_Snow_2016,659769,UT,http://www.ontheissues.org/Senate/Misty_Snow.htm,265674.0,970511,0,27.4%,-5.0,-5.0,-5.0,0.0,-5.0,2.0,0.0,-5.0,-5.0,-5.0,0.0,-5.0,0.0,0.0,0.0,-5.0,0.0,-5.0,-5.0,0.0
203,Mitch McConnell,Mitch_McConnell,2014,Mitch_McConnell_2014,806795,KY,http://www.ontheissues.org/Senate/Mitch_McConnell.htm,806795.0,1435734,1,56.2%,5.0,2.0,5.0,3.0,5.0,5.0,5.0,3.0,3.0,5.0,5.0,3.0,5.0,5.0,5.0,5.0,5.0,5.0,5.0,5.0
204,Monica Wehby,Monica_Wehby,2014,Monica_Wehby_2014,744516,OR,http://www.ontheissues.org/Senate/Monica_Wehby.htm,498191.0,1334458,0,37.3%,-2.0,5.0,-2.0,0.0,5.0,2.0,5.0,5.0,0.0,5.0,2.0,3.0,2.0,5.0,5.0,-2.0,3.0,5.0,0.0,5.0
205,Natalie Tennant,Natalie_Tennant,2014,Natalie_Tennant_2014,280123,WV,http://www.ontheissues.org/Senate/Natalie_Tennant.htm,155456.0,450931,0,34.5%,-2.0,-3.0,-2.0,0.0,-3.0,-3.0,-5.0,3.0,3.0,5.0,-3.0,5.0,-3.0,0.0,3.0,-2.0,5.0,5.0,-2.0,0.0
206,Nathan LaFrance,Nathan_LaFrance,2014,Nathan_LaFrance_2014,476309,AR,http://www.ontheissues.org/Senate/Nathan_LaFrance.htm,17103.0,842798,0,2.0%,3.0,2.0,-5.0,5.0,5.0,2.0,2.0,-2.0,3.0,5.0,5.0,-2.0,2.0,5.0,-2.0,0.0,-5.0,2.0,3.0,5.0
207,Nels Mitchell,Nels_Mitchell,2014,Nels_Mitchell_2014,285322,ID,http://www.ontheissues.org/Senate/Nels_Mitchell.htm,151697.0,437019,0,34.7%,-5.0,-3.0,0.0,0.0,-3.0,-5.0,-5.0,-2.0,0.0,2.0,-5.0,-2.0,-3.0,0.0,3.0,-2.0,-2.0,-5.0,0.0,-3.0
208,Orrin Hatch,Orrin_Hatch,2012,Orrin_Hatch_2012,595972,UT,http://www.ontheissues.org/Senate/Orrin_Hatch.htm,595972.0,907663,1,65.7%,3.0,5.0,5.0,5.0,2.0,2.0,5.0,3.0,3.0,5.0,5.0,3.0,5.0,5.0,5.0,3.0,5.0,5.0,5.0,5.0
209,Pat Roberts,Pat_Roberts,2014,Pat_Roberts_2014,449974,KS,http://www.ontheissues.org/Senate/Pat_Roberts.htm,449974.0,844874,1,53.3%,5.0,5.0,5.0,3.0,2.0,5.0,5.0,-2.0,5.0,5.0,5.0,5.0,5.0,5.0,5.0,5.0,5.0,2.0,3.0,2.0
210,Pat Toomey,Pat_Toomey,2010,Pat_Toomey_2010,2028945,PA,http://www.ontheissues.org/Senate/Pat_Toomey.htm,2028945.0,3977661,1,51.0%,5.0,-3.0,5.0,5.0,2.0,5.0,5.0,5.0,3.0,5.0,5.0,5.0,2.0,5.0,5.0,3.0,5.0,5.0,5.0,5.0
211,Pat Toomey,Pat_Toomey,2016,Pat_Toomey_2016,2893833,PA,http://www.ontheissues.org/Senate/Pat_Toomey.htm,2893833.0,5918063,1,48.9%,5.0,-3.0,5.0,5.0,2.0,5.0,5.0,5.0,3.0,5.0,5.0,5.0,2.0,5.0,5.0,3.0,5.0,5.0,5.0,5.0
212,Patrick Leahy,Patrick_Leahy,2010,Patrick_Leahy_2010,151281,VT,http://www.ontheissues.org/Senate/Patrick_Leahy.htm,151281.0,229070,1,66.0%,-2.0,-5.0,-5.0,-5.0,-5.0,-5.0,-5.0,-5.0,-2.0,-3.0,-5.0,-5.0,-3.0,-5.0,-2.0,-2.0,-5.0,-5.0,-5.0,-5.0
213,Patrick Leahy,Patrick_Leahy,2016,Patrick_Leahy_2016,191855,VT,http://www.ontheissues.org/Senate/Patrick_Leahy.htm,191855.0,312897,1,61.3%,-2.0,-5.0,-5.0,-5.0,-5.0,-5.0,-5.0,-5.0,-2.0,-3.0,-5.0,-5.0,-3.0,-5.0,-2.0,-2.0,-5.0,-5.0,-5.0,-5.0
214,Patrick Murphy,Patrick_Murphy,2016,Patrick_Murphy_2016,4822182,FL,http://www.ontheissues.org/Senate/Patrick_Murphy.htm,4105251.0,9270422,0,44.3%,-5.0,-5.0,-5.0,0.0,-5.0,-3.0,-5.0,-5.0,3.0,-3.0,-5.0,-5.0,2.0,-3.0,5.0,-5.0,0.0,-5.0,-2.0,-3.0
215,Patrick Wiesner,Patrick_Wiesner,2016,Patrick_Wiesner_2016,716661,KS,http://www.ontheissues.org/Senate/Patrick_Wiesner.htm,368672.0,1148761,0,32.1%,0.0,0.0,0.0,0.0,0.0,0.0,-5.0,0.0,0.0,0.0,2.0,0.0,0.0,0.0,3.0,-2.0,0.0,5.0,0.0,0.0
216,Patty Judge,Patty_Judge,2016,Patty_Judge_2016,923280,IA,http://www.ontheissues.org/Senate/Patty_Judge.htm,546974.0,1533850,0,35.7%,-5.0,-5.0,-5.0,0.0,-5.0,-3.0,-5.0,-5.0,-5.0,-5.0,-5.0,-5.0,-5.0,-5.0,-2.0,-2.0,-2.0,-5.0,-2.0,-5.0
217,Patty Murray,Patty_Murray,2010,Patty_Murray_2010,1314930,WA,http://www.ontheissues.org/Senate/Patty_Murray.htm,1314930.0,2511094,1,52.4%,-5.0,-5.0,-5.0,-5.0,-5.0,-5.0,-5.0,-5.0,-2.0,-5.0,-5.0,-5.0,5.0,-5.0,3.0,-2.0,-2.0,-5.0,-5.0,-5.0
218,Patty Murray,Patty_Murray,2016,Patty_Murray_2016,1765333,WA,http://www.ontheissues.org/Senate/Patty_Murray.htm,1765333.0,2986088,1,59.1%,-5.0,-5.0,-5.0,-5.0,-5.0,-5.0,-5.0,-5.0,-2.0,-5.0,-5.0,-5.0,5.0,-5.0,3.0,-2.0,-2.0,-5.0,-5.0,-5.0
219,Paul Hodes,Paul_Hodes,2010,Paul_Hodes_2010,273218,NH,http://www.ontheissues.org/Senate/Paul_Hodes.htm,167545.0,455149,0,36.8%,-5.0,-5.0,-5.0,0.0,-5.0,-3.0,-3.0,,-5.0,5.0,-5.0,3.0,-3.0,,-5.0,,-2.0,-5.0,-2.0,
220,Paul Sadler,Paul_Sadler,2012,Paul_Sadler_2012,4456599,TX,http://www.ontheissues.org/Senate/Paul_Sadler.htm,3183314.0,7869166,0,40.5%,-2.0,-3.0,-2.0,-2.0,-5.0,-5.0,-5.0,,3.0,-5.0,-5.0,-5.0,-3.0,,5.0,,0.0,-5.0,5.0,
221,Pete Hoekstra,Peter_Hoekstra,2012,Peter_Hoekstra_2012,2732886,MI,http://www.ontheissues.org/Senate/Peter_Hoekstra.htm,1765548.0,4648049,0,38.0%,5.0,2.0,5.0,5.0,2.0,5.0,5.0,,-2.0,5.0,5.0,5.0,-3.0,,5.0,,5.0,5.0,3.0,
222,Phil Anderson,Phil_Anderson,2016,Phil_Anderson_2016,1478170,WI,http://www.ontheissues.org/Senate/Phil_Anderson.htm,87392.0,2944484,0,3.0%,-5.0,5.0,-5.0,-5.0,5.0,5.0,5.0,5.0,-5.0,2.0,5.0,-5.0,5.0,-3.0,-5.0,-5.0,-5.0,-3.0,-5.0,5.0
223,Rand Paul,Rand_Paul,2010,Rand_Paul_2010,755411,KY,http://www.ontheissues.org/Senate/Rand_Paul.htm,755411.0,1356468,1,55.7%,5.0,2.0,3.0,-2.0,5.0,2.0,5.0,5.0,-5.0,5.0,5.0,-2.0,5.0,-3.0,-2.0,-2.0,-5.0,5.0,-5.0,2.0
224,Rand Paul,Rand_Paul,2016,Rand_Paul_2016,1090151,KY,http://www.ontheissues.org/Senate/Rand_Paul.htm,1090151.0,1903373,1,57.3%,5.0,2.0,3.0,-2.0,5.0,2.0,5.0,5.0,-5.0,5.0,5.0,-2.0,5.0,-3.0,-2.0,-2.0,-5.0,5.0,-5.0,2.0
225,Randall Batson,Randall_Batson,2014,Randall_Batson_2014,449974,KS,http://www.ontheissues.org/Senate/Randall_Batson.htm,36002.0,844874,0,4.3%,3.0,2.0,-2.0,3.0,5.0,5.0,5.0,3.0,-5.0,5.0,5.0,3.0,5.0,5.0,-5.0,3.0,-5.0,5.0,-5.0,5.0
226,Raul Acosta,Raul_Acosta,2014,Raul_Acosta_2014,965974,CO,http://www.ontheissues.org/Senate/Raul_Acosta.htm,23342.0,1991607,0,1.2%,5.0,-5.0,5.0,5.0,-3.0,5.0,-5.0,,-5.0,-5.0,5.0,2.0,-3.0,,0.0,,-5.0,-3.0,-5.0,
227,Ray Metcalfe,Ray_Metcalfe,2016,Ray_Metcalfe_2016,111382,AK,http://www.ontheissues.org/Senate/Ray_Metcalfe.htm,28026.0,251644,0,11.1%,-5.0,-5.0,0.0,0.0,-5.0,0.0,-3.0,-5.0,0.0,5.0,-5.0,0.0,-5.0,0.0,0.0,-2.0,0.0,-5.0,-5.0,0.0
228,Richard Blumenthal,Richard_Blumenthal,2010,Richard_Blumenthal_2010,636040,CT,http://www.ontheissues.org/Senate/Richard_Blumenthal.htm,636040.0,1145656,1,55.5%,-5.0,-5.0,-2.0,-2.0,-5.0,-5.0,-3.0,-5.0,3.0,-5.0,-5.0,-2.0,-3.0,-5.0,5.0,-5.0,-2.0,-5.0,0.0,-5.0
229,Richard Blumenthal,Richard_Blumenthal,2016,Richard_Blumenthal_2016,986291,CT,http://www.ontheissues.org/Senate/Richard_Blumenthal.htm,986291.0,1567124,1,62.9%,-5.0,-5.0,-2.0,-2.0,-5.0,-5.0,-3.0,-5.0,3.0,-5.0,-5.0,-2.0,-3.0,-5.0,5.0,-5.0,-2.0,-5.0,0.0,-5.0
230,Richard Burr,Richard_Burr,2010,Richard_Burr_2010,1458046,NC,http://www.ontheissues.org/Senate/Richard_Burr.htm,1458046.0,2660079,1,54.8%,5.0,0.0,5.0,5.0,5.0,5.0,2.0,3.0,3.0,5.0,5.0,3.0,2.0,5.0,5.0,3.0,5.0,5.0,5.0,5.0
231,Richard Burr,Richard_Burr,2016,Richard_Burr_2016,2371192,NC,http://www.ontheissues.org/Senate/Richard_Burr.htm,2371192.0,4639177,1,51.1%,5.0,0.0,5.0,5.0,5.0,5.0,2.0,3.0,3.0,5.0,5.0,3.0,2.0,5.0,5.0,3.0,5.0,5.0,5.0,5.0
232,Richard Carmona,Richard_Carmona,2012,Richard_Carmona_2012,1024459,AZ,http://www.ontheissues.org/Senate/Richard_Carmona.htm,943660.0,2059710,0,45.8%,-5.0,-3.0,-2.0,0.0,-3.0,-5.0,-5.0,,0.0,2.0,2.0,-5.0,0.0,,3.0,,5.0,-5.0,-2.0,
233,Richard Durbin,Richard_Durbin,2014,Richard_Durbin_2014,1850862,IL,http://www.ontheissues.org/Senate/Richard_Durbin.htm,1850862.0,3485566,1,53.1%,-5.0,-5.0,-5.0,-2.0,-3.0,-3.0,-5.0,-2.0,-2.0,-5.0,-5.0,-5.0,-3.0,-5.0,-5.0,-2.0,-2.0,-5.0,-2.0,-5.0
234,Richard Mourdock,Richard_Mourdock,2012,Richard_Mourdock_2012,1268407,IN,http://www.ontheissues.org/Senate/Richard_Mourdock.htm,1126832.0,2541692,0,44.3%,5.0,5.0,5.0,3.0,5.0,2.0,5.0,,3.0,5.0,5.0,5.0,2.0,,5.0,,5.0,5.0,5.0,
235,Richard Shelby,Richard_Shelby,2010,Richard_Shelby_2010,968181,AL,http://www.ontheissues.org/Senate/Richard_Shelby.htm,968181.0,1483800,1,65.3%,5.0,5.0,5.0,3.0,2.0,2.0,5.0,-2.0,3.0,5.0,5.0,5.0,-3.0,5.0,5.0,3.0,5.0,5.0,5.0,2.0
236,Richard Shelby,Richard_Shelby,2016,Richard_Shelby_2016,1323184,AL,http://www.ontheissues.org/Senate/Richard_Shelby.htm,1323184.0,2060726,1,64.2%,5.0,5.0,5.0,3.0,2.0,2.0,5.0,-2.0,3.0,5.0,5.0,5.0,-3.0,5.0,5.0,3.0,5.0,5.0,5.0,2.0
237,Rick Berg,Rick_Berg,2012,Rick_Berg_2012,160752,ND,http://www.ontheissues.org/Senate/Rick_Berg.htm,157758.0,318510,0,49.5%,5.0,5.0,5.0,3.0,5.0,-3.0,5.0,,5.0,5.0,5.0,5.0,5.0,,5.0,,3.0,2.0,5.0,
238,Rick Weiland,Rick_Weiland,2014,Rick_Weiland_2014,140721,SD,http://www.ontheissues.org/Senate/Rick_Weiland.htm,82408.0,279326,0,29.5%,-5.0,-3.0,-5.0,-2.0,-5.0,-5.0,0.0,-5.0,5.0,-5.0,-5.0,-5.0,-5.0,2.0,3.0,-5.0,-5.0,-5.0,5.0,2.0
239,Rob Maness,Rob_Maness,2014,Rob_Maness_2014,618840,LA,http://www.ontheissues.org/Senate/Rob_Maness.htm,202413.0,1470692,0,13.8%,5.0,2.0,5.0,3.0,5.0,0.0,5.0,3.0,3.0,5.0,2.0,5.0,2.0,5.0,5.0,3.0,3.0,5.0,5.0,5.0
240,Rob Maness,Rob_Maness,2016,Rob_Maness_2016,482380,LA,http://www.ontheissues.org/Senate/Rob_Maness.htm,90812.0,1932481,0,4.7%,5.0,2.0,5.0,3.0,5.0,0.0,5.0,3.0,3.0,5.0,2.0,5.0,2.0,5.0,5.0,3.0,3.0,5.0,5.0,5.0
241,Rob Portman,Rob_Portman,2010,Rob_Portman_2010,2168736,OH,http://www.ontheissues.org/Senate/Rob_Portman.htm,2168736.0,3814432,1,56.9%,5.0,2.0,0.0,5.0,5.0,2.0,5.0,-2.0,5.0,5.0,5.0,-2.0,5.0,5.0,5.0,3.0,5.0,5.0,3.0,2.0
242,Rob Portman,Rob_Portman,2016,Rob_Portman_2016,3048467,OH,http://www.ontheissues.org/Senate/Rob_Portman.htm,3048467.0,5227520,1,58.3%,5.0,2.0,0.0,5.0,5.0,2.0,5.0,-2.0,5.0,5.0,5.0,-2.0,5.0,5.0,5.0,3.0,5.0,5.0,3.0,2.0
243,Rob Sobhani,Rob_Sobhani,2012,Rob_Sobhani_2012,1335706,MD,http://www.ontheissues.org/Senate/Rob_Sobhani.htm,409785.0,2417279,0,17.0%,0.0,0.0,0.0,0.0,-3.0,0.0,0.0,,0.0,0.0,2.0,5.0,2.0,,3.0,,-5.0,-3.0,0.0,
244,Robert Marquette,Robert_Marquette,2016,Robert_Marquette_2016,267964,ND,http://www.ontheissues.org/Senate/Robert_Marquette.htm,10521.0,341122,0,3.1%,-5.0,0.0,-5.0,0.0,2.0,5.0,0.0,-5.0,-5.0,5.0,5.0,-2.0,-3.0,-3.0,-5.0,-2.0,-5.0,5.0,-5.0,5.0
245,Robert Menendez,Robert_Menendez,2012,Robert_Menendez_2012,1828417,NJ,http://www.ontheissues.org/Senate/Robert_Menendez.htm,1828417.0,3126860,1,58.5%,-5.0,-5.0,-5.0,-2.0,-5.0,-5.0,-5.0,-5.0,3.0,-5.0,-5.0,-5.0,-3.0,-5.0,3.0,-2.0,-2.0,-5.0,-2.0,-5.0
246,Robert Sarvis,Robert_Sarvis,2014,Robert_Sarvis_2014,1071283,VA,http://www.ontheissues.org/Senate/Robert_Sarvis.htm,53396.0,2179235,0,2.5%,-2.0,5.0,-5.0,0.0,2.0,0.0,5.0,-2.0,-2.0,5.0,5.0,-2.0,0.0,0.0,0.0,5.0,-2.0,-3.0,-5.0,5.0
247,Robin Carnahan,Robin_Carnahan,2010,Robin_Carnahan_2010,1054160,MO,http://www.ontheissues.org/Senate/Robin_Carnahan.htm,789736.0,1943868,0,40.6%,-5.0,-3.0,-2.0,0.0,-5.0,-3.0,2.0,,3.0,-5.0,5.0,-5.0,-3.0,,3.0,,0.0,-5.0,0.0,
248,Rodney Glassman,Rodney_Glassman,2010,Rodney_Glassman_2010,1005615,AZ,http://www.ontheissues.org/Senate/Rodney_Glassman.htm,592011.0,1713114,0,34.6%,-2.0,-5.0,-5.0,0.0,-3.0,-5.0,-3.0,,0.0,-3.0,-5.0,3.0,0.0,,3.0,,-5.0,-5.0,0.0,
249,Roger Wicker,Roger_Wicker,2012,Roger_Wicker_2012,673223,MS,http://www.ontheissues.org/Senate/Roger_Wicker.htm,673223.0,1173198,1,57.4%,5.0,2.0,5.0,5.0,2.0,2.0,5.0,0.0,5.0,5.0,5.0,5.0,5.0,5.0,5.0,0.0,5.0,5.0,5.0,2.0
250,Ron Crumpton,Ron_Crumpton,2016,Ron_Crumpton_2016,1323184,AL,http://www.ontheissues.org/Senate/Ron_Crumpton.htm,737542.0,2060726,0,35.8%,-2.0,-5.0,-5.0,-5.0,-5.0,-5.0,-5.0,-5.0,-5.0,5.0,-3.0,-5.0,-5.0,2.0,-2.0,-5.0,0.0,-5.0,-5.0,-5.0
251,Ron Johnson,Ron_Johnson,2010,Ron_Johnson_2010,1125999,WI,http://www.ontheissues.org/Senate/Ron_Johnson.htm,1125999.0,2171068,1,51.9%,5.0,2.0,5.0,5.0,5.0,5.0,2.0,5.0,-2.0,5.0,5.0,5.0,2.0,5.0,3.0,-2.0,3.0,5.0,3.0,5.0
252,Ron Johnson,Ron_Johnson,2016,Ron_Johnson_2016,1478170,WI,http://www.ontheissues.org/Senate/Ron_Johnson.htm,1478170.0,2944484,1,50.2%,5.0,2.0,5.0,5.0,5.0,5.0,2.0,5.0,-2.0,5.0,5.0,5.0,2.0,5.0,3.0,-2.0,3.0,5.0,3.0,5.0
253,Ron Wyden,Ron_Wyden,2010,Ron_Wyden_2010,825507,OR,http://www.ontheissues.org/Senate/Ron_Wyden.htm,825507.0,1428122,1,57.8%,-5.0,-5.0,-5.0,-5.0,-3.0,-5.0,-5.0,-2.0,3.0,-5.0,-5.0,-2.0,2.0,-5.0,-2.0,-5.0,-2.0,-5.0,-2.0,-3.0
254,Ron Wyden,Ron_Wyden,2016,Ron_Wyden_2016,1038632,OR,http://www.ontheissues.org/Senate/Ron_Wyden.htm,1038632.0,1831498,1,56.7%,-5.0,-5.0,-5.0,-5.0,-3.0,-5.0,-5.0,-2.0,3.0,-5.0,-5.0,-2.0,2.0,-5.0,-2.0,-5.0,-2.0,-5.0,-2.0,-3.0
255,Roxanne Conlin,Roxanne_Conlin,2010,Roxanne_Conlin_2010,718215,IA,http://www.ontheissues.org/Senate/Roxanne_Conlin.htm,371686.0,1116063,0,33.3%,-5.0,-5.0,-5.0,0.0,-5.0,-5.0,-3.0,,0.0,-5.0,-3.0,5.0,-5.0,,-2.0,,-2.0,-5.0,3.0,
256,Roy Blunt,Roy_Blunt,2010,Roy_Blunt_2010,1054160,MO,http://www.ontheissues.org/Senate/Roy_Blunt.htm,1054160.0,1943868,1,54.2%,5.0,2.0,5.0,5.0,5.0,5.0,2.0,3.0,3.0,5.0,5.0,3.0,5.0,5.0,5.0,-2.0,5.0,5.0,5.0,2.0
257,Roy Blunt,Roy_Blunt,2016,Roy_Blunt_2016,1370240,MO,http://www.ontheissues.org/Senate/Roy_Blunt.htm,1370240.0,2776136,1,49.4%,5.0,2.0,5.0,5.0,5.0,5.0,2.0,3.0,3.0,5.0,5.0,3.0,5.0,5.0,5.0,-2.0,5.0,5.0,5.0,2.0
258,Russ Feingold,Russell_Feingold,2010,Russell_Feingold_2010,1125999,WI,http://www.ontheissues.org/Senate/Russell_Feingold.htm,1020958.0,2171068,0,47.0%,-5.0,-5.0,-5.0,-5.0,-5.0,-5.0,-5.0,-5.0,-2.0,-5.0,-5.0,-5.0,-5.0,-5.0,-2.0,-5.0,-5.0,-3.0,-2.0,-5.0
259,Russ Feingold,Russell_Feingold,2016,Russell_Feingold_2016,1478170,WI,http://www.ontheissues.org/Senate/Russell_Feingold.htm,1378922.0,2944484,0,46.8%,-5.0,-5.0,-5.0,-5.0,-5.0,-5.0,-5.0,-5.0,-2.0,-5.0,-5.0,-5.0,-5.0,-5.0,-2.0,-5.0,-5.0,-3.0,-2.0,-5.0
260,Sam Granato,Sam_Granato,2010,Sam_Granato_2010,390179,UT,http://www.ontheissues.org/Senate/Sam_Granato.htm,207685.0,633801,0,32.8%,0.0,-3.0,-5.0,0.0,-3.0,-3.0,0.0,,0.0,-3.0,-3.0,-5.0,0.0,,-5.0,,0.0,-5.0,0.0,
261,Scott Brown,Scott_Brown,2012,Scott_Brown_2012,1678408,MA,http://www.ontheissues.org/Senate/Scott_Brown.htm,1449180.0,3127588,0,46.3%,3.0,2.0,-2.0,3.0,5.0,0.0,5.0,-2.0,5.0,-3.0,5.0,5.0,-3.0,-3.0,5.0,3.0,5.0,2.0,5.0,5.0
262,Scott Brown,Scott_Brown,2014,Scott_Brown_2014,250722,NH,http://www.ontheissues.org/Senate/Scott_Brown.htm,234846.0,485568,0,48.4%,3.0,2.0,-2.0,3.0,5.0,0.0,5.0,-2.0,5.0,-3.0,5.0,5.0,-3.0,-3.0,5.0,3.0,5.0,2.0,5.0,5.0
263,Scott Howell,Scott_Howell,2012,Scott_Howell_2012,595972,UT,http://www.ontheissues.org/Senate/Scott_Howell.htm,275880.0,907663,0,30.4%,3.0,-5.0,3.0,3.0,-5.0,2.0,-5.0,,5.0,2.0,-5.0,-2.0,5.0,,3.0,,-2.0,-5.0,-2.0,
264,Scott McAdams,Scott_McAdams,2010,Scott_McAdams_2010,104129,AK,http://www.ontheissues.org/Senate/Scott_McAdams.htm,60045.0,255013,0,23.5%,-5.0,0.0,-2.0,3.0,-5.0,-5.0,2.0,,0.0,5.0,-5.0,0.0,-5.0,,0.0,,-2.0,2.0,0.0,
265,Scott Milne,Scott_Milne,2016,Scott_Milne_2016,191855,VT,http://www.ontheissues.org/Senate/Scott_Milne.htm,103266.0,312897,0,33.0%,3.0,5.0,-5.0,0.0,2.0,0.0,2.0,-5.0,5.0,2.0,2.0,5.0,0.0,5.0,0.0,-2.0,0.0,5.0,3.0,5.0
266,Scotty Boman,Scotty_Boman,2012,Scotty_Boman_2012,2732886,MI,http://www.ontheissues.org/Senate/Scotty_Boman.htm,84463.0,4648049,0,1.8%,3.0,5.0,-5.0,-5.0,5.0,5.0,-3.0,,-5.0,5.0,5.0,5.0,-5.0,,-5.0,,-5.0,2.0,-5.0,
267,Sean Haugh,Sean_Haugh,2014,Sean_Haugh_2014,1413269,NC,http://www.ontheissues.org/Senate/Sean_Haugh.htm,108183.0,2886210,0,3.7%,-5.0,5.0,-5.0,3.0,2.0,2.0,5.0,0.0,-5.0,2.0,-3.0,-5.0,2.0,2.0,-5.0,5.0,-5.0,5.0,-2.0,5.0
268,Sean Haugh,Sean_Haugh,2016,Sean_Haugh_2016,2371192,NC,http://www.ontheissues.org/Senate/Sean_Haugh.htm,165319.0,4639177,0,3.6%,-5.0,5.0,-5.0,3.0,2.0,2.0,5.0,0.0,-5.0,2.0,-3.0,-5.0,2.0,2.0,-5.0,5.0,-5.0,5.0,-2.0,5.0
269,Sharon Hansen,Sharon_Hansen,2014,Sharon_Hansen_2014,1850862,IL,http://www.ontheissues.org/Senate/Sharon_Hansen.htm,130762.0,3485566,0,3.8%,3.0,5.0,-2.0,5.0,5.0,2.0,5.0,5.0,-5.0,5.0,5.0,5.0,5.0,5.0,3.0,0.0,3.0,5.0,-5.0,5.0
270,Sharron Angle,Sharron_Angle,2010,Sharron_Angle_2010,362785,NV,http://www.ontheissues.org/Senate/Sharron_Angle.htm,321361.0,696317,0,46.2%,5.0,0.0,5.0,5.0,5.0,5.0,5.0,0.0,5.0,5.0,5.0,5.0,0.0,5.0,5.0,-2.0,3.0,5.0,5.0,5.0
271,Sheldon Whitehouse,Sheldon_Whitehouse,2012,Sheldon_Whitehouse_2012,265687,RI,http://www.ontheissues.org/Senate/Sheldon_Whitehouse.htm,265687.0,410307,1,64.8%,-5.0,-5.0,-5.0,0.0,-5.0,-5.0,-5.0,-5.0,-2.0,-5.0,-5.0,-5.0,-3.0,-5.0,-2.0,-5.0,-2.0,-5.0,-5.0,-5.0
272,Shelley Berkley,Shelley_Berkley,2012,Shelley_Berkley_2012,456471,NV,http://www.ontheissues.org/Senate/Shelley_Berkley.htm,444337.0,994244,0,44.7%,-5.0,-5.0,-5.0,-2.0,-5.0,-3.0,-5.0,,-5.0,-3.0,-3.0,-2.0,-3.0,,3.0,,3.0,-5.0,-5.0,
273,Shelley Capito,Shelley_Moore_Capito,2014,Shelley_Moore_Capito_2014,280123,WV,http://www.ontheissues.org/Senate/Shelley_Moore_Capito.htm,280123.0,450931,1,62.1%,3.0,-3.0,5.0,5.0,0.0,2.0,5.0,3.0,-2.0,5.0,5.0,3.0,0.0,5.0,3.0,-2.0,5.0,2.0,5.0,-3.0
274,Shenna Bellows,Shenna_Bellows,2014,Shenna_Bellows_2014,412211,ME,http://www.ontheissues.org/Senate/Shenna_Bellows.htm,189653.0,601864,0,31.5%,-5.0,-3.0,-5.0,0.0,-5.0,-3.0,-5.0,-2.0,0.0,2.0,-3.0,-2.0,-5.0,-3.0,-5.0,-5.0,-2.0,-5.0,-2.0,-3.0
275,Sherrod Brown,Sherrod_Brown,2012,Sherrod_Brown_2012,2645901,OH,http://www.ontheissues.org/Senate/Sherrod_Brown.htm,2645901.0,5258233,1,50.3%,-5.0,-5.0,-5.0,-2.0,-5.0,-5.0,-5.0,-5.0,-5.0,-5.0,-5.0,-2.0,-5.0,-5.0,-2.0,-2.0,-2.0,-5.0,-5.0,-5.0
276,Steve Daines,Steve_Daines,2014,Steve_Daines_2014,210863,MT,http://www.ontheissues.org/Senate/Steve_Daines.htm,210863.0,364176,1,57.9%,5.0,-3.0,5.0,5.0,5.0,2.0,2.0,5.0,0.0,5.0,5.0,3.0,2.0,2.0,-5.0,0.0,3.0,5.0,-5.0,0.0
277,Susan Collins,Susan_Collins,2014,Susan_Collins_2014,412211,ME,http://www.ontheissues.org/Senate/Susan_Collins.htm,412211.0,601864,1,68.5%,-5.0,-5.0,-5.0,3.0,-3.0,2.0,2.0,-5.0,0.0,2.0,5.0,-2.0,2.0,2.0,3.0,-2.0,5.0,-5.0,0.0,-3.0
278,Tammy Baldwin,Tammy_Baldwin,2012,Tammy_Baldwin_2012,1544274,WI,http://www.ontheissues.org/Senate/Tammy_Baldwin.htm,1544274.0,2999762,1,51.5%,-5.0,-5.0,-5.0,-5.0,-5.0,-3.0,-5.0,-5.0,-5.0,-5.0,-5.0,-5.0,-3.0,-5.0,-2.0,-2.0,-5.0,-5.0,-5.0,-5.0
279,Tammy Duckworth,Tammy_Duckworth,2016,Tammy_Duckworth_2016,2908363,IL,http://www.ontheissues.org/Senate/Tammy_Duckworth.htm,2908363.0,5344495,1,54.4%,-5.0,-5.0,-5.0,0.0,-5.0,-5.0,-5.0,-5.0,3.0,-5.0,-5.0,-5.0,5.0,0.0,-2.0,-5.0,-5.0,-3.0,0.0,-3.0
280,Ted Cruz,Ted_Cruz,2012,Ted_Cruz_2012,4456599,TX,http://www.ontheissues.org/Senate/Ted_Cruz.htm,4456599.0,7869166,1,56.6%,5.0,2.0,5.0,5.0,5.0,5.0,2.0,5.0,5.0,5.0,5.0,5.0,5.0,5.0,5.0,-2.0,3.0,5.0,-2.0,5.0
281,Ted Strickland,Ted_Strickland,2016,Ted_Strickland_2016,3048467,OH,http://www.ontheissues.org/Senate/Ted_Strickland.htm,1929873.0,5227520,0,36.9%,3.0,-5.0,-5.0,-2.0,-5.0,-3.0,-5.0,-5.0,-2.0,2.0,-3.0,-5.0,-5.0,-3.0,3.0,-5.0,-5.0,-3.0,-2.0,-5.0
282,Terri Lynn Land,Terri_Lynn_Land,2014,Terri_Lynn_Land_2014,1693781,MI,http://www.ontheissues.org/Senate/Terri_Lynn_Land.htm,1283850.0,3103330,0,41.4%,5.0,-3.0,3.0,0.0,2.0,5.0,2.0,3.0,0.0,5.0,5.0,5.0,-3.0,5.0,5.0,5.0,-2.0,5.0,0.0,2.0
283,Thad Cochran,Thad_Cochran,2014,Thad_Cochran_2014,370208,MS,http://www.ontheissues.org/Senate/Thad_Cochran.htm,370208.0,612842,1,60.4%,3.0,-3.0,5.0,5.0,2.0,5.0,5.0,3.0,3.0,5.0,5.0,3.0,2.0,5.0,5.0,-2.0,5.0,2.0,5.0,2.0
284,Thom Tillis,Thom_Tillis,2014,Thom_Tillis_2014,1413269,NC,http://www.ontheissues.org/Senate/Thom_Tillis.htm,1413269.0,2886210,1,49.0%,5.0,2.0,5.0,5.0,5.0,2.0,2.0,5.0,5.0,5.0,5.0,5.0,0.0,0.0,5.0,5.0,3.0,5.0,0.0,5.0
285,Thomas Clements,Thomas_Clements,2014,Thomas_Clements_2014,618840,LA,http://www.ontheissues.org/Senate/Thomas_Clements.htm,14158.0,1470692,0,1.0%,-2.0,-3.0,-5.0,5.0,5.0,5.0,2.0,3.0,-5.0,5.0,5.0,3.0,5.0,2.0,-5.0,-2.0,-2.0,5.0,-5.0,5.0
286,Thomas Clements,Thomas_Clements,2016,Thomas_Clements_2016,482380,LA,http://www.ontheissues.org/Senate/Thomas_Clements.htm,11363.0,1932481,0,0.6%,-2.0,-3.0,-5.0,5.0,5.0,5.0,2.0,3.0,-5.0,5.0,5.0,3.0,5.0,2.0,-5.0,-2.0,-2.0,5.0,-5.0,5.0
287,Thomas Dixon,Thomas_Dixon,2016,Thomas_Dixon_2016,1228844,SC,http://www.ontheissues.org/Senate/Thomas_Dixon.htm,752001.0,2029830,0,37.0%,-5.0,0.0,0.0,0.0,-5.0,0.0,-5.0,0.0,-5.0,-5.0,0.0,0.0,-3.0,-5.0,0.0,-5.0,0.0,-5.0,3.0,0.0
288,Thomas Ravenel,Thomas_Ravenel,2014,Thomas_Ravenel_2014,665605,SC,http://www.ontheissues.org/Senate/Thomas_Ravenel.htm,47205.0,1221823,0,3.9%,-2.0,0.0,-5.0,5.0,5.0,5.0,2.0,0.0,0.0,5.0,5.0,3.0,2.0,-3.0,-2.0,0.0,-5.0,5.0,-5.0,5.0
289,Tim Chesnut,Tim_Chesnut,2012,Tim_Chesnut_2012,184531,WY,http://www.ontheissues.org/Senate/Tim_Chesnut.htm,52596.0,243265,0,21.6%,-5.0,0.0,-5.0,3.0,-5.0,-5.0,-5.0,,-2.0,-3.0,-5.0,3.0,2.0,,-2.0,,-5.0,-5.0,-5.0,
290,Timothy Kaine,Tim_Kaine,2012,Tim_Kaine_2012,1944992,VA,http://www.ontheissues.org/Senate/Tim_Kaine.htm,1944992.0,3703849,1,52.5%,-2.0,-5.0,-5.0,0.0,-3.0,-5.0,-3.0,-2.0,0.0,-3.0,-5.0,-5.0,-5.0,0.0,5.0,-2.0,-2.0,-3.0,3.0,-5.0
291,Tim Scott,Tim_Scott,2016,Tim_Scott_2016,1228844,SC,http://www.ontheissues.org/Senate/Tim_Scott.htm,1228844.0,2029830,1,60.5%,5.0,2.0,5.0,5.0,5.0,5.0,5.0,3.0,0.0,5.0,5.0,5.0,0.0,5.0,5.0,-2.0,3.0,5.0,3.0,5.0
292,Todd Akin,Todd_Akin,2012,Todd_Akin_2012,1484683,MO,http://www.ontheissues.org/Senate/Todd_Akin.htm,1063698.0,2713372,0,39.2%,5.0,5.0,5.0,5.0,5.0,5.0,5.0,,3.0,5.0,5.0,5.0,-3.0,,5.0,,5.0,5.0,3.0,
293,Todd Young,Todd_Young,2016,Todd_Young_2016,1423001,IN,http://www.ontheissues.org/Senate/Todd_Young.htm,1423001.0,2730165,1,52.1%,5.0,-3.0,0.0,3.0,5.0,5.0,5.0,3.0,0.0,5.0,5.0,5.0,0.0,-3.0,5.0,-5.0,5.0,5.0,-2.0,5.0
294,Thomas Carper,Tom_Carper,2012,Tom_Carper_2012,265374,DE,http://www.ontheissues.org/Senate/Tom_Carper.htm,265374.0,399559,1,66.4%,-2.0,-3.0,-5.0,-5.0,-3.0,-3.0,-3.0,-2.0,3.0,-5.0,-3.0,-2.0,2.0,-3.0,-5.0,-5.0,3.0,-3.0,3.0,-3.0
295,Tom Coburn,Tom_Coburn,2010,Tom_Coburn_2010,718482,OK,http://www.ontheissues.org/Senate/Tom_Coburn.htm,718482.0,1009344,1,71.2%,5.0,2.0,5.0,3.0,5.0,5.0,5.0,3.0,3.0,5.0,5.0,5.0,-3.0,5.0,-2.0,-2.0,5.0,5.0,5.0,5.0
296,Tom Cotton,Tom_Cotton,2014,Tom_Cotton_2014,476309,AR,http://www.ontheissues.org/Senate/Tom_Cotton.htm,476309.0,842798,1,56.5%,5.0,2.0,5.0,5.0,5.0,5.0,5.0,5.0,-2.0,5.0,5.0,5.0,0.0,2.0,5.0,0.0,3.0,5.0,0.0,2.0
297,Tom Udall,Tom_Udall,2014,Tom_Udall_2014,280074,NM,http://www.ontheissues.org/Senate/Tom_Udall.htm,280074.0,505780,1,55.4%,-5.0,-5.0,-5.0,-5.0,-5.0,-3.0,-5.0,-5.0,-2.0,-5.0,-5.0,-5.0,-3.0,-5.0,-2.0,-2.0,-5.0,-5.0,-2.0,-5.0
298,Tommy Thompson,Tommy_Thompson,2012,Tommy_Thompson_2012,1544274,WI,http://www.ontheissues.org/Senate/Tommy_Thompson.htm,1377253.0,2999762,0,45.9%,5.0,-3.0,5.0,5.0,-3.0,-3.0,5.0,,5.0,2.0,5.0,3.0,2.0,,3.0,,0.0,2.0,3.0,
299,Tracy Potter,Tracy_Potter,2010,Tracy_Potter_2010,181689,ND,http://www.ontheissues.org/Senate/Tracy_Potter.htm,4168.0,190025,0,2.2%,-5.0,0.0,-5.0,0.0,-5.0,-3.0,-3.0,,0.0,0.0,5.0,0.0,0.0,,-5.0,,-5.0,0.0,0.0,
300,Travis Childers,Travis_Childers,2014,Travis_Childers_2014,370208,MS,http://www.ontheissues.org/Senate/Travis_Childers.htm,228974.0,612842,0,37.4%,5.0,0.0,5.0,3.0,-5.0,-5.0,-3.0,0.0,0.0,5.0,2.0,5.0,-5.0,0.0,0.0,-2.0,0.0,-3.0,3.0,-5.0
301,Wendy Long,Wendy_Long,2012,Wendy_Long_2012,4212518,NY,http://www.ontheissues.org/Senate/Wendy_Long.htm,1561893.0,5859496,0,26.7%,5.0,5.0,5.0,3.0,5.0,0.0,2.0,5.0,3.0,5.0,5.0,5.0,-5.0,0.0,5.0,-5.0,5.0,2.0,5.0,2.0
302,Wendy Long,Wendy_Long,2016,Wendy_Long_2016,4788374,NY,http://www.ontheissues.org/Senate/Wendy_Long.htm,1865072.0,6799540,0,27.4%,5.0,5.0,5.0,3.0,5.0,0.0,2.0,5.0,3.0,5.0,5.0,5.0,-5.0,0.0,5.0,-5.0,5.0,2.0,5.0,2.0
303,William Barnes,William_Barnes,2010,William_Barnes_2010,968181,AL,http://www.ontheissues.org/Senate/William_Barnes.htm,515619.0,1483800,0,34.7%,-2.0,0.0,0.0,3.0,-5.0,-5.0,-3.0,,0.0,-3.0,2.0,0.0,-5.0,,0.0,,0.0,-5.0,0.0,
